instance.no,param,algorithm,decomposition,PD.NCCCs,PD.smt,PD.wct,PS.NCCCs,PS.nbInMsg,PS.nbOutMsg,PS.smt,PS.wct,cost
0,0.2,dgibbs,mva-eager,8,0,0,1842,0,914,2,5,UNSAT
1,0.2,dgibbs,mva-eager,9,0,0,1457,0,1117,1,3,UNSAT
2,0.2,dgibbs,mva-eager,5,0,0,2338,0,1118,1,4,UNSAT
3,0.2,dgibbs,mva-eager,25,0,0,3313,0,913,6,8,UNSAT
4,0.2,dgibbs,mva-eager,2,0,0,1666,0,1118,1,5,UNSAT
5,0.2,dgibbs,mva-eager,10,0,0,2410,0,1118,1,4,UNSAT
6,0.2,dgibbs,mva-eager,11,0,0,2057,0,914,1,3,UNSAT
7,0.2,dgibbs,mva-eager,18,0,0,893,0,914,1,3,UNSAT
8,0.2,dgibbs,mva-eager,5,0,0,1270,0,305,1,2,UNSAT
9,0.2,dgibbs,mva-eager,7,0,0,2591,0,913,2,4,UNSAT
10,0.2,dgibbs,mva-eager,16,0,0,3416,0,913,2,4,UNSAT
11,0.2,dgibbs,mva-eager,14,0,0,2527,0,1117,2,5,UNSAT
12,0.2,dgibbs,mva-eager,15,0,0,2535,0,914,2,4,UNSAT
13,0.2,dgibbs,mva-eager,15,0,0,3041,0,913,1,3,UNSAT
14,0.2,dgibbs,mva-eager,20,0,0,1499,0,1118,1,4,UNSAT
15,0.2,dgibbs,mva-eager,11,0,0,3255,0,913,2,5,UNSAT
16,0.2,dgibbs,mva-eager,13,0,0,2896,0,914,1,4,UNSAT
17,0.2,dgibbs,mva-eager,2,0,0,1153,0,913,5,9,UNSAT
18,0.2,dgibbs,mva-eager,15,0,0,3211,0,913,6,9,UNSAT
19,0.2,dgibbs,mva-eager,11,0,0,2056,0,914,1,3,UNSAT
20,0.2,dgibbs,mva-eager,23,0,0,3423,0,913,2,4,UNSAT
21,0.2,dgibbs,mva-eager,19,0,0,1454,0,1118,1,4,UNSAT
22,0.2,dgibbs,mva-eager,12,0,0,1737,0,914,1,4,UNSAT
23,0.2,dgibbs,mva-eager,18,0,0,986,0,1117,1,3,UNSAT
24,0.2,dgibbs,mva-eager,15,0,0,3260,0,914,2,5,UNSAT
25,0.2,dgibbs,mva-eager,13,0,0,2224,0,1117,2,5,UNSAT
26,0.2,dgibbs,mva-eager,9,0,0,2458,0,1118,1,3,UNSAT
27,0.2,dgibbs,mva-eager,9,0,0,2755,0,914,1,4,UNSAT
28,0.2,dgibbs,mva-eager,14,0,0,1638,0,1118,1,4,UNSAT
29,0.2,dgibbs,mva-eager,1,0,0,1872,0,914,1,4,UNSAT
0,0.4,dgibbs,mva-eager,13,0,0,1822,0,1322,1,4,UNSAT
1,0.4,dgibbs,mva-eager,4,0,0,2562,0,1321,2,5,UNSAT
2,0.4,dgibbs,mva-eager,10,0,0,2774,0,1117,1,4,UNSAT
3,0.4,dgibbs,mva-eager,4,0,0,1061,0,1117,2,5,UNSAT
4,0.4,dgibbs,mva-eager,5,0,0,2703,0,1118,5,10,UNSAT
5,0.4,dgibbs,mva-eager,11,0,0,1133,0,1321,2,5,UNSAT
6,0.4,dgibbs,mva-eager,13,0,0,2771,0,1321,2,4,UNSAT
7,0.4,dgibbs,mva-eager,11,0,0,1121,0,1118,3,9,UNSAT
8,0.4,dgibbs,mva-eager,17,0,0,3326,0,1321,1,3,UNSAT
9,0.4,dgibbs,mva-eager,12,0,0,2846,0,1117,1,3,UNSAT
10,0.4,dgibbs,mva-eager,7,0,0,1645,0,1118,1,4,UNSAT
11,0.4,dgibbs,mva-eager,7,0,0,1737,0,1525,2,5,UNSAT
12,0.4,dgibbs,mva-eager,8,0,0,2905,0,1321,4,8,UNSAT
13,0.4,dgibbs,mva-eager,10,0,0,1627,0,1118,1,4,UNSAT
14,0.4,dgibbs,mva-eager,14,0,0,3041,0,1118,1,5,UNSAT
15,0.4,dgibbs,mva-eager,4,0,0,1748,0,1321,2,5,UNSAT
16,0.4,dgibbs,mva-eager,8,0,0,2717,0,1321,2,5,UNSAT
17,0.4,dgibbs,mva-eager,8,0,0,1125,0,1525,5,10,UNSAT
18,0.4,dgibbs,mva-eager,16,0,0,2530,0,1321,5,8,UNSAT
19,0.4,dgibbs,mva-eager,17,0,0,2751,0,1321,1,3,UNSAT
20,0.4,dgibbs,mva-eager,13,0,0,1517,0,1117,2,4,84
21,0.4,dgibbs,mva-eager,10,0,0,3287,0,1321,1,4,137
22,0.4,dgibbs,mva-eager,4,0,0,2878,0,1321,2,4,UNSAT
23,0.4,dgibbs,mva-eager,13,0,0,742,0,1321,2,4,UNSAT
24,0.4,dgibbs,mva-eager,15,0,0,1967,0,1322,1,4,UNSAT
25,0.4,dgibbs,mva-eager,7,0,0,2561,0,1525,3,6,UNSAT
26,0.4,dgibbs,mva-eager,10,0,0,3043,0,1321,2,4,UNSAT
27,0.4,dgibbs,mva-eager,11,0,0,2138,0,1118,1,4,UNSAT
28,0.4,dgibbs,mva-eager,13,0,0,3386,0,1118,1,4,UNSAT
29,0.4,dgibbs,mva-eager,13,0,0,2761,0,1117,2,5,UNSAT
0,0.6,dgibbs,mva-eager,15,0,0,1532,0,1525,4,7,UNSAT
1,0.6,dgibbs,mva-eager,5,0,0,1837,0,1525,2,6,UNSAT
2,0.6,dgibbs,mva-eager,7,0,0,3048,0,1321,2,5,UNSAT
3,0.6,dgibbs,mva-eager,4,0,0,833,0,1322,2,6,UNSAT
4,0.6,dgibbs,mva-eager,4,0,0,254,0,1322,1,4,UNSAT
5,0.6,dgibbs,mva-eager,11,0,0,1460,0,1525,2,5,UNSAT
6,0.6,dgibbs,mva-eager,11,0,0,383,0,1525,2,5,UNSAT
7,0.6,dgibbs,mva-eager,0,0,0,3335,0,1525,2,6,UNSAT
8,0.6,dgibbs,mva-eager,8,0,0,1103,0,1322,1,4,UNSAT
9,0.6,dgibbs,mva-eager,9,0,0,2914,0,1321,2,4,UNSAT
10,0.6,dgibbs,mva-eager,5,0,0,298,0,1525,2,4,UNSAT
11,0.6,dgibbs,mva-eager,21,0,0,1790,0,1525,1,4,UNSAT
12,0.6,dgibbs,mva-eager,7,0,0,830,0,1525,1,4,UNSAT
13,0.6,dgibbs,mva-eager,12,0,0,2935,0,1321,2,4,UNSAT
14,0.6,dgibbs,mva-eager,2,0,0,2357,0,1525,2,4,UNSAT
15,0.6,dgibbs,mva-eager,19,0,0,1900,0,1525,2,5,UNSAT
16,0.6,dgibbs,mva-eager,4,0,0,4079,0,1525,3,6,UNSAT
17,0.6,dgibbs,mva-eager,9,0,0,1986,0,1525,2,5,UNSAT
18,0.6,dgibbs,mva-eager,6,0,0,3051,0,1525,5,9,UNSAT
19,0.6,dgibbs,mva-eager,15,0,0,2593,0,1117,2,4,156
20,0.6,dgibbs,mva-eager,12,0,0,3824,0,1525,5,9,UNSAT
21,0.6,dgibbs,mva-eager,6,0,0,1742,0,1321,2,4,UNSAT
22,0.6,dgibbs,mva-eager,16,0,0,1431,0,1525,2,5,UNSAT
23,0.6,dgibbs,mva-eager,14,0,0,2890,0,1525,3,7,UNSAT
24,0.6,dgibbs,mva-eager,7,0,0,2488,0,1525,2,4,186
25,0.6,dgibbs,mva-eager,4,0,0,1201,0,1525,3,6,UNSAT
26,0.6,dgibbs,mva-eager,18,0,0,1560,0,1525,4,9,UNSAT
27,0.6,dgibbs,mva-eager,13,0,0,3866,0,1321,2,5,UNSAT
28,0.6,dgibbs,mva-eager,8,0,0,1188,0,1321,1,4,UNSAT
29,0.6,dgibbs,mva-eager,0,0,0,1162,0,1525,1,4,UNSAT
0,0.8,dgibbs,mva-eager,6,0,0,608,0,1525,5,9,UNSAT
1,0.8,dgibbs,mva-eager,6,0,0,506,0,1321,1,4,UNSAT
2,0.8,dgibbs,mva-eager,5,0,0,926,0,1525,2,5,UNSAT
3,0.8,dgibbs,mva-eager,6,0,0,2066,0,1525,5,10,UNSAT
4,0.8,dgibbs,mva-eager,4,0,0,1807,0,1321,2,5,UNSAT
5,0.8,dgibbs,mva-eager,1,0,0,176,0,1525,1,4,UNSAT
6,0.8,dgibbs,mva-eager,4,0,0,401,0,1321,2,5,UNSAT
7,0.8,dgibbs,mva-eager,12,0,0,650,0,1321,1,4,UNSAT
8,0.8,dgibbs,mva-eager,3,0,0,1191,0,1321,1,4,UNSAT
9,0.8,dgibbs,mva-eager,21,0,0,1837,0,1525,3,6,UNSAT
10,0.8,dgibbs,mva-eager,19,0,0,625,0,1525,5,11,UNSAT
11,0.8,dgibbs,mva-eager,4,0,0,2572,0,1525,2,6,UNSAT
12,0.8,dgibbs,mva-eager,26,0,0,1124,0,1525,2,5,UNSAT
13,0.8,dgibbs,mva-eager,5,0,0,876,0,1321,3,6,UNSAT
14,0.8,dgibbs,mva-eager,4,0,0,1148,0,1525,2,5,UNSAT
15,0.8,dgibbs,mva-eager,4,0,0,2841,0,1525,2,5,UNSAT
16,0.8,dgibbs,mva-eager,6,0,0,1057,0,1525,1,4,UNSAT
17,0.8,dgibbs,mva-eager,0,0,0,0,0,1525,2,5,UNSAT
18,0.8,dgibbs,mva-eager,0,0,0,0,0,1525,2,5,UNSAT
19,0.8,dgibbs,mva-eager,2,0,0,1319,0,1525,2,5,UNSAT
20,0.8,dgibbs,mva-eager,2,0,0,644,0,1525,1,4,UNSAT
21,0.8,dgibbs,mva-eager,3,0,0,377,0,1525,1,4,UNSAT
22,0.8,dgibbs,mva-eager,3,0,0,395,0,1525,1,4,UNSAT
23,0.8,dgibbs,mva-eager,5,0,0,3780,0,1525,2,5,UNSAT
24,0.8,dgibbs,mva-eager,0,0,0,868,0,1525,2,5,UNSAT
25,0.8,dgibbs,mva-eager,9,0,0,614,0,1321,2,5,UNSAT
26,0.8,dgibbs,mva-eager,5,0,0,1126,0,1525,2,5,UNSAT
27,0.8,dgibbs,mva-eager,23,0,0,2264,0,1321,2,5,UNSAT
28,0.8,dgibbs,mva-eager,18,0,0,791,0,1525,2,5,UNSAT
29,0.8,dgibbs,mva-eager,17,0,0,690,0,1525,1,4,UNSAT
0,1.0,dgibbs,mva-eager,0,0,0,0,0,1525,2,5,UNSAT
1,1.0,dgibbs,mva-eager,0,0,0,0,0,1525,2,5,UNSAT
2,1.0,dgibbs,mva-eager,0,0,0,0,0,1525,3,6,UNSAT
3,1.0,dgibbs,mva-eager,0,0,0,0,0,1525,1,4,UNSAT
4,1.0,dgibbs,mva-eager,0,0,0,0,0,1525,2,5,UNSAT
5,1.0,dgibbs,mva-eager,0,0,0,0,0,1525,2,5,UNSAT
6,1.0,dgibbs,mva-eager,0,0,0,0,0,1525,3,6,UNSAT
7,1.0,dgibbs,mva-eager,0,0,0,0,0,1525,2,4,UNSAT
8,1.0,dgibbs,mva-eager,0,0,0,0,0,1525,2,4,UNSAT
9,1.0,dgibbs,mva-eager,0,0,0,0,0,1525,2,6,UNSAT
10,1.0,dgibbs,mva-eager,0,0,0,0,0,1525,2,5,UNSAT
11,1.0,dgibbs,mva-eager,0,0,0,0,0,1525,4,7,UNSAT
12,1.0,dgibbs,mva-eager,0,0,0,1347,0,1525,4,8,UNSAT
13,1.0,dgibbs,mva-eager,0,0,0,0,0,1525,2,4,UNSAT
14,1.0,dgibbs,mva-eager,0,0,0,0,0,1525,1,5,UNSAT
15,1.0,dgibbs,mva-eager,0,0,0,0,0,1525,2,6,UNSAT
16,1.0,dgibbs,mva-eager,0,0,0,0,0,1525,1,4,UNSAT
17,1.0,dgibbs,mva-eager,0,0,0,1336,0,1525,3,6,UNSAT
18,1.0,dgibbs,mva-eager,48,0,0,2891,0,1525,2,5,UNSAT
19,1.0,dgibbs,mva-eager,30,0,0,4957,0,1525,3,6,UNSAT
20,1.0,dgibbs,mva-eager,0,0,0,0,0,1525,3,7,UNSAT
21,1.0,dgibbs,mva-eager,0,0,0,0,0,1525,2,7,UNSAT
22,1.0,dgibbs,mva-eager,0,0,0,0,0,1525,2,5,UNSAT
23,1.0,dgibbs,mva-eager,0,0,0,0,0,1525,4,12,UNSAT
24,1.0,dgibbs,mva-eager,0,0,0,0,0,1525,2,6,UNSAT
25,1.0,dgibbs,mva-eager,0,0,0,0,0,1525,2,5,UNSAT
26,1.0,dgibbs,mva-eager,0,0,0,0,0,1525,2,5,UNSAT
27,1.0,dgibbs,mva-eager,0,0,0,0,0,1525,2,5,UNSAT
28,1.0,dgibbs,mva-eager,0,0,0,0,0,1525,2,5,UNSAT
29,1.0,dgibbs,mva-eager,0,0,0,0,0,1525,3,6,UNSAT
0,0.2,dgibbs,mva-lazy,16,0,0,1953,0,914,1,4,UNSAT
1,0.2,dgibbs,mva-lazy,11,0,0,1192,0,1117,1,3,UNSAT
2,0.2,dgibbs,mva-lazy,15,0,0,2245,0,1118,1,4,UNSAT
3,0.2,dgibbs,mva-lazy,14,0,0,2783,0,913,2,4,UNSAT
4,0.2,dgibbs,mva-lazy,9,0,0,1625,0,1118,1,3,UNSAT
5,0.2,dgibbs,mva-lazy,7,0,0,2629,0,1118,1,4,UNSAT
6,0.2,dgibbs,mva-lazy,5,0,0,1940,0,914,1,4,UNSAT
7,0.2,dgibbs,mva-lazy,16,0,0,1042,0,914,1,3,UNSAT
8,0.2,dgibbs,mva-lazy,16,0,0,1015,0,305,0,2,UNSAT
9,0.2,dgibbs,mva-lazy,5,0,0,1435,0,913,1,3,UNSAT
10,0.2,dgibbs,mva-lazy,9,0,0,3285,0,913,3,5,UNSAT
11,0.2,dgibbs,mva-lazy,14,0,0,2403,0,1117,2,4,UNSAT
12,0.2,dgibbs,mva-lazy,15,0,0,2254,0,914,1,4,UNSAT
13,0.2,dgibbs,mva-lazy,13,0,0,2913,0,913,2,4,UNSAT
14,0.2,dgibbs,mva-lazy,16,0,0,1732,0,1118,1,3,UNSAT
15,0.2,dgibbs,mva-lazy,9,0,0,3160,0,913,1,3,UNSAT
16,0.2,dgibbs,mva-lazy,13,0,0,2381,0,914,1,3,UNSAT
17,0.2,dgibbs,mva-lazy,13,0,0,2721,0,913,2,4,UNSAT
18,0.2,dgibbs,mva-lazy,17,0,0,3212,0,913,2,4,UNSAT
19,0.2,dgibbs,mva-lazy,21,0,0,2093,0,914,1,3,UNSAT
20,0.2,dgibbs,mva-lazy,13,0,0,3367,0,913,3,5,UNSAT
21,0.2,dgibbs,mva-lazy,2,0,0,1511,0,1118,1,4,UNSAT
22,0.2,dgibbs,mva-lazy,1,0,0,1832,0,914,1,4,UNSAT
23,0.2,dgibbs,mva-lazy,1,0,0,1430,0,1117,1,4,UNSAT
24,0.2,dgibbs,mva-lazy,22,0,0,3484,0,914,3,6,UNSAT
25,0.2,dgibbs,mva-lazy,16,0,0,2716,0,1117,3,5,UNSAT
26,0.2,dgibbs,mva-lazy,6,0,0,2339,0,1118,4,9,UNSAT
27,0.2,dgibbs,mva-lazy,23,0,0,2509,0,914,1,4,UNSAT
28,0.2,dgibbs,mva-lazy,11,0,0,1911,0,1118,4,11,38
29,0.2,dgibbs,mva-lazy,15,0,0,1891,0,914,1,4,UNSAT
0,0.4,dgibbs,mva-lazy,4,0,0,1995,0,1322,2,6,UNSAT
1,0.4,dgibbs,mva-lazy,4,0,0,2042,0,1321,1,3,UNSAT
2,0.4,dgibbs,mva-lazy,7,0,0,2950,0,1117,2,4,UNSAT
3,0.4,dgibbs,mva-lazy,10,0,0,2536,0,1117,1,3,UNSAT
4,0.4,dgibbs,mva-lazy,18,0,0,2684,0,1118,1,3,UNSAT
5,0.4,dgibbs,mva-lazy,7,0,0,1687,0,1321,3,5,UNSAT
6,0.4,dgibbs,mva-lazy,16,0,0,2443,0,1321,1,4,UNSAT
7,0.4,dgibbs,mva-lazy,11,0,0,1197,0,1118,3,5,UNSAT
8,0.4,dgibbs,mva-lazy,18,0,0,4056,0,1321,1,4,UNSAT
9,0.4,dgibbs,mva-lazy,13,0,0,2928,0,1117,1,3,UNSAT
10,0.4,dgibbs,mva-lazy,6,0,0,1640,0,1118,1,3,UNSAT
11,0.4,dgibbs,mva-lazy,4,0,0,1777,0,1525,1,4,UNSAT
12,0.4,dgibbs,mva-lazy,12,0,0,2820,0,1321,1,3,UNSAT
13,0.4,dgibbs,mva-lazy,4,0,0,1929,0,1118,1,3,UNSAT
14,0.4,dgibbs,mva-lazy,11,0,0,2771,0,1118,1,3,UNSAT
15,0.4,dgibbs,mva-lazy,7,0,0,3342,0,1321,2,3,UNSAT
16,0.4,dgibbs,mva-lazy,10,0,0,2088,0,1321,2,4,UNSAT
17,0.4,dgibbs,mva-lazy,11,0,0,2139,0,1525,2,5,UNSAT
18,0.4,dgibbs,mva-lazy,17,0,0,2522,0,1321,2,5,UNSAT
19,0.4,dgibbs,mva-lazy,11,0,0,3129,0,1321,1,3,UNSAT
20,0.4,dgibbs,mva-lazy,4,0,0,2202,0,1117,5,9,84
21,0.4,dgibbs,mva-lazy,23,0,0,3071,0,1321,5,10,UNSAT
22,0.4,dgibbs,mva-lazy,19,0,0,2483,0,1321,2,4,UNSAT
23,0.4,dgibbs,mva-lazy,13,0,0,1852,0,1321,2,5,UNSAT
24,0.4,dgibbs,mva-lazy,14,0,0,1911,0,1322,1,4,UNSAT
25,0.4,dgibbs,mva-lazy,16,0,0,999,0,1525,3,6,UNSAT
26,0.4,dgibbs,mva-lazy,7,0,0,3024,0,1321,1,4,UNSAT
27,0.4,dgibbs,mva-lazy,18,0,0,2590,0,1118,2,3,UNSAT
28,0.4,dgibbs,mva-lazy,18,0,0,2001,0,1118,3,5,UNSAT
29,0.4,dgibbs,mva-lazy,9,0,0,3122,0,1117,2,4,121
0,0.6,dgibbs,mva-lazy,8,0,0,1122,0,1525,2,5,UNSAT
1,0.6,dgibbs,mva-lazy,6,0,0,3112,0,1525,2,5,UNSAT
2,0.6,dgibbs,mva-lazy,20,0,0,3231,0,1321,2,4,UNSAT
3,0.6,dgibbs,mva-lazy,13,0,0,659,0,1322,1,3,UNSAT
4,0.6,dgibbs,mva-lazy,12,0,0,2892,0,1322,5,10,UNSAT
5,0.6,dgibbs,mva-lazy,5,0,0,3448,0,1525,2,5,163
6,0.6,dgibbs,mva-lazy,4,0,0,1232,0,1525,2,4,UNSAT
7,0.6,dgibbs,mva-lazy,5,0,0,222,0,1525,1,4,UNSAT
8,0.6,dgibbs,mva-lazy,15,0,0,1614,0,1322,1,4,UNSAT
9,0.6,dgibbs,mva-lazy,10,0,0,1214,0,1321,1,4,UNSAT
10,0.6,dgibbs,mva-lazy,12,0,0,805,0,1525,3,6,UNSAT
11,0.6,dgibbs,mva-lazy,7,0,0,3933,0,1525,1,4,UNSAT
12,0.6,dgibbs,mva-lazy,20,0,0,989,0,1525,2,5,UNSAT
13,0.6,dgibbs,mva-lazy,12,0,0,2717,0,1321,2,4,UNSAT
14,0.6,dgibbs,mva-lazy,9,0,0,2473,0,1525,2,5,UNSAT
15,0.6,dgibbs,mva-lazy,13,0,0,713,0,1525,2,5,UNSAT
16,0.6,dgibbs,mva-lazy,16,0,0,3204,0,1525,6,10,UNSAT
17,0.6,dgibbs,mva-lazy,20,0,0,1474,0,1525,1,3,UNSAT
18,0.6,dgibbs,mva-lazy,19,0,0,2867,0,1525,2,4,UNSAT
19,0.6,dgibbs,mva-lazy,14,0,0,2574,0,1117,1,4,149
20,0.6,dgibbs,mva-lazy,9,0,0,409,0,1525,2,5,UNSAT
21,0.6,dgibbs,mva-lazy,7,0,0,3602,0,1321,2,5,UNSAT
22,0.6,dgibbs,mva-lazy,20,0,0,1661,0,1525,2,5,UNSAT
23,0.6,dgibbs,mva-lazy,16,0,0,2901,0,1525,5,9,UNSAT
24,0.6,dgibbs,mva-lazy,4,0,0,764,0,1525,3,6,UNSAT
25,0.6,dgibbs,mva-lazy,12,0,0,1856,0,1525,2,5,UNSAT
26,0.6,dgibbs,mva-lazy,7,0,0,2123,0,1525,2,5,UNSAT
27,0.6,dgibbs,mva-lazy,24,0,0,1169,0,1321,2,4,UNSAT
28,0.6,dgibbs,mva-lazy,5,0,0,1283,0,1321,3,6,UNSAT
29,0.6,dgibbs,mva-lazy,9,0,0,126,0,1525,2,5,UNSAT
0,0.8,dgibbs,mva-lazy,0,0,0,0,0,1525,3,7,UNSAT
1,0.8,dgibbs,mva-lazy,4,0,0,770,0,1321,1,4,UNSAT
2,0.8,dgibbs,mva-lazy,7,0,0,624,0,1525,2,5,UNSAT
3,0.8,dgibbs,mva-lazy,14,0,0,1640,0,1525,2,5,UNSAT
4,0.8,dgibbs,mva-lazy,6,0,0,3011,0,1321,3,7,UNSAT
5,0.8,dgibbs,mva-lazy,11,0,0,943,0,1525,2,6,UNSAT
6,0.8,dgibbs,mva-lazy,4,0,0,1460,0,1321,2,5,UNSAT
7,0.8,dgibbs,mva-lazy,11,0,0,0,0,1321,1,4,UNSAT
8,0.8,dgibbs,mva-lazy,10,0,0,1051,0,1321,1,4,UNSAT
9,0.8,dgibbs,mva-lazy,6,0,0,831,0,1525,2,5,UNSAT
10,0.8,dgibbs,mva-lazy,14,0,0,2965,0,1525,2,6,UNSAT
11,0.8,dgibbs,mva-lazy,3,0,0,252,0,1525,4,9,UNSAT
12,0.8,dgibbs,mva-lazy,2,0,0,404,0,1525,2,5,UNSAT
13,0.8,dgibbs,mva-lazy,16,0,0,503,0,1321,1,4,UNSAT
14,0.8,dgibbs,mva-lazy,11,0,0,969,0,1525,2,6,UNSAT
15,0.8,dgibbs,mva-lazy,12,0,0,1315,0,1525,1,4,UNSAT
16,0.8,dgibbs,mva-lazy,3,0,0,543,0,1525,1,3,UNSAT
17,0.8,dgibbs,mva-lazy,15,0,0,721,0,1525,1,4,UNSAT
18,0.8,dgibbs,mva-lazy,3,0,0,682,0,1525,1,4,UNSAT
19,0.8,dgibbs,mva-lazy,3,0,0,357,0,1525,1,4,UNSAT
20,0.8,dgibbs,mva-lazy,4,0,0,794,0,1525,5,9,UNSAT
21,0.8,dgibbs,mva-lazy,7,0,0,1511,0,1525,2,5,UNSAT
22,0.8,dgibbs,mva-lazy,3,0,0,385,0,1525,3,6,UNSAT
23,0.8,dgibbs,mva-lazy,0,0,0,486,0,1525,1,4,UNSAT
24,0.8,dgibbs,mva-lazy,12,0,0,8,0,1525,1,4,UNSAT
25,0.8,dgibbs,mva-lazy,3,0,0,1243,0,1321,1,4,UNSAT
26,0.8,dgibbs,mva-lazy,6,0,0,554,0,1525,2,5,UNSAT
27,0.8,dgibbs,mva-lazy,6,0,0,1545,0,1321,2,5,UNSAT
28,0.8,dgibbs,mva-lazy,7,0,0,720,0,1525,2,5,UNSAT
29,0.8,dgibbs,mva-lazy,1,0,0,101,0,1525,2,5,UNSAT
0,1.0,dgibbs,mva-lazy,0,0,0,0,0,1525,3,6,UNSAT
1,1.0,dgibbs,mva-lazy,0,0,0,0,0,1525,2,5,UNSAT
2,1.0,dgibbs,mva-lazy,0,0,0,0,0,1525,2,5,UNSAT
3,1.0,dgibbs,mva-lazy,0,0,0,0,0,1525,1,5,UNSAT
4,1.0,dgibbs,mva-lazy,0,0,0,0,0,1525,2,5,UNSAT
5,1.0,dgibbs,mva-lazy,0,0,0,0,0,1525,2,5,UNSAT
6,1.0,dgibbs,mva-lazy,0,0,0,0,0,1525,2,5,UNSAT
7,1.0,dgibbs,mva-lazy,0,0,0,0,0,1525,3,7,UNSAT
8,1.0,dgibbs,mva-lazy,0,0,0,0,0,1525,1,4,UNSAT
9,1.0,dgibbs,mva-lazy,0,0,0,0,0,1525,2,5,UNSAT
10,1.0,dgibbs,mva-lazy,0,0,0,0,0,1525,2,5,UNSAT
11,1.0,dgibbs,mva-lazy,0,0,0,0,0,1525,2,5,UNSAT
12,1.0,dgibbs,mva-lazy,0,0,0,0,0,1525,3,5,UNSAT
13,1.0,dgibbs,mva-lazy,0,0,0,0,0,1525,3,6,UNSAT
14,1.0,dgibbs,mva-lazy,0,0,0,0,0,1525,2,5,UNSAT
15,1.0,dgibbs,mva-lazy,0,0,0,0,0,1525,3,6,UNSAT
16,1.0,dgibbs,mva-lazy,0,0,0,0,0,1525,4,7,UNSAT
17,1.0,dgibbs,mva-lazy,0,0,0,0,0,1525,3,6,UNSAT
18,1.0,dgibbs,mva-lazy,0,0,0,0,0,1525,2,5,UNSAT
19,1.0,dgibbs,mva-lazy,0,0,0,1028,0,1525,3,6,UNSAT
20,1.0,dgibbs,mva-lazy,0,0,0,0,0,1525,2,4,UNSAT
21,1.0,dgibbs,mva-lazy,0,0,0,0,0,1525,2,5,UNSAT
22,1.0,dgibbs,mva-lazy,0,0,0,0,0,1525,4,8,UNSAT
23,1.0,dgibbs,mva-lazy,0,0,0,0,0,1525,3,6,UNSAT
24,1.0,dgibbs,mva-lazy,0,0,0,0,0,1525,2,5,UNSAT
25,1.0,dgibbs,mva-lazy,0,0,0,0,0,1525,1,4,UNSAT
26,1.0,dgibbs,mva-lazy,34,0,0,13,0,1525,2,6,UNSAT
27,1.0,dgibbs,mva-lazy,0,0,0,0,0,1525,2,5,UNSAT
28,1.0,dgibbs,mva-lazy,0,0,0,0,0,1525,2,5,UNSAT
29,1.0,dgibbs,mva-lazy,0,0,0,0,0,1525,3,7,UNSAT
0,0.2,dgibbs,psa,2,0,0,4683,9352,912,2,15,UNSAT
1,0.2,dgibbs,psa,4,0,0,5061,9349,1116,2,16,UNSAT
2,0.2,dgibbs,psa,4,0,0,5948,9351,1116,2,16,UNSAT
3,0.2,dgibbs,psa,3,0,0,4439,9350,912,1,13,UNSAT
4,0.2,dgibbs,psa,3,0,0,3927,9350,1116,2,16,UNSAT
5,0.2,dgibbs,psa,3,0,0,4950,9350,1116,1,14,UNSAT
6,0.2,dgibbs,psa,2,0,0,5468,9352,912,2,16,UNSAT
7,0.2,dgibbs,psa,3,0,1,4516,9351,912,2,18,UNSAT
8,0.2,dgibbs,psa,3,0,0,4544,4677,304,1,7,UNSAT
9,0.2,dgibbs,psa,4,0,0,5751,9351,912,2,14,UNSAT
10,0.2,dgibbs,psa,3,0,0,6462,9351,912,2,14,UNSAT
11,0.2,dgibbs,psa,3,0,0,5003,9349,1116,2,18,UNSAT
12,0.2,dgibbs,psa,4,0,0,5846,9350,912,2,15,UNSAT
13,0.2,dgibbs,psa,3,0,0,4776,9352,912,2,16,UNSAT
14,0.2,dgibbs,psa,4,0,0,5413,9351,1116,2,16,UNSAT
15,0.2,dgibbs,psa,4,0,0,6265,9352,912,2,13,UNSAT
16,0.2,dgibbs,psa,3,0,0,6139,9353,912,1,14,UNSAT
17,0.2,dgibbs,psa,3,0,0,4826,9351,912,2,15,UNSAT
18,0.2,dgibbs,psa,3,0,0,5013,9350,912,3,18,UNSAT
19,0.2,dgibbs,psa,3,0,1,4241,9351,912,2,19,UNSAT
20,0.2,dgibbs,psa,3,0,1,5062,9352,912,3,20,UNSAT
21,0.2,dgibbs,psa,3,0,0,5387,9350,1116,2,18,UNSAT
22,0.2,dgibbs,psa,3,0,0,4666,9349,912,2,16,UNSAT
23,0.2,dgibbs,psa,3,0,0,6058,9350,1116,2,15,UNSAT
24,0.2,dgibbs,psa,3,0,0,6835,9350,912,2,16,UNSAT
25,0.2,dgibbs,psa,3,0,0,4699,9352,1116,2,17,UNSAT
26,0.2,dgibbs,psa,4,0,0,5200,9351,1116,1,14,UNSAT
27,0.2,dgibbs,psa,3,0,0,5454,9351,912,2,17,UNSAT
28,0.2,dgibbs,psa,4,0,0,4571,9350,1116,1,15,UNSAT
29,0.2,dgibbs,psa,4,0,0,5187,9349,912,2,17,UNSAT
0,0.4,dgibbs,psa,3,0,0,9025,9349,1932,3,17,UNSAT
1,0.4,dgibbs,psa,4,0,0,8769,9251,2032,3,15,UNSAT
2,0.4,dgibbs,psa,2,0,0,10041,9349,1524,4,14,UNSAT
3,0.4,dgibbs,psa,3,0,0,10498,9347,1728,4,17,UNSAT
4,0.4,dgibbs,psa,5,0,0,9068,9349,1728,4,17,UNSAT
5,0.4,dgibbs,psa,4,0,0,13096,9348,1728,4,16,131
6,0.4,dgibbs,psa,4,0,0,9074,9348,1932,5,17,UNSAT
7,0.4,dgibbs,psa,6,0,0,7474,9350,1728,2,17,UNSAT
8,0.4,dgibbs,psa,4,0,0,9052,9347,1932,5,19,UNSAT
9,0.4,dgibbs,psa,3,0,0,10293,9350,1524,4,18,UNSAT
10,0.4,dgibbs,psa,4,0,0,8695,9348,1524,3,18,UNSAT
11,0.4,dgibbs,psa,3,0,0,7317,9351,1932,3,18,UNSAT
12,0.4,dgibbs,psa,3,0,0,9096,9349,1524,5,19,UNSAT
13,0.4,dgibbs,psa,3,0,0,11012,9347,1728,3,14,UNSAT
14,0.4,dgibbs,psa,3,0,0,8519,9249,1828,3,16,UNSAT
15,0.4,dgibbs,psa,3,0,0,9189,9347,1932,4,14,UNSAT
16,0.4,dgibbs,psa,3,0,0,15078,9347,1932,4,15,UNSAT
17,0.4,dgibbs,psa,5,0,0,10208,9249,2032,2,14,UNSAT
18,0.4,dgibbs,psa,5,0,0,8593,9149,2132,3,14,UNSAT
19,0.4,dgibbs,psa,3,0,0,8437,9349,1728,2,14,UNSAT
20,0.4,dgibbs,psa,4,0,0,11286,9348,1728,3,14,UNSAT
21,0.4,dgibbs,psa,4,0,0,12856,9346,1932,4,14,128
22,0.4,dgibbs,psa,3,0,0,8162,9348,1728,3,14,UNSAT
23,0.4,dgibbs,psa,4,0,0,8385,9248,2032,4,17,UNSAT
24,0.4,dgibbs,psa,3,0,0,9027,9348,1728,4,16,UNSAT
25,0.4,dgibbs,psa,2,0,0,11745,9348,1932,5,17,UNSAT
26,0.4,dgibbs,psa,4,0,0,7577,9347,1932,5,18,UNSAT
27,0.4,dgibbs,psa,4,0,0,9959,9349,1524,3,16,UNSAT
28,0.4,dgibbs,psa,3,0,0,10268,9348,1728,4,18,UNSAT
29,0.4,dgibbs,psa,3,0,0,12582,9349,1728,5,18,UNSAT
0,0.6,dgibbs,psa,2,0,1,9112,9347,2340,5,20,UNSAT
1,0.6,dgibbs,psa,3,0,0,10894,9247,2645,5,19,UNSAT
2,0.6,dgibbs,psa,3,0,1,11522,9149,2744,5,21,UNSAT
3,0.6,dgibbs,psa,4,0,0,9751,9047,3048,5,20,UNSAT
4,0.6,dgibbs,psa,4,0,0,10332,9348,2748,3,17,UNSAT
5,0.6,dgibbs,psa,7,0,0,12102,9250,2848,4,17,188
6,0.6,dgibbs,psa,3,0,1,8863,9249,2849,4,20,UNSAT
7,0.6,dgibbs,psa,3,0,0,7119,9147,2948,3,16,UNSAT
8,0.6,dgibbs,psa,4,0,0,9944,9147,2744,3,15,UNSAT
9,0.6,dgibbs,psa,3,0,0,11338,9046,2845,4,16,UNSAT
10,0.6,dgibbs,psa,3,0,0,8770,9148,2948,3,17,UNSAT
11,0.6,dgibbs,psa,6,0,1,14878,9351,2544,6,21,272
12,0.6,dgibbs,psa,2,0,0,8979,9147,2948,3,17,UNSAT
13,0.6,dgibbs,psa,5,0,0,10052,9047,2845,5,18,UNSAT
14,0.6,dgibbs,psa,3,0,1,8616,9046,2846,5,21,UNSAT
15,0.6,dgibbs,psa,4,0,0,12143,9145,2949,4,16,UNSAT
16,0.6,dgibbs,psa,4,0,0,8192,9050,3048,4,18,UNSAT
17,0.6,dgibbs,psa,5,0,0,12102,9249,2848,5,19,UNSAT
18,0.6,dgibbs,psa,3,0,0,12692,9347,2544,5,16,UNSAT
19,0.6,dgibbs,psa,4,0,0,8847,9347,2748,4,16,UNSAT
20,0.6,dgibbs,psa,3,0,0,14934,9148,2950,4,17,UNSAT
21,0.6,dgibbs,psa,3,0,0,10744,9146,2950,5,20,UNSAT
22,0.6,dgibbs,psa,4,0,0,9674,9147,2745,4,17,UNSAT
23,0.6,dgibbs,psa,2,0,0,14910,9148,2950,4,18,UNSAT
24,0.6,dgibbs,psa,3,0,0,11433,9146,2949,4,18,UNSAT
25,0.6,dgibbs,psa,5,0,0,10159,9249,2644,4,18,UNSAT
26,0.6,dgibbs,psa,3,0,0,10515,9147,2745,3,15,UNSAT
27,0.6,dgibbs,psa,4,0,0,9460,9250,2645,5,20,UNSAT
28,0.6,dgibbs,psa,3,0,0,13735,9347,2748,4,16,UNSAT
29,0.6,dgibbs,psa,4,0,0,11502,9348,2748,4,17,UNSAT
0,0.8,dgibbs,psa,5,0,0,9843,9346,3564,5,19,UNSAT
1,0.8,dgibbs,psa,3,0,0,7908,9147,3561,4,19,UNSAT
2,0.8,dgibbs,psa,2,0,0,11779,9247,3460,5,19,UNSAT
3,0.8,dgibbs,psa,2,0,0,10183,9146,3562,4,18,UNSAT
4,0.8,dgibbs,psa,4,0,0,9599,9247,3665,4,18,UNSAT
5,0.8,dgibbs,psa,3,0,0,9436,9046,3661,4,17,UNSAT
6,0.8,dgibbs,psa,4,0,0,14290,9347,3360,5,19,UNSAT
7,0.8,dgibbs,psa,3,0,0,7358,9249,3460,3,17,UNSAT
8,0.8,dgibbs,psa,3,0,0,12264,9147,3764,6,21,UNSAT
9,0.8,dgibbs,psa,3,0,0,9294,9048,3660,4,18,UNSAT
10,0.8,dgibbs,psa,3,0,0,12091,9246,3460,4,18,UNSAT
11,0.8,dgibbs,psa,3,0,0,8865,9147,3561,4,16,UNSAT
12,0.8,dgibbs,psa,3,0,0,10425,9047,3865,5,20,UNSAT
13,0.8,dgibbs,psa,4,0,0,10969,9146,3560,5,18,UNSAT
14,0.8,dgibbs,psa,4,0,0,8848,9245,3257,4,17,UNSAT
15,0.8,dgibbs,psa,4,0,0,8601,9148,3358,3,17,UNSAT
16,0.8,dgibbs,psa,4,0,0,11558,9046,3866,4,17,UNSAT
17,0.8,dgibbs,psa,3,0,0,10280,9047,3660,5,19,UNSAT
18,0.8,dgibbs,psa,2,0,0,11587,9346,3564,5,19,UNSAT
19,0.8,dgibbs,psa,4,0,0,9794,9147,3764,4,17,UNSAT
20,0.8,dgibbs,psa,2,0,0,8331,8944,3763,5,19,UNSAT
21,0.8,dgibbs,psa,6,0,0,12190,9249,3460,3,17,UNSAT
22,0.8,dgibbs,psa,4,0,0,13098,9046,3866,5,21,UNSAT
23,0.8,dgibbs,psa,4,0,0,14380,9248,3461,3,15,UNSAT
24,0.8,dgibbs,psa,3,0,0,9464,9146,3358,3,15,UNSAT
25,0.8,dgibbs,psa,4,0,0,11724,9145,3562,3,15,UNSAT
26,0.8,dgibbs,psa,4,0,0,14197,9248,3664,5,18,UNSAT
27,0.8,dgibbs,psa,3,0,0,13548,9245,3665,7,22,UNSAT
28,0.8,dgibbs,psa,5,0,0,11761,9146,3765,6,19,UNSAT
29,0.8,dgibbs,psa,3,0,0,9770,9346,3156,4,16,UNSAT
0,1.0,dgibbs,psa,4,0,0,13661,9246,5093,5,23,UNSAT
1,1.0,dgibbs,psa,5,0,0,7381,8746,5796,4,20,168
2,1.0,dgibbs,psa,4,0,0,8880,8945,5598,5,21,UNSAT
3,1.0,dgibbs,psa,3,0,0,12148,9348,4788,4,17,UNSAT
4,1.0,dgibbs,psa,4,0,0,8861,8945,5599,3,19,UNSAT
5,1.0,dgibbs,psa,4,0,0,12183,9247,5093,5,21,UNSAT
6,1.0,dgibbs,psa,4,0,0,8800,9146,5397,3,20,UNSAT
7,1.0,dgibbs,psa,4,0,0,12654,8947,5598,4,18,UNSAT
8,1.0,dgibbs,psa,4,0,0,10838,9046,5294,4,20,UNSAT
9,1.0,dgibbs,psa,4,0,0,14552,9145,5193,5,19,UNSAT
10,1.0,dgibbs,psa,5,0,0,13894,8847,5699,4,19,UNSAT
11,1.0,dgibbs,psa,4,0,0,11138,9147,5397,4,18,UNSAT
12,1.0,dgibbs,psa,4,0,1,13486,9146,5192,6,24,UNSAT
13,1.0,dgibbs,psa,4,0,0,9390,9247,5093,4,21,UNSAT
14,1.0,dgibbs,psa,6,0,0,10114,8946,4782,4,18,UNSAT
15,1.0,dgibbs,psa,4,0,0,10762,8945,5597,4,19,UNSAT
16,1.0,dgibbs,psa,5,0,0,9085,8947,5393,4,20,UNSAT
17,1.0,dgibbs,psa,4,0,0,12395,9146,4786,5,22,UNSAT
18,1.0,dgibbs,psa,6,0,0,11749,8646,5898,5,21,UNSAT
19,1.0,dgibbs,psa,5,0,0,12174,8945,5188,5,20,UNSAT
20,1.0,dgibbs,psa,4,0,0,13143,9045,5294,5,23,UNSAT
21,1.0,dgibbs,psa,4,0,0,12566,9147,5193,4,20,UNSAT
22,1.0,dgibbs,psa,4,0,0,15259,9045,5293,5,21,UNSAT
23,1.0,dgibbs,psa,5,0,0,9705,9146,5398,4,21,UNSAT
24,1.0,dgibbs,psa,4,0,0,12667,9046,5295,5,20,UNSAT
25,1.0,dgibbs,psa,4,0,0,12640,9047,5496,4,20,UNSAT
26,1.0,dgibbs,psa,5,0,0,10540,8945,5598,4,20,UNSAT
27,1.0,dgibbs,psa,5,0,0,10396,8947,5393,3,18,UNSAT
28,1.0,dgibbs,psa,3,0,0,11403,9046,5497,5,22,330
29,1.0,dgibbs,psa,3,0,0,7759,9047,5497,4,20,UNSAT
0,0.2,dgibbs,psv,12590148,4810,7230,805,0,914,172,7454,UNSAT
1,0.2,dgibbs,psv,NA,NA,NA,NA,NA,NA,NA,NA,OOM
2,0.2,dgibbs,psv,NA,NA,NA,NA,NA,NA,NA,NA,OOM
3,0.2,dgibbs,psv,12589696,3544,5286,407,0,913,117,5405,UNSAT
4,0.2,dgibbs,psv,NA,NA,NA,NA,NA,NA,NA,NA,OOM
5,0.2,dgibbs,psv,NA,NA,NA,NA,NA,NA,NA,NA,OOM
6,0.2,dgibbs,psv,12589991,4878,7324,805,0,914,96,7473,UNSAT
7,0.2,dgibbs,psv,12589867,4298,6473,802,0,914,107,6608,UNSAT
8,0.2,dgibbs,psv,6298478,1932,3869,404,0,305,71,3942,UNSAT
9,0.2,dgibbs,psv,12590148,4866,7311,1007,0,913,206,7519,UNSAT
10,0.2,dgibbs,psv,12589655,4156,6241,1010,0,913,158,6401,UNSAT
11,0.2,dgibbs,psv,NA,NA,NA,NA,NA,NA,NA,NA,OOM
12,0.2,dgibbs,psv,18881314,5127,5140,804,0,914,194,5369,UNSAT
13,0.2,dgibbs,psv,12589753,3950,5939,1007,0,913,194,6137,UNSAT
14,0.2,dgibbs,psv,NA,NA,NA,NA,NA,NA,NA,NA,OOM
15,0.2,dgibbs,psv,12590140,3914,5875,1007,0,913,202,6079,UNSAT
16,0.2,dgibbs,psv,12590216,3820,5724,202,0,914,121,5871,UNSAT
17,0.2,dgibbs,psv,12590054,3727,5594,1007,0,913,161,5759,UNSAT
18,0.2,dgibbs,psv,12590366,3309,4962,407,0,913,120,5084,UNSAT
19,0.2,dgibbs,psv,18881072,5014,5024,808,0,914,122,5182,UNSAT
20,0.2,dgibbs,psv,12590059,4429,6656,1010,0,913,167,6826,UNSAT
21,0.2,dgibbs,psv,NA,NA,NA,NA,NA,NA,NA,NA,OOM
22,0.2,dgibbs,psv,12590263,3420,5104,808,0,914,173,5311,UNSAT
23,0.2,dgibbs,psv,NA,NA,NA,NA,NA,NA,NA,NA,OOM
24,0.2,dgibbs,psv,12590390,3912,5867,205,0,914,90,5990,UNSAT
25,0.2,dgibbs,psv,12589638,3567,7141,603,0,1117,148,7291,UNSAT
26,0.2,dgibbs,psv,NA,NA,NA,NA,NA,NA,NA,NA,OOM
27,0.2,dgibbs,psv,18881126,6380,6393,804,0,914,144,6581,UNSAT
28,0.2,dgibbs,psv,NA,NA,NA,NA,NA,NA,NA,NA,OOM
29,0.2,dgibbs,psv,18881114,6207,6220,794,0,914,151,6422,UNSAT
0,0.4,dgibbs,psv,38279798,13777,15922,1384,0,1322,261,16235,UNSAT
1,0.4,dgibbs,psv,NA,NA,NA,NA,NA,NA,NA,NA,OOM
2,0.4,dgibbs,psv,25172469,8789,10996,1403,0,1117,237,11236,UNSAT
3,0.4,dgibbs,psv,31988408,11017,12946,3,0,1117,126,13075,UNSAT
4,0.4,dgibbs,psv,31463936,9005,12654,303,0,1118,82,12765,UNSAT
5,0.4,dgibbs,psv,25696957,8297,11261,1612,0,1321,222,11487,UNSAT
6,0.4,dgibbs,psv,NA,NA,NA,NA,NA,NA,NA,NA,OOM
7,0.4,dgibbs,psv,31988892,10866,11590,1308,0,1118,113,11736,UNSAT
8,0.4,dgibbs,psv,37755928,10772,14161,795,0,1321,137,14301,UNSAT
9,0.4,dgibbs,psv,19405554,6925,10232,1407,0,1117,347,10582,UNSAT
10,0.4,dgibbs,psv,31463846,11532,13903,1300,0,1118,201,14155,UNSAT
11,0.4,dgibbs,psv,NA,NA,NA,NA,NA,NA,NA,NA,OOM
12,0.4,dgibbs,psv,25172560,10045,14740,1598,0,1321,371,15114,UNSAT
13,0.4,dgibbs,psv,38542033,12381,12078,1307,0,1118,101,12208,UNSAT
14,0.4,dgibbs,psv,38804455,14272,11782,1106,0,1118,172,11992,UNSAT
15,0.4,dgibbs,psv,31463839,8741,14124,500,0,1321,118,14246,UNSAT
16,0.4,dgibbs,psv,32512873,10702,11455,1600,0,1321,298,11759,UNSAT
17,0.4,dgibbs,psv,NA,NA,NA,NA,NA,NA,NA,NA,OOM
18,0.4,dgibbs,psv,NA,NA,NA,NA,NA,NA,NA,NA,OOM
19,0.4,dgibbs,psv,31464425,9135,12788,1800,0,1321,167,12958,UNSAT
20,0.4,dgibbs,psv,25697034,8787,13010,1607,0,1117,222,13235,97
21,0.4,dgibbs,psv,31988265,9902,12933,1309,0,1321,163,13099,UNSAT
22,0.4,dgibbs,psv,32250447,10612,12534,1611,0,1321,268,12806,UNSAT
23,0.4,dgibbs,psv,NA,NA,NA,NA,NA,NA,NA,NA,OOM
24,0.4,dgibbs,psv,NA,NA,NA,NA,NA,NA,NA,NA,OOM
25,0.4,dgibbs,psv,31988402,10935,15274,1818,0,1525,312,15589,UNSAT
26,0.4,dgibbs,psv,31988384,10636,14844,1800,0,1321,157,15004,UNSAT
27,0.4,dgibbs,psv,25172934,6987,10620,1298,0,1118,126,10776,UNSAT
28,0.4,dgibbs,psv,38279746,12087,11696,1297,0,1118,217,11960,UNSAT
29,0.4,dgibbs,psv,25959157,8678,12624,1607,0,1117,183,12810,UNSAT
0,0.6,dgibbs,psv,37755686,11927,19278,0,0,1525,93,19374,UNSAT
1,0.6,dgibbs,psv,44046883,14974,23411,606,0,1525,126,23540,UNSAT
2,0.6,dgibbs,psv,38542189,14198,20834,1611,0,1321,206,21043,UNSAT
3,0.6,dgibbs,psv,NA,NA,NA,NA,NA,NA,NA,NA,OOM
4,0.6,dgibbs,psv,NA,NA,NA,NA,NA,NA,NA,NA,OOM
5,0.6,dgibbs,psv,NA,NA,NA,NA,NA,NA,NA,NA,OOM
6,0.6,dgibbs,psv,NA,NA,NA,NA,NA,NA,NA,NA,OOM
7,0.6,dgibbs,psv,NA,NA,NA,NA,NA,NA,NA,NA,OOM
8,0.6,dgibbs,psv,38804360,13672,17237,1605,0,1322,149,17415,UNSAT
9,0.6,dgibbs,psv,44833571,15832,20248,2210,0,1321,234,20486,UNSAT
10,0.6,dgibbs,psv,NA,NA,NA,NA,NA,NA,NA,NA,OOM
11,0.6,dgibbs,psv,44047466,13142,20351,2620,0,1525,307,20662,235
12,0.6,dgibbs,psv,NA,NA,NA,NA,NA,NA,NA,NA,OOM
13,0.6,dgibbs,psv,44833683,15775,17807,1992,0,1321,267,18078,UNSAT
14,0.6,dgibbs,psv,38542253,16104,23745,0,0,1525,158,23908,UNSAT
15,0.6,dgibbs,psv,NA,NA,NA,NA,NA,NA,NA,NA,OOM
16,0.6,dgibbs,psv,NA,NA,NA,NA,NA,NA,NA,NA,OOM
17,0.6,dgibbs,psv,NA,NA,NA,NA,NA,NA,NA,NA,OOM
18,0.6,dgibbs,psv,38280100,21021,32955,2394,0,1525,225,33183,UNSAT
19,0.6,dgibbs,psv,32250286,11817,18147,2014,0,1117,183,18333,UNSAT
20,0.6,dgibbs,psv,51124762,17411,22601,2615,0,1525,295,22901,UNSAT
21,0.6,dgibbs,psv,50338252,15043,21919,0,0,1321,115,22038,UNSAT
22,0.6,dgibbs,psv,38279446,12671,19777,2394,0,1525,283,20063,UNSAT
23,0.6,dgibbs,psv,NA,NA,NA,NA,NA,NA,NA,NA,OOM
24,0.6,dgibbs,psv,NA,NA,NA,NA,NA,NA,NA,NA,OOM
25,0.6,dgibbs,psv,37755407,12834,21191,404,0,1525,198,21392,UNSAT
26,0.6,dgibbs,psv,44047147,16191,25487,2593,0,1525,254,25743,UNSAT
27,0.6,dgibbs,psv,57154668,22890,25192,1004,0,1321,192,25389,UNSAT
28,0.6,dgibbs,psv,68720,20304,21432,NA,NA,NA,NA,NA,OOM
29,0.6,dgibbs,psv,44046886,14118,23163,0,0,1525,113,23279,UNSAT
0,0.8,dgibbs,psv,57416235,22520,35953,3225,0,1525,286,36243,UNSAT
1,0.8,dgibbs,psv,50862872,17910,29422,800,0,1321,174,29600,UNSAT
2,0.8,dgibbs,psv,57416380,20077,29588,3009,0,1525,218,29811,UNSAT
3,0.8,dgibbs,psv,50600456,17462,27579,1300,0,1525,162,27744,UNSAT
4,0.8,dgibbs,psv,68750,21333,12909,NA,NA,NA,NA,NA,OOM
5,0.8,dgibbs,psv,63480,19589,28024,NA,NA,NA,NA,NA,OOM
6,0.8,dgibbs,psv,57941049,23300,31015,7,0,1321,127,31147,UNSAT
7,0.8,dgibbs,psv,56629908,19747,31688,505,0,1321,109,31801,UNSAT
8,0.8,dgibbs,psv,NA,NA,NA,NA,NA,NA,NA,NA,OOM
9,0.8,dgibbs,psv,50993734,18379,27063,2813,0,1525,322,27390,UNSAT
10,0.8,dgibbs,psv,69030,19767,20452,NA,NA,NA,NA,NA,OOM
11,0.8,dgibbs,psv,NA,NA,NA,NA,NA,NA,NA,NA,OOM
12,0.8,dgibbs,psv,NA,NA,NA,NA,NA,NA,NA,NA,OOM
13,0.8,dgibbs,psv,66600,20938,17929,NA,NA,NA,NA,NA,OOM
14,0.8,dgibbs,psv,51124509,16992,27372,0,0,1525,122,27497,UNSAT
15,0.8,dgibbs,psv,50862874,17474,23564,1919,0,1525,156,23724,UNSAT
16,0.8,dgibbs,psv,72150,17482,31818,NA,NA,NA,NA,NA,OOM
17,0.8,dgibbs,psv,51386975,17887,29587,7,0,1525,156,29746,UNSAT
18,0.8,dgibbs,psv,57941175,21925,31521,0,0,1525,112,31636,UNSAT
19,0.8,dgibbs,psv,66860,20230,24439,NA,NA,NA,NA,NA,OOM
20,0.8,dgibbs,psv,57280,18331,24033,NA,NA,NA,NA,NA,OOM
21,0.8,dgibbs,psv,57153804,20087,28792,0,0,1525,126,28924,UNSAT
22,0.8,dgibbs,psv,69560,21563,26009,NA,NA,NA,NA,NA,OOM
23,0.8,dgibbs,psv,56629814,21202,34838,3425,0,1525,349,35190,UNSAT
24,0.8,dgibbs,psv,51125000,18496,26919,8,0,1525,109,27032,UNSAT
25,0.8,dgibbs,psv,52304393,18175,25828,6,0,1321,133,25963,UNSAT
26,0.8,dgibbs,psv,NA,NA,NA,NA,NA,NA,NA,NA,OOM
27,0.8,dgibbs,psv,NA,NA,NA,NA,NA,NA,NA,NA,OOM
28,0.8,dgibbs,psv,51911675,18665,27698,700,0,1525,143,27844,UNSAT
29,0.8,dgibbs,psv,51386720,18529,25549,612,0,1525,124,25677,UNSAT
0,1.0,dgibbs,psv,NA,NA,NA,NA,NA,NA,NA,NA,OOM