instance.no,param,algorithm,decomposition,PD.NCCCs,PD.smt,PD.wct,PS.NCCCs,PS.nbInMsg,PS.nbOutMsg,PS.smt,PS.wct,cost
0,2,dgibbs,mva-eager,NA,NA,NA,NA,NA,NA,NA,NA,OOT
1,2,dgibbs,mva-eager,6,0,0,404,0,913,0,2,UNSAT
2,2,dgibbs,mva-eager,3,0,0,806,0,914,0,2,55
3,2,dgibbs,mva-eager,6,0,0,706,0,913,0,2,UNSAT
4,2,dgibbs,mva-eager,3,0,0,1010,0,913,0,1,46
5,2,dgibbs,mva-eager,2,0,0,1006,0,913,1,3,UNSAT
6,2,dgibbs,mva-eager,3,0,0,803,0,914,0,1,16
7,2,dgibbs,mva-eager,3,0,0,707,0,913,2,5,UNSAT
8,2,dgibbs,mva-eager,6,0,0,1006,0,913,0,1,14
9,2,dgibbs,mva-eager,2,0,0,505,0,914,0,1,UNSAT
10,2,dgibbs,mva-eager,2,0,0,810,0,914,1,3,UNSAT
11,2,dgibbs,mva-eager,3,0,0,808,0,914,0,3,UNSAT
12,2,dgibbs,mva-eager,2,0,0,802,0,914,0,2,35
13,2,dgibbs,mva-eager,2,0,0,808,0,914,0,2,UNSAT
14,2,dgibbs,mva-eager,3,0,0,808,0,914,0,2,UNSAT
15,2,dgibbs,mva-eager,5,0,0,808,0,914,0,1,15
16,2,dgibbs,mva-eager,7,0,0,606,0,915,0,3,UNSAT
17,2,dgibbs,mva-eager,6,0,0,808,0,914,0,2,UNSAT
18,2,dgibbs,mva-eager,5,0,0,1010,0,913,1,3,34
19,2,dgibbs,mva-eager,3,0,0,805,0,914,0,1,UNSAT
20,2,dgibbs,mva-eager,3,0,0,798,0,914,0,2,UNSAT
21,2,dgibbs,mva-eager,6,0,0,401,0,913,1,3,UNSAT
22,2,dgibbs,mva-eager,2,0,0,404,0,913,0,2,UNSAT
23,2,dgibbs,mva-eager,2,0,0,1013,0,913,0,1,UNSAT
24,2,dgibbs,mva-eager,5,0,0,806,0,914,0,2,UNSAT
25,2,dgibbs,mva-eager,2,0,0,202,0,915,0,2,UNSAT
26,2,dgibbs,mva-eager,5,0,0,808,0,914,0,1,64
27,2,dgibbs,mva-eager,2,0,0,1007,0,913,0,1,UNSAT
28,2,dgibbs,mva-eager,3,0,0,808,0,914,1,3,UNSAT
29,2,dgibbs,mva-eager,6,0,0,808,0,914,0,2,UNSAT
0,4,dgibbs,mva-eager,NA,NA,NA,NA,NA,NA,NA,NA,OOT
1,4,dgibbs,mva-eager,6,0,0,1338,0,913,0,2,UNSAT
2,4,dgibbs,mva-eager,7,0,0,1290,0,914,1,3,UNSAT
3,4,dgibbs,mva-eager,9,0,0,1351,0,915,0,3,UNSAT
4,4,dgibbs,mva-eager,3,0,0,1368,0,914,1,3,UNSAT
5,4,dgibbs,mva-eager,6,0,0,1358,0,913,1,2,UNSAT
6,4,dgibbs,mva-eager,9,0,0,1211,0,914,2,5,UNSAT
7,4,dgibbs,mva-eager,7,0,0,1695,0,913,0,2,UNSAT
8,4,dgibbs,mva-eager,5,0,0,1125,0,914,0,3,UNSAT
9,4,dgibbs,mva-eager,6,0,0,1668,0,913,1,5,UNSAT
10,4,dgibbs,mva-eager,8,0,0,1171,0,914,0,3,UNSAT
11,4,dgibbs,mva-eager,6,0,0,1564,0,913,0,2,UNSAT
12,4,dgibbs,mva-eager,5,0,0,1543,0,913,0,2,UNSAT
13,4,dgibbs,mva-eager,4,0,0,976,0,914,0,2,UNSAT
14,4,dgibbs,mva-eager,8,0,0,1598,0,914,3,8,UNSAT
15,4,dgibbs,mva-eager,5,0,0,1475,0,913,0,2,UNSAT
16,4,dgibbs,mva-eager,9,0,0,1696,0,913,0,2,UNSAT
17,4,dgibbs,mva-eager,7,0,0,1733,0,913,0,2,UNSAT
18,4,dgibbs,mva-eager,5,0,0,1493,0,913,1,2,UNSAT
19,4,dgibbs,mva-eager,7,0,0,1065,0,914,1,3,UNSAT
20,4,dgibbs,mva-eager,8,0,0,1634,0,914,2,6,UNSAT
21,4,dgibbs,mva-eager,4,0,0,953,0,914,2,5,UNSAT
22,4,dgibbs,mva-eager,5,0,0,1210,0,914,0,3,UNSAT
23,4,dgibbs,mva-eager,7,0,0,1609,0,913,0,2,56
24,4,dgibbs,mva-eager,5,0,0,1188,0,914,0,2,UNSAT
25,4,dgibbs,mva-eager,7,0,0,1462,0,914,0,2,UNSAT
26,4,dgibbs,mva-eager,6,0,0,1517,0,913,3,6,UNSAT
27,4,dgibbs,mva-eager,6,0,0,1737,0,913,1,2,UNSAT
28,4,dgibbs,mva-eager,7,0,0,1317,0,914,1,5,UNSAT
29,4,dgibbs,mva-eager,5,0,0,1300,0,914,0,2,UNSAT
0,6,dgibbs,mva-eager,NA,NA,NA,NA,NA,NA,NA,NA,OOT
1,6,dgibbs,mva-eager,14,0,0,2376,0,913,2,5,UNSAT
2,6,dgibbs,mva-eager,14,0,0,1733,0,914,2,5,UNSAT
3,6,dgibbs,mva-eager,8,0,0,1773,0,915,1,5,UNSAT
4,6,dgibbs,mva-eager,13,0,0,1721,0,914,1,4,UNSAT
5,6,dgibbs,mva-eager,9,0,0,2442,0,914,1,3,UNSAT
6,6,dgibbs,mva-eager,4,0,0,1929,0,913,3,6,UNSAT
7,6,dgibbs,mva-eager,15,0,0,2498,0,913,2,4,UNSAT
8,6,dgibbs,mva-eager,6,0,0,2128,0,913,1,5,UNSAT
9,6,dgibbs,mva-eager,19,0,0,2344,0,914,1,3,120
10,6,dgibbs,mva-eager,17,0,0,2008,0,913,1,4,112
11,6,dgibbs,mva-eager,9,0,0,1611,0,914,1,4,UNSAT
12,6,dgibbs,mva-eager,14,0,0,2445,0,913,1,3,UNSAT
13,6,dgibbs,mva-eager,14,0,0,2163,0,914,1,3,UNSAT
14,6,dgibbs,mva-eager,14,0,0,2406,0,913,1,3,UNSAT
15,6,dgibbs,mva-eager,7,0,0,1135,0,914,1,3,UNSAT
16,6,dgibbs,mva-eager,18,0,0,1698,0,915,1,3,147
17,6,dgibbs,mva-eager,13,0,0,1507,0,914,1,4,UNSAT
18,6,dgibbs,mva-eager,20,0,0,1755,0,913,1,5,UNSAT
19,6,dgibbs,mva-eager,11,0,0,2059,0,914,1,3,140
20,6,dgibbs,mva-eager,21,0,0,1657,0,914,2,6,UNSAT
21,6,dgibbs,mva-eager,16,0,0,2223,0,914,1,3,UNSAT
22,6,dgibbs,mva-eager,3,0,0,2077,0,914,2,7,UNSAT
23,6,dgibbs,mva-eager,4,0,0,1328,0,913,1,3,UNSAT
24,6,dgibbs,mva-eager,14,0,0,3748,0,913,1,5,68
25,6,dgibbs,mva-eager,17,0,0,1754,0,913,2,4,UNSAT
26,6,dgibbs,mva-eager,4,0,0,2031,0,913,1,3,UNSAT
27,6,dgibbs,mva-eager,4,0,0,1232,0,913,2,5,UNSAT
28,6,dgibbs,mva-eager,14,0,0,1066,0,913,2,4,UNSAT
29,6,dgibbs,mva-eager,12,0,0,2110,0,913,1,4,UNSAT
0,8,dgibbs,mva-eager,NA,NA,NA,NA,NA,NA,NA,NA,OOT
1,8,dgibbs,mva-eager,3,0,0,3069,0,913,3,8,UNSAT
2,8,dgibbs,mva-eager,20,0,0,1658,0,914,1,9,UNSAT
3,8,dgibbs,mva-eager,26,0,0,1493,0,914,1,4,UNSAT
4,8,dgibbs,mva-eager,19,0,0,3332,0,915,1,11,UNSAT
5,8,dgibbs,mva-eager,15,0,0,938,0,914,1,6,UNSAT
6,8,dgibbs,mva-eager,9,0,0,2708,0,914,2,8,UNSAT
7,8,dgibbs,mva-eager,14,0,0,857,0,914,1,5,UNSAT
8,8,dgibbs,mva-eager,1,0,0,1156,0,914,2,6,UNSAT
9,8,dgibbs,mva-eager,13,0,0,2760,0,914,1,5,UNSAT
10,8,dgibbs,mva-eager,32,0,0,1946,0,914,1,4,UNSAT
11,8,dgibbs,mva-eager,2,0,0,2148,0,914,1,9,UNSAT
12,8,dgibbs,mva-eager,25,0,0,4269,0,913,2,5,233
13,8,dgibbs,mva-eager,2,0,0,4092,0,913,3,7,UNSAT
14,8,dgibbs,mva-eager,2,0,0,1847,0,913,3,8,UNSAT
15,8,dgibbs,mva-eager,1,0,0,1554,0,914,1,4,UNSAT
16,8,dgibbs,mva-eager,24,0,0,1754,0,913,3,6,UNSAT
17,8,dgibbs,mva-eager,4,0,0,1195,0,913,2,5,UNSAT
18,8,dgibbs,mva-eager,4,0,0,2416,0,913,2,4,UNSAT
19,8,dgibbs,mva-eager,4,0,0,579,0,914,1,4,UNSAT
20,8,dgibbs,mva-eager,6,0,0,1049,0,915,1,4,UNSAT
21,8,dgibbs,mva-eager,41,0,0,1018,0,914,2,9,UNSAT
22,8,dgibbs,mva-eager,1,0,0,1159,0,913,2,4,UNSAT
23,8,dgibbs,mva-eager,13,0,0,1252,0,913,2,6,UNSAT
24,8,dgibbs,mva-eager,8,0,0,1013,0,914,1,5,UNSAT
25,8,dgibbs,mva-eager,4,0,0,2212,0,913,2,8,UNSAT
26,8,dgibbs,mva-eager,40,0,0,1846,0,913,2,6,UNSAT
27,8,dgibbs,mva-eager,1,0,0,1095,0,913,2,5,UNSAT
28,8,dgibbs,mva-eager,28,0,0,2852,0,913,2,4,UNSAT
29,8,dgibbs,mva-eager,1,0,0,1173,0,914,2,9,UNSAT
0,10,dgibbs,mva-eager,NA,NA,NA,NA,NA,NA,NA,NA,OOT
1,10,dgibbs,mva-eager,20,0,0,3149,0,914,2,11,UNSAT
2,10,dgibbs,mva-eager,4,0,0,676,0,913,2,8,UNSAT
3,10,dgibbs,mva-eager,4,0,0,1051,0,914,2,8,UNSAT
4,10,dgibbs,mva-eager,4,0,0,2749,0,913,3,12,UNSAT
5,10,dgibbs,mva-eager,2,0,0,1557,0,914,2,6,UNSAT
6,10,dgibbs,mva-eager,9,0,0,1383,0,914,2,11,UNSAT
7,10,dgibbs,mva-eager,1,0,0,719,0,914,2,7,UNSAT
8,10,dgibbs,mva-eager,6,0,0,818,0,913,3,7,UNSAT
9,10,dgibbs,mva-eager,8,0,0,1611,0,914,2,6,UNSAT
10,10,dgibbs,mva-eager,28,0,0,1544,0,913,2,8,UNSAT
11,10,dgibbs,mva-eager,4,0,0,800,0,914,1,7,UNSAT
12,10,dgibbs,mva-eager,30,0,0,911,0,913,2,7,UNSAT
13,10,dgibbs,mva-eager,4,0,0,1853,0,913,2,7,UNSAT
14,10,dgibbs,mva-eager,4,0,0,1072,0,913,2,7,UNSAT
15,10,dgibbs,mva-eager,5,0,0,767,0,915,1,7,UNSAT
16,10,dgibbs,mva-eager,4,0,0,2621,0,914,1,7,UNSAT
17,10,dgibbs,mva-eager,4,0,0,1034,0,914,2,7,UNSAT
18,10,dgibbs,mva-eager,1,0,0,747,0,914,2,7,UNSAT
19,10,dgibbs,mva-eager,4,0,0,1172,0,914,2,9,UNSAT
20,10,dgibbs,mva-eager,17,0,0,1203,0,913,2,7,UNSAT
21,10,dgibbs,mva-eager,48,0,0,829,0,914,2,8,UNSAT
22,10,dgibbs,mva-eager,2,0,0,718,0,914,1,6,UNSAT
23,10,dgibbs,mva-eager,4,0,0,3820,0,914,2,7,UNSAT
24,10,dgibbs,mva-eager,40,0,0,3217,0,915,1,7,UNSAT
25,10,dgibbs,mva-eager,14,0,0,1954,0,913,2,7,UNSAT
26,10,dgibbs,mva-eager,4,0,0,623,0,914,1,7,UNSAT
27,10,dgibbs,mva-eager,32,0,0,948,0,914,2,6,UNSAT
28,10,dgibbs,mva-eager,4,0,0,630,0,914,1,7,UNSAT
29,10,dgibbs,mva-eager,4,0,0,994,0,914,2,7,UNSAT
0,12,dgibbs,mva-eager,NA,NA,NA,NA,NA,NA,NA,NA,OOT
1,12,dgibbs,mva-eager,35,0,0,4463,0,913,4,14,484
2,12,dgibbs,mva-eager,4,0,0,635,0,913,3,17,UNSAT
3,12,dgibbs,mva-eager,4,0,0,604,0,913,3,21,UNSAT
4,12,dgibbs,mva-eager,4,0,0,608,0,913,3,9,UNSAT
5,12,dgibbs,mva-eager,4,0,0,503,0,914,2,11,UNSAT
6,12,dgibbs,mva-eager,1,0,0,1105,0,914,2,18,UNSAT
7,12,dgibbs,mva-eager,4,0,0,605,0,913,3,13,UNSAT
8,12,dgibbs,mva-eager,9,0,0,605,0,915,2,15,UNSAT
9,12,dgibbs,mva-eager,4,0,0,1384,0,913,5,12,UNSAT
10,12,dgibbs,mva-eager,5,0,0,1373,0,914,2,11,UNSAT
11,12,dgibbs,mva-eager,4,0,0,616,0,914,2,13,UNSAT
12,12,dgibbs,mva-eager,4,0,0,651,0,913,3,16,UNSAT
13,12,dgibbs,mva-eager,1,0,0,882,0,914,2,13,UNSAT
14,12,dgibbs,mva-eager,8,0,0,745,0,914,3,13,UNSAT
15,12,dgibbs,mva-eager,6,0,0,604,0,914,2,13,UNSAT
16,12,dgibbs,mva-eager,4,0,0,622,0,914,2,17,UNSAT
17,12,dgibbs,mva-eager,4,0,0,608,0,913,3,14,UNSAT
18,12,dgibbs,mva-eager,2,0,0,503,0,914,2,10,UNSAT
19,12,dgibbs,mva-eager,42,0,0,1229,0,914,3,17,UNSAT
20,12,dgibbs,mva-eager,1,0,0,674,0,914,2,14,UNSAT
21,12,dgibbs,mva-eager,4,0,0,606,0,913,3,14,UNSAT
22,12,dgibbs,mva-eager,4,0,0,606,0,913,3,12,UNSAT
23,12,dgibbs,mva-eager,1,0,0,532,0,914,2,15,UNSAT
24,12,dgibbs,mva-eager,4,0,0,638,0,913,4,13,UNSAT
25,12,dgibbs,mva-eager,4,0,0,505,0,914,3,18,UNSAT
26,12,dgibbs,mva-eager,3,0,0,606,0,914,3,14,UNSAT
27,12,dgibbs,mva-eager,4,0,0,757,0,913,3,9,UNSAT
28,12,dgibbs,mva-eager,3,0,0,505,0,914,2,17,UNSAT
29,12,dgibbs,mva-eager,11,0,0,652,0,914,2,14,UNSAT
0,14,dgibbs,mva-eager,NA,NA,NA,NA,NA,NA,NA,NA,OOT
1,14,dgibbs,mva-eager,49,0,0,4465,0,915,2,18,UNSAT
2,14,dgibbs,mva-eager,1,0,0,606,0,914,3,27,UNSAT
3,14,dgibbs,mva-eager,6,0,0,703,0,913,4,29,UNSAT
4,14,dgibbs,mva-eager,52,0,0,1560,0,913,3,18,UNSAT
5,14,dgibbs,mva-eager,2,0,0,4196,0,913,4,25,UNSAT
6,14,dgibbs,mva-eager,4,0,0,507,0,914,3,18,UNSAT
7,14,dgibbs,mva-eager,118,0,0,2817,0,913,4,28,756
8,14,dgibbs,mva-eager,4,0,0,1436,0,914,3,26,UNSAT
9,14,dgibbs,mva-eager,9,0,0,404,0,915,2,39,UNSAT
10,14,dgibbs,mva-eager,1,0,0,2149,0,914,3,20,UNSAT
11,14,dgibbs,mva-eager,4,0,0,606,0,913,4,17,UNSAT
12,14,dgibbs,mva-eager,9,0,0,1654,0,914,3,26,UNSAT
13,14,dgibbs,mva-eager,8,0,0,556,0,914,3,27,UNSAT
14,14,dgibbs,mva-eager,4,0,0,743,0,914,2,25,UNSAT
15,14,dgibbs,mva-eager,1,0,0,202,0,914,3,22,UNSAT
16,14,dgibbs,mva-eager,4,0,0,558,0,914,3,21,UNSAT
17,14,dgibbs,mva-eager,5,0,0,542,0,914,2,22,UNSAT
18,14,dgibbs,mva-eager,9,0,0,505,0,914,3,20,UNSAT
19,14,dgibbs,mva-eager,8,0,0,505,0,914,3,25,UNSAT
20,14,dgibbs,mva-eager,4,0,0,606,0,913,4,26,UNSAT
21,14,dgibbs,mva-eager,131,0,0,11554,0,914,4,30,UNSAT
22,14,dgibbs,mva-eager,1,0,0,507,0,915,2,18,UNSAT
23,14,dgibbs,mva-eager,1,0,0,701,0,914,3,18,UNSAT
24,14,dgibbs,mva-eager,5,0,0,404,0,915,2,25,UNSAT
25,14,dgibbs,mva-eager,4,0,0,507,0,914,3,19,UNSAT
26,14,dgibbs,mva-eager,2,0,0,604,0,913,4,27,UNSAT
27,14,dgibbs,mva-eager,4,0,0,505,0,914,2,26,UNSAT
28,14,dgibbs,mva-eager,1,0,0,606,0,914,3,31,UNSAT
29,14,dgibbs,mva-eager,4,0,0,670,0,913,3,36,UNSAT
0,16,dgibbs,mva-eager,NA,NA,NA,NA,NA,NA,NA,NA,OOT
1,16,dgibbs,mva-eager,1,0,0,202,0,914,3,33,UNSAT
2,16,dgibbs,mva-eager,4,0,0,799,0,913,5,46,UNSAT
3,16,dgibbs,mva-eager,4,0,0,606,0,913,5,47,UNSAT
4,16,dgibbs,mva-eager,4,0,0,606,0,913,5,37,UNSAT
5,16,dgibbs,mva-eager,1,0,0,598,0,914,3,40,UNSAT
6,16,dgibbs,mva-eager,4,0,0,505,0,914,3,36,UNSAT
7,16,dgibbs,mva-eager,4,0,0,603,0,913,4,43,UNSAT
8,16,dgibbs,mva-eager,4,0,0,606,0,913,4,43,UNSAT
9,16,dgibbs,mva-eager,4,0,0,505,0,914,4,52,UNSAT
10,16,dgibbs,mva-eager,1,0,0,4965,0,914,4,50,UNSAT
11,16,dgibbs,mva-eager,1,0,0,505,0,914,4,42,UNSAT
12,16,dgibbs,mva-eager,5,0,0,505,0,914,3,48,UNSAT
13,16,dgibbs,mva-eager,49,0,0,16726,0,914,4,44,UNSAT
14,16,dgibbs,mva-eager,4,0,0,709,0,913,5,27,UNSAT
15,16,dgibbs,mva-eager,4,0,0,606,0,913,5,47,UNSAT
16,16,dgibbs,mva-eager,2,0,0,606,0,913,4,28,UNSAT
17,16,dgibbs,mva-eager,4,0,0,505,0,914,4,51,UNSAT
18,16,dgibbs,mva-eager,2,0,0,759,0,914,4,50,UNSAT
19,16,dgibbs,mva-eager,2,0,0,606,0,913,4,37,UNSAT
20,16,dgibbs,mva-eager,4,0,0,706,0,913,6,46,UNSAT
21,16,dgibbs,mva-eager,1,0,0,306,0,913,5,33,UNSAT
22,16,dgibbs,mva-eager,2,0,0,505,0,914,3,49,UNSAT
23,16,dgibbs,mva-eager,149,0,0,11723,0,914,5,50,UNSAT
24,16,dgibbs,mva-eager,4,0,0,505,0,914,3,45,UNSAT
25,16,dgibbs,mva-eager,2,0,0,15778,0,913,7,60,UNSAT
26,16,dgibbs,mva-eager,1,0,0,303,0,913,5,39,UNSAT
27,16,dgibbs,mva-eager,4,0,0,606,0,913,4,51,UNSAT
28,16,dgibbs,mva-eager,4,0,0,505,0,914,5,64,UNSAT
29,16,dgibbs,mva-eager,4,0,0,8007,0,914,5,37,UNSAT
0,18,dgibbs,mva-eager,NA,NA,NA,NA,NA,NA,NA,NA,OOT
1,18,dgibbs,mva-eager,4,0,0,505,0,914,6,102,UNSAT
2,18,dgibbs,mva-eager,172,0,0,12578,0,913,9,100,UNSAT
3,18,dgibbs,mva-eager,4,0,0,606,0,913,8,60,UNSAT
4,18,dgibbs,mva-eager,2,0,0,608,0,913,6,90,UNSAT
5,18,dgibbs,mva-eager,1,0,0,604,0,913,7,81,UNSAT
6,18,dgibbs,mva-eager,2,0,0,37854,0,914,9,86,UNSAT
7,18,dgibbs,mva-eager,90,0,0,14305,0,913,6,67,UNSAT
8,18,dgibbs,mva-eager,5,0,0,404,0,915,3,53,UNSAT
9,18,dgibbs,mva-eager,4,0,0,606,0,913,6,79,UNSAT
10,18,dgibbs,mva-eager,8,0,0,404,0,915,4,75,UNSAT
11,18,dgibbs,mva-eager,9,0,0,504,0,914,5,79,UNSAT
12,18,dgibbs,mva-eager,246,0,0,608,0,913,7,86,UNSAT
13,18,dgibbs,mva-eager,217,0,0,14804,0,914,5,67,UNSAT
14,18,dgibbs,mva-eager,4,0,0,606,0,913,5,61,UNSAT
15,18,dgibbs,mva-eager,4,0,0,505,0,914,4,78,UNSAT
16,18,dgibbs,mva-eager,169,0,0,36829,0,914,7,65,UNSAT
17,18,dgibbs,mva-eager,4,0,0,507,0,914,4,78,UNSAT
18,18,dgibbs,mva-eager,4,0,0,503,0,914,5,70,UNSAT
19,18,dgibbs,mva-eager,4,0,0,606,0,913,5,49,UNSAT
20,18,dgibbs,mva-eager,293,0,0,34833,0,914,6,100,UNSAT
21,18,dgibbs,mva-eager,3,0,0,404,0,915,4,84,UNSAT
22,18,dgibbs,mva-eager,1,0,0,608,0,913,6,80,UNSAT
23,18,dgibbs,mva-eager,4,0,0,608,0,913,5,70,UNSAT
24,18,dgibbs,mva-eager,4,0,0,608,0,913,8,100,UNSAT
25,18,dgibbs,mva-eager,5,0,0,404,0,915,3,66,UNSAT
26,18,dgibbs,mva-eager,4,0,0,608,0,913,6,65,UNSAT
27,18,dgibbs,mva-eager,161,0,0,30517,0,913,10,103,2403
28,18,dgibbs,mva-eager,123,0,0,19940,0,913,7,68,UNSAT
29,18,dgibbs,mva-eager,1,0,0,202,0,914,5,83,UNSAT
0,20,dgibbs,mva-eager,NA,NA,NA,NA,NA,NA,NA,NA,OOT
1,20,dgibbs,mva-eager,103,0,0,505,0,914,5,121,UNSAT
2,20,dgibbs,mva-eager,4,0,0,606,0,913,7,132,UNSAT
3,20,dgibbs,mva-eager,4,0,0,602,0,913,11,181,UNSAT
4,20,dgibbs,mva-eager,1,0,0,202,0,913,7,149,UNSAT
5,20,dgibbs,mva-eager,254,0,0,24502,0,914,9,135,UNSAT
6,20,dgibbs,mva-eager,2,0,0,26542,0,914,9,165,UNSAT
7,20,dgibbs,mva-eager,4,0,0,505,0,914,5,130,UNSAT
8,20,dgibbs,mva-eager,2,0,0,608,0,913,12,139,UNSAT
9,20,dgibbs,mva-eager,4,0,0,503,0,914,5,144,UNSAT
10,20,dgibbs,mva-eager,8,0,0,404,0,915,5,141,UNSAT
11,20,dgibbs,mva-eager,147,0,0,11558,0,913,9,164,278
12,20,dgibbs,mva-eager,4,0,0,604,0,913,8,129,UNSAT
13,20,dgibbs,mva-eager,312,0,0,31072,0,913,14,174,UNSAT
14,20,dgibbs,mva-eager,4,0,0,11812,0,914,9,176,UNSAT
15,20,dgibbs,mva-eager,4,0,0,503,0,914,6,135,UNSAT
16,20,dgibbs,mva-eager,4,0,0,606,0,913,7,113,UNSAT
17,20,dgibbs,mva-eager,5,0,0,505,0,914,5,113,UNSAT
18,20,dgibbs,mva-eager,8,0,0,404,0,915,4,117,UNSAT
19,20,dgibbs,mva-eager,104,0,0,501,0,914,7,179,UNSAT
20,20,dgibbs,mva-eager,4,0,0,606,0,913,15,169,UNSAT
21,20,dgibbs,mva-eager,4,0,0,604,0,913,6,111,UNSAT
22,20,dgibbs,mva-eager,4,0,0,606,0,913,10,135,UNSAT
23,20,dgibbs,mva-eager,1,0,0,202,0,914,5,112,UNSAT
24,20,dgibbs,mva-eager,172,0,0,20257,0,914,7,155,UNSAT
25,20,dgibbs,mva-eager,194,0,0,12299,0,914,7,181,UNSAT
26,20,dgibbs,mva-eager,6,0,0,20401,0,913,12,120,UNSAT
27,20,dgibbs,mva-eager,874,0,0,2003,0,913,10,149,764
28,20,dgibbs,mva-eager,144,0,0,36710,0,913,15,144,2535
29,20,dgibbs,mva-eager,4,0,0,681,0,914,7,174,UNSAT
0,2,dgibbs,mva-lazy,NA,NA,NA,NA,NA,NA,NA,NA,OOT
1,2,dgibbs,mva-lazy,2,0,0,704,0,913,0,2,UNSAT
2,2,dgibbs,mva-lazy,3,0,0,806,0,914,1,4,56
3,2,dgibbs,mva-lazy,5,0,0,1014,0,913,0,2,UNSAT
4,2,dgibbs,mva-lazy,1,0,0,603,0,913,0,2,UNSAT
5,2,dgibbs,mva-lazy,3,0,0,1010,0,913,2,5,42
6,2,dgibbs,mva-lazy,5,0,0,806,0,914,0,1,UNSAT
7,2,dgibbs,mva-lazy,3,0,0,606,0,913,1,4,UNSAT
8,2,dgibbs,mva-lazy,5,0,0,1009,0,913,1,3,14
9,2,dgibbs,mva-lazy,2,0,0,811,0,914,2,5,30
10,2,dgibbs,mva-lazy,2,0,0,808,0,914,2,7,UNSAT
11,2,dgibbs,mva-lazy,3,0,0,798,0,914,0,2,UNSAT
12,2,dgibbs,mva-lazy,2,0,0,811,0,914,1,3,35
13,2,dgibbs,mva-lazy,3,0,0,808,0,914,0,1,UNSAT
14,2,dgibbs,mva-lazy,5,0,0,808,0,914,0,2,35
15,2,dgibbs,mva-lazy,5,0,0,808,0,914,0,2,UNSAT
16,2,dgibbs,mva-lazy,2,0,0,602,0,915,0,1,UNSAT
17,2,dgibbs,mva-lazy,6,0,0,808,0,914,0,2,UNSAT
18,2,dgibbs,mva-lazy,3,0,0,1010,0,913,0,2,34
19,2,dgibbs,mva-lazy,5,0,0,808,0,914,0,1,UNSAT
20,2,dgibbs,mva-lazy,3,0,0,808,0,914,0,2,UNSAT
21,2,dgibbs,mva-lazy,6,0,0,992,0,913,0,2,UNSAT
22,2,dgibbs,mva-lazy,5,0,0,1007,0,913,0,2,14
23,2,dgibbs,mva-lazy,2,0,0,205,0,913,0,2,UNSAT
24,2,dgibbs,mva-lazy,3,0,0,808,0,914,0,1,20
25,2,dgibbs,mva-lazy,2,0,0,602,0,915,0,2,UNSAT
26,2,dgibbs,mva-lazy,3,0,0,808,0,914,0,2,UNSAT
27,2,dgibbs,mva-lazy,2,0,0,1010,0,913,0,2,UNSAT
28,2,dgibbs,mva-lazy,2,0,0,202,0,914,0,1,UNSAT
29,2,dgibbs,mva-lazy,6,0,0,808,0,914,0,2,UNSAT
0,4,dgibbs,mva-lazy,NA,NA,NA,NA,NA,NA,NA,NA,OOT
1,4,dgibbs,mva-lazy,11,0,0,1266,0,913,0,2,UNSAT
2,4,dgibbs,mva-lazy,4,0,0,1288,0,914,1,3,UNSAT
3,4,dgibbs,mva-lazy,11,0,0,899,0,915,1,5,UNSAT
4,4,dgibbs,mva-lazy,3,0,0,1343,0,914,1,6,UNSAT
5,4,dgibbs,mva-lazy,8,0,0,1362,0,913,0,2,UNSAT
6,4,dgibbs,mva-lazy,5,0,0,1233,0,914,1,3,UNSAT
7,4,dgibbs,mva-lazy,5,0,0,1365,0,913,0,2,UNSAT
8,4,dgibbs,mva-lazy,3,0,0,691,0,914,0,3,UNSAT
9,4,dgibbs,mva-lazy,4,0,0,1556,0,913,0,2,UNSAT
10,4,dgibbs,mva-lazy,8,0,0,1294,0,914,1,5,UNSAT
11,4,dgibbs,mva-lazy,5,0,0,1693,0,913,4,8,UNSAT
12,4,dgibbs,mva-lazy,6,0,0,1547,0,913,0,2,UNSAT
13,4,dgibbs,mva-lazy,6,0,0,992,0,914,1,5,UNSAT
14,4,dgibbs,mva-lazy,5,0,0,1727,0,914,2,5,UNSAT
15,4,dgibbs,mva-lazy,6,0,0,1463,0,913,2,5,UNSAT
16,4,dgibbs,mva-lazy,9,0,0,1663,0,913,0,2,UNSAT
17,4,dgibbs,mva-lazy,6,0,0,1766,0,913,0,2,UNSAT
18,4,dgibbs,mva-lazy,5,0,0,1527,0,913,0,2,UNSAT
19,4,dgibbs,mva-lazy,4,0,0,1141,0,914,1,4,UNSAT
20,4,dgibbs,mva-lazy,8,0,0,1696,0,914,0,2,UNSAT
21,4,dgibbs,mva-lazy,6,0,0,692,0,914,0,2,UNSAT
22,4,dgibbs,mva-lazy,6,0,0,1182,0,914,1,4,UNSAT
23,4,dgibbs,mva-lazy,8,0,0,1607,0,913,2,6,56
24,4,dgibbs,mva-lazy,2,0,0,1191,0,914,0,2,UNSAT
25,4,dgibbs,mva-lazy,11,0,0,1493,0,914,2,5,UNSAT
26,4,dgibbs,mva-lazy,4,0,0,1542,0,913,1,3,UNSAT
27,4,dgibbs,mva-lazy,10,0,0,1748,0,913,1,3,UNSAT
28,4,dgibbs,mva-lazy,6,0,0,1340,0,914,0,4,UNSAT
29,4,dgibbs,mva-lazy,6,0,0,1255,0,914,0,2,UNSAT
0,6,dgibbs,mva-lazy,NA,NA,NA,NA,NA,NA,NA,NA,OOT
1,6,dgibbs,mva-lazy,9,0,0,1226,0,913,2,4,UNSAT
2,6,dgibbs,mva-lazy,10,0,0,1770,0,914,1,3,UNSAT
3,6,dgibbs,mva-lazy,17,0,0,1665,0,915,1,7,UNSAT
4,6,dgibbs,mva-lazy,4,0,0,2007,0,914,1,4,UNSAT
5,6,dgibbs,mva-lazy,14,0,0,2438,0,914,1,3,UNSAT
6,6,dgibbs,mva-lazy,10,0,0,2110,0,913,2,7,UNSAT
7,6,dgibbs,mva-lazy,11,0,0,2814,0,913,4,9,UNSAT
8,6,dgibbs,mva-lazy,12,0,0,2638,0,913,2,6,66
9,6,dgibbs,mva-lazy,9,0,0,2549,0,914,1,3,UNSAT
10,6,dgibbs,mva-lazy,9,0,0,2086,0,913,1,3,UNSAT
11,6,dgibbs,mva-lazy,12,0,0,1611,0,914,1,4,UNSAT
12,6,dgibbs,mva-lazy,18,0,0,3069,0,913,2,5,UNSAT
13,6,dgibbs,mva-lazy,12,0,0,2325,0,914,1,3,UNSAT
14,6,dgibbs,mva-lazy,15,0,0,1718,0,913,3,5,UNSAT
15,6,dgibbs,mva-lazy,4,0,0,1297,0,914,2,7,UNSAT
16,6,dgibbs,mva-lazy,5,0,0,1833,0,915,0,3,UNSAT
17,6,dgibbs,mva-lazy,9,0,0,1577,0,914,1,4,UNSAT
18,6,dgibbs,mva-lazy,7,0,0,1613,0,913,2,4,UNSAT
19,6,dgibbs,mva-lazy,4,0,0,2214,0,914,2,5,164
20,6,dgibbs,mva-lazy,12,0,0,1700,0,914,2,6,UNSAT
21,6,dgibbs,mva-lazy,12,0,0,2241,0,914,1,3,UNSAT
22,6,dgibbs,mva-lazy,14,0,0,2081,0,914,1,4,UNSAT
23,6,dgibbs,mva-lazy,17,0,0,1540,0,913,2,5,UNSAT
24,6,dgibbs,mva-lazy,4,0,0,3167,0,913,3,5,56
25,6,dgibbs,mva-lazy,13,0,0,2326,0,913,1,3,130
26,6,dgibbs,mva-lazy,10,0,0,1844,0,913,2,4,UNSAT
27,6,dgibbs,mva-lazy,21,0,0,1097,0,913,2,5,UNSAT
28,6,dgibbs,mva-lazy,2,0,0,945,0,913,1,4,UNSAT
29,6,dgibbs,mva-lazy,16,0,0,2147,0,913,1,3,UNSAT
0,8,dgibbs,mva-lazy,NA,NA,NA,NA,NA,NA,NA,NA,OOT
1,8,dgibbs,mva-lazy,25,0,0,3249,0,913,3,6,UNSAT
2,8,dgibbs,mva-lazy,30,0,0,1875,0,914,1,5,UNSAT
3,8,dgibbs,mva-lazy,4,0,0,1404,0,914,2,9,UNSAT
4,8,dgibbs,mva-lazy,1,0,0,2588,0,915,1,5,UNSAT
5,8,dgibbs,mva-lazy,18,0,0,2185,0,914,1,4,UNSAT
6,8,dgibbs,mva-lazy,28,0,0,2345,0,914,1,5,UNSAT
7,8,dgibbs,mva-lazy,3,0,0,759,0,914,1,5,UNSAT
8,8,dgibbs,mva-lazy,1,0,0,2357,0,914,1,7,UNSAT
9,8,dgibbs,mva-lazy,18,0,0,2048,0,914,2,9,UNSAT
10,8,dgibbs,mva-lazy,4,0,0,1759,0,914,2,10,UNSAT
11,8,dgibbs,mva-lazy,20,0,0,2370,0,914,2,7,UNSAT
12,8,dgibbs,mva-lazy,24,0,0,4176,0,913,2,4,UNSAT
13,8,dgibbs,mva-lazy,29,0,0,4006,0,913,2,5,UNSAT
14,8,dgibbs,mva-lazy,18,0,0,2627,0,913,2,5,UNSAT
15,8,dgibbs,mva-lazy,7,0,0,772,0,914,3,12,UNSAT
16,8,dgibbs,mva-lazy,16,0,0,2464,0,913,4,9,UNSAT
17,8,dgibbs,mva-lazy,2,0,0,1487,0,913,2,4,UNSAT
18,8,dgibbs,mva-lazy,20,0,0,2158,0,913,3,6,UNSAT
19,8,dgibbs,mva-lazy,14,0,0,691,0,914,2,9,UNSAT
20,8,dgibbs,mva-lazy,20,0,0,1318,0,915,1,4,UNSAT
21,8,dgibbs,mva-lazy,40,0,0,3062,0,914,1,4,UNSAT
22,8,dgibbs,mva-lazy,37,0,0,1364,0,913,2,4,UNSAT
23,8,dgibbs,mva-lazy,1,0,0,1185,0,913,2,7,UNSAT
24,8,dgibbs,mva-lazy,7,0,0,1187,0,914,2,6,UNSAT
25,8,dgibbs,mva-lazy,11,0,0,2341,0,913,2,5,UNSAT
26,8,dgibbs,mva-lazy,4,0,0,998,0,913,2,5,UNSAT
27,8,dgibbs,mva-lazy,3,0,0,2135,0,913,2,8,UNSAT
28,8,dgibbs,mva-lazy,25,0,0,2562,0,913,3,10,UNSAT
29,8,dgibbs,mva-lazy,1,0,0,1462,0,914,2,8,UNSAT
0,10,dgibbs,mva-lazy,NA,NA,NA,NA,NA,NA,NA,NA,OOT
1,10,dgibbs,mva-lazy,40,0,0,2789,0,914,1,7,UNSAT
2,10,dgibbs,mva-lazy,2,0,0,734,0,913,3,11,UNSAT
3,10,dgibbs,mva-lazy,23,0,0,1296,0,914,2,7,UNSAT
4,10,dgibbs,mva-lazy,53,0,0,2800,0,913,2,11,UNSAT
5,10,dgibbs,mva-lazy,4,0,0,1253,0,914,4,9,UNSAT
6,10,dgibbs,mva-lazy,3,0,0,991,0,914,2,10,UNSAT
7,10,dgibbs,mva-lazy,3,0,0,855,0,914,2,12,UNSAT
8,10,dgibbs,mva-lazy,2,0,0,546,0,913,2,9,UNSAT
9,10,dgibbs,mva-lazy,5,0,0,1612,0,914,2,6,UNSAT
10,10,dgibbs,mva-lazy,4,0,0,1701,0,913,2,9,UNSAT
11,10,dgibbs,mva-lazy,4,0,0,798,0,914,1,8,UNSAT
12,10,dgibbs,mva-lazy,4,0,0,1331,0,913,3,7,UNSAT
13,10,dgibbs,mva-lazy,4,0,0,1850,0,913,2,7,UNSAT
14,10,dgibbs,mva-lazy,24,0,0,949,0,913,3,8,UNSAT
15,10,dgibbs,mva-lazy,8,0,0,840,0,915,1,7,UNSAT
16,10,dgibbs,mva-lazy,51,0,0,967,0,914,2,10,UNSAT
17,10,dgibbs,mva-lazy,4,0,0,860,0,914,2,9,UNSAT
18,10,dgibbs,mva-lazy,1,0,0,782,0,914,2,10,UNSAT
19,10,dgibbs,mva-lazy,4,0,0,1065,0,914,2,14,UNSAT
20,10,dgibbs,mva-lazy,17,0,0,1122,0,913,3,10,UNSAT
21,10,dgibbs,mva-lazy,2,0,0,612,0,914,1,8,UNSAT
22,10,dgibbs,mva-lazy,2,0,0,641,0,914,1,8,UNSAT
23,10,dgibbs,mva-lazy,2,0,0,3951,0,914,3,9,UNSAT
24,10,dgibbs,mva-lazy,60,0,0,3554,0,915,2,12,UNSAT
25,10,dgibbs,mva-lazy,16,0,0,1702,0,913,2,9,UNSAT
26,10,dgibbs,mva-lazy,4,0,0,592,0,914,2,10,UNSAT
27,10,dgibbs,mva-lazy,2,0,0,754,0,914,3,8,UNSAT
28,10,dgibbs,mva-lazy,4,0,0,673,0,914,2,9,UNSAT
29,10,dgibbs,mva-lazy,1,0,0,674,0,914,2,8,UNSAT
0,12,dgibbs,mva-lazy,NA,NA,NA,NA,NA,NA,NA,NA,OOT
1,12,dgibbs,mva-lazy,25,0,0,5210,0,913,3,17,UNSAT
2,12,dgibbs,mva-lazy,4,0,0,606,0,913,3,17,UNSAT
3,12,dgibbs,mva-lazy,4,0,0,606,0,913,3,17,UNSAT
4,12,dgibbs,mva-lazy,2,0,0,606,0,913,4,14,UNSAT
5,12,dgibbs,mva-lazy,4,0,0,505,0,914,2,14,UNSAT
6,12,dgibbs,mva-lazy,108,0,0,1332,0,914,2,17,UNSAT
7,12,dgibbs,mva-lazy,4,0,0,674,0,913,3,15,UNSAT
8,12,dgibbs,mva-lazy,4,0,0,505,0,915,1,19,UNSAT
9,12,dgibbs,mva-lazy,4,0,0,935,0,913,3,14,UNSAT
10,12,dgibbs,mva-lazy,39,0,0,1905,0,914,2,9,UNSAT
11,12,dgibbs,mva-lazy,4,0,0,505,0,914,2,15,UNSAT
12,12,dgibbs,mva-lazy,4,0,0,799,0,913,3,12,UNSAT
13,12,dgibbs,mva-lazy,1,0,0,637,0,914,2,18,UNSAT
14,12,dgibbs,mva-lazy,1,0,0,1098,0,914,3,14,UNSAT
15,12,dgibbs,mva-lazy,1,0,0,825,0,914,2,13,UNSAT
16,12,dgibbs,mva-lazy,4,0,0,774,0,914,2,13,UNSAT
17,12,dgibbs,mva-lazy,4,0,0,606,0,913,4,20,UNSAT
18,12,dgibbs,mva-lazy,4,0,0,543,0,914,2,11,UNSAT
19,12,dgibbs,mva-lazy,4,0,0,1001,0,914,2,15,UNSAT
20,12,dgibbs,mva-lazy,1,0,0,761,0,914,2,13,UNSAT
21,12,dgibbs,mva-lazy,28,0,0,6598,0,913,4,16,UNSAT
22,12,dgibbs,mva-lazy,4,0,0,606,0,913,4,15,UNSAT
23,12,dgibbs,mva-lazy,1,0,0,502,0,914,2,17,UNSAT
24,12,dgibbs,mva-lazy,4,0,0,661,0,913,3,14,UNSAT
25,12,dgibbs,mva-lazy,2,0,0,505,0,914,2,16,UNSAT
26,12,dgibbs,mva-lazy,4,0,0,653,0,914,2,15,UNSAT
27,12,dgibbs,mva-lazy,2,0,0,628,0,913,3,9,UNSAT
28,12,dgibbs,mva-lazy,8,0,0,505,0,914,2,19,UNSAT
29,12,dgibbs,mva-lazy,0,0,0,780,0,914,3,17,UNSAT
0,14,dgibbs,mva-lazy,NA,NA,NA,NA,NA,NA,NA,NA,OOT
1,14,dgibbs,mva-lazy,9,0,0,3672,0,915,2,17,UNSAT
2,14,dgibbs,mva-lazy,1,0,0,607,0,914,3,25,UNSAT
3,14,dgibbs,mva-lazy,3,0,0,842,0,913,4,25,UNSAT
4,14,dgibbs,mva-lazy,4,0,0,1678,0,913,4,19,UNSAT
5,14,dgibbs,mva-lazy,2,0,0,3797,0,913,4,28,UNSAT
6,14,dgibbs,mva-lazy,4,0,0,505,0,914,3,21,UNSAT
7,14,dgibbs,mva-lazy,4,0,0,3189,0,913,4,27,UNSAT
8,14,dgibbs,mva-lazy,2,0,0,786,0,914,3,22,UNSAT
9,14,dgibbs,mva-lazy,8,0,0,500,0,915,2,37,UNSAT
10,14,dgibbs,mva-lazy,10,0,0,1992,0,914,3,18,UNSAT
11,14,dgibbs,mva-lazy,4,0,0,606,0,913,4,16,UNSAT
12,14,dgibbs,mva-lazy,10,0,0,878,0,914,3,29,UNSAT
13,14,dgibbs,mva-lazy,1,0,0,501,0,914,3,21,UNSAT
14,14,dgibbs,mva-lazy,1,0,0,626,0,914,3,23,UNSAT
15,14,dgibbs,mva-lazy,1,0,0,604,0,914,3,21,UNSAT
16,14,dgibbs,mva-lazy,4,0,0,505,0,914,2,26,UNSAT
17,14,dgibbs,mva-lazy,3,0,0,505,0,914,3,24,UNSAT
18,14,dgibbs,mva-lazy,9,0,0,505,0,914,3,20,UNSAT
19,14,dgibbs,mva-lazy,9,0,0,505,0,914,3,27,UNSAT
20,14,dgibbs,mva-lazy,4,0,0,608,0,913,4,21,UNSAT
21,14,dgibbs,mva-lazy,43,0,0,11466,0,914,4,32,UNSAT
22,14,dgibbs,mva-lazy,1,0,0,507,0,915,2,19,UNSAT
23,14,dgibbs,mva-lazy,3,0,0,558,0,914,3,18,UNSAT
24,14,dgibbs,mva-lazy,9,0,0,404,0,915,2,22,UNSAT
25,14,dgibbs,mva-lazy,4,0,0,505,0,914,3,21,UNSAT
26,14,dgibbs,mva-lazy,4,0,0,606,0,913,4,25,UNSAT
27,14,dgibbs,mva-lazy,2,0,0,505,0,914,2,26,UNSAT
28,14,dgibbs,mva-lazy,1,0,0,723,0,914,3,29,UNSAT
29,14,dgibbs,mva-lazy,4,0,0,606,0,913,3,34,UNSAT
0,16,dgibbs,mva-lazy,NA,NA,NA,NA,NA,NA,NA,NA,OOT
1,16,dgibbs,mva-lazy,1,0,0,202,0,914,3,38,UNSAT
2,16,dgibbs,mva-lazy,4,0,0,943,0,913,5,42,UNSAT
3,16,dgibbs,mva-lazy,4,0,0,712,0,913,5,41,UNSAT
4,16,dgibbs,mva-lazy,4,0,0,606,0,913,5,37,UNSAT
5,16,dgibbs,mva-lazy,1,0,0,606,0,914,3,37,UNSAT
6,16,dgibbs,mva-lazy,4,0,0,505,0,914,3,43,UNSAT
7,16,dgibbs,mva-lazy,2,0,0,601,0,913,4,50,UNSAT
8,16,dgibbs,mva-lazy,1,0,0,606,0,913,4,43,UNSAT
9,16,dgibbs,mva-lazy,0,0,0,503,0,914,4,52,UNSAT
10,16,dgibbs,mva-lazy,54,0,0,5079,0,914,4,43,UNSAT
11,16,dgibbs,mva-lazy,9,0,0,505,0,914,4,37,UNSAT
12,16,dgibbs,mva-lazy,8,0,0,505,0,914,3,47,UNSAT
13,16,dgibbs,mva-lazy,57,0,0,16608,0,914,5,46,UNSAT
14,16,dgibbs,mva-lazy,4,0,0,707,0,913,4,23,UNSAT
15,16,dgibbs,mva-lazy,2,0,0,606,0,913,5,43,UNSAT
16,16,dgibbs,mva-lazy,2,0,0,606,0,913,4,22,UNSAT
17,16,dgibbs,mva-lazy,2,0,0,505,0,914,4,46,UNSAT
18,16,dgibbs,mva-lazy,4,0,0,595,0,914,4,48,UNSAT
19,16,dgibbs,mva-lazy,4,0,0,605,0,913,4,38,UNSAT
20,16,dgibbs,mva-lazy,4,0,0,709,0,913,6,45,UNSAT
21,16,dgibbs,mva-lazy,1,0,0,102,0,913,5,33,UNSAT
22,16,dgibbs,mva-lazy,4,0,0,505,0,914,3,51,UNSAT
23,16,dgibbs,mva-lazy,109,0,0,16291,0,914,5,51,UNSAT
24,16,dgibbs,mva-lazy,4,0,0,505,0,914,3,46,UNSAT
25,16,dgibbs,mva-lazy,214,0,0,15534,0,913,7,63,UNSAT
26,16,dgibbs,mva-lazy,2,0,0,605,0,913,5,39,UNSAT
27,16,dgibbs,mva-lazy,2,0,0,606,0,913,4,47,UNSAT
28,16,dgibbs,mva-lazy,4,0,0,505,0,914,5,60,UNSAT
29,16,dgibbs,mva-lazy,4,0,0,9527,0,914,5,41,UNSAT
0,18,dgibbs,mva-lazy,NA,NA,NA,NA,NA,NA,NA,NA,OOT
1,18,dgibbs,mva-lazy,4,0,0,505,0,914,6,104,UNSAT
2,18,dgibbs,mva-lazy,187,0,0,12107,0,913,9,97,UNSAT
3,18,dgibbs,mva-lazy,4,0,0,608,0,913,7,60,UNSAT
4,18,dgibbs,mva-lazy,4,0,0,606,0,913,6,94,UNSAT
5,18,dgibbs,mva-lazy,4,0,0,606,0,913,7,90,UNSAT
6,18,dgibbs,mva-lazy,4,0,0,15388,0,914,7,89,UNSAT
7,18,dgibbs,mva-lazy,190,0,0,20965,0,913,6,67,UNSAT
8,18,dgibbs,mva-lazy,1,0,0,403,0,915,3,54,UNSAT
9,18,dgibbs,mva-lazy,4,0,0,604,0,913,6,75,UNSAT
10,18,dgibbs,mva-lazy,3,0,0,404,0,915,4,73,UNSAT
11,18,dgibbs,mva-lazy,5,0,0,505,0,914,5,85,UNSAT
12,18,dgibbs,mva-lazy,4,0,0,6906,0,913,7,91,1315
13,18,dgibbs,mva-lazy,216,0,0,15678,0,914,5,65,UNSAT
14,18,dgibbs,mva-lazy,1,0,0,599,0,913,5,62,UNSAT
15,18,dgibbs,mva-lazy,4,0,0,505,0,914,4,75,UNSAT
16,18,dgibbs,mva-lazy,177,0,0,31942,0,914,7,72,UNSAT
17,18,dgibbs,mva-lazy,4,0,0,505,0,914,4,82,UNSAT
18,18,dgibbs,mva-lazy,4,0,0,505,0,914,5,64,UNSAT
19,18,dgibbs,mva-lazy,1,0,0,608,0,913,5,49,UNSAT
20,18,dgibbs,mva-lazy,225,0,0,35173,0,914,6,96,UNSAT
21,18,dgibbs,mva-lazy,5,0,0,404,0,915,3,84,UNSAT
22,18,dgibbs,mva-lazy,1,0,0,604,0,913,6,79,UNSAT
23,18,dgibbs,mva-lazy,4,0,0,606,0,913,5,71,UNSAT
24,18,dgibbs,mva-lazy,4,0,0,608,0,913,8,93,UNSAT
25,18,dgibbs,mva-lazy,5,0,0,404,0,915,4,69,UNSAT
26,18,dgibbs,mva-lazy,94,0,0,1419,0,913,7,63,UNSAT
27,18,dgibbs,mva-lazy,149,0,0,35951,0,913,10,107,2403
28,18,dgibbs,mva-lazy,137,0,0,21983,0,913,7,68,1275
29,18,dgibbs,mva-lazy,1,0,0,606,0,914,5,75,UNSAT
0,20,dgibbs,mva-lazy,NA,NA,NA,NA,NA,NA,NA,NA,OOT
1,20,dgibbs,mva-lazy,100,0,0,13779,0,914,6,124,UNSAT
2,20,dgibbs,mva-lazy,4,0,0,605,0,913,7,124,UNSAT
3,20,dgibbs,mva-lazy,1,0,0,604,0,913,11,181,UNSAT
4,20,dgibbs,mva-lazy,4,0,0,606,0,913,7,163,UNSAT
5,20,dgibbs,mva-lazy,159,0,0,26438,0,914,9,134,UNSAT
6,20,dgibbs,mva-lazy,197,0,0,23796,0,914,9,163,UNSAT
7,20,dgibbs,mva-lazy,4,0,0,505,0,914,5,121,UNSAT
8,20,dgibbs,mva-lazy,2,0,0,608,0,913,12,142,UNSAT
9,20,dgibbs,mva-lazy,1,0,0,503,0,914,5,152,UNSAT
10,20,dgibbs,mva-lazy,5,0,0,404,0,915,6,145,UNSAT
11,20,dgibbs,mva-lazy,234,0,0,9618,0,913,9,155,UNSAT
12,20,dgibbs,mva-lazy,2,0,0,606,0,913,8,142,UNSAT
13,20,dgibbs,mva-lazy,2,0,0,37784,0,913,14,171,UNSAT
14,20,dgibbs,mva-lazy,4,0,0,8440,0,914,9,173,1924
15,20,dgibbs,mva-lazy,4,0,0,503,0,914,6,135,UNSAT
16,20,dgibbs,mva-lazy,4,0,0,608,0,913,8,118,UNSAT
17,20,dgibbs,mva-lazy,5,0,0,505,0,914,5,113,UNSAT
18,20,dgibbs,mva-lazy,8,0,0,404,0,915,4,121,UNSAT
19,20,dgibbs,mva-lazy,111,0,0,1092,0,914,7,177,UNSAT
20,20,dgibbs,mva-lazy,4,0,0,606,0,913,14,161,UNSAT
21,20,dgibbs,mva-lazy,4,0,0,606,0,913,7,120,UNSAT
22,20,dgibbs,mva-lazy,1,0,0,600,0,913,10,142,UNSAT
23,20,dgibbs,mva-lazy,1,0,0,202,0,914,5,102,UNSAT
24,20,dgibbs,mva-lazy,277,0,0,20362,0,914,8,146,UNSAT
25,20,dgibbs,mva-lazy,2,0,0,13541,0,914,8,186,UNSAT
26,20,dgibbs,mva-lazy,4,0,0,19605,0,913,12,126,UNSAT
27,20,dgibbs,mva-lazy,4,0,0,604,0,913,10,150,UNSAT
28,20,dgibbs,mva-lazy,146,0,0,30271,0,913,15,141,2535
29,20,dgibbs,mva-lazy,4,0,0,633,0,914,6,174,UNSAT
0,2,dgibbs,psa,NA,NA,NA,NA,NA,NA,NA,NA,OOT
1,2,dgibbs,psa,2,0,0,2117,1218,912,2,7,63
2,2,dgibbs,psa,2,0,0,2219,1219,912,2,7,56
3,2,dgibbs,psa,2,0,0,2523,1218,912,2,6,UNSAT
4,2,dgibbs,psa,2,0,0,2663,1218,912,2,6,42
5,2,dgibbs,psa,2,0,0,2624,1218,912,2,6,42
6,2,dgibbs,psa,2,0,0,2217,1219,912,1,6,25
7,2,dgibbs,psa,2,0,0,2616,1218,912,2,5,UNSAT
8,2,dgibbs,psa,2,0,0,2594,1218,912,2,6,7
9,2,dgibbs,psa,2,0,0,2217,1218,912,1,5,UNSAT
10,2,dgibbs,psa,2,0,0,2625,1218,912,2,7,UNSAT
11,2,dgibbs,psa,3,0,0,2323,1219,912,2,7,UNSAT
12,2,dgibbs,psa,2,0,0,2518,1218,912,2,6,37
13,2,dgibbs,psa,2,0,0,2321,1218,912,1,6,UNSAT
14,2,dgibbs,psa,2,0,0,2523,1218,912,2,6,35
15,2,dgibbs,psa,2,0,0,2223,1218,912,1,6,27
16,2,dgibbs,psa,2,0,0,2707,1219,912,1,6,UNSAT
17,2,dgibbs,psa,2,0,0,2619,1218,912,1,5,UNSAT
18,2,dgibbs,psa,2,0,0,2523,1218,912,2,5,20
19,2,dgibbs,psa,2,0,0,2321,1218,912,1,5,7
20,2,dgibbs,psa,2,0,0,2288,1219,912,1,6,UNSAT
21,2,dgibbs,psa,2,0,0,2707,1218,912,2,6,UNSAT
22,2,dgibbs,psa,2,0,0,2620,1218,912,2,6,UNSAT
23,2,dgibbs,psa,2,0,0,2619,1218,912,2,6,UNSAT
24,2,dgibbs,psa,2,0,0,2214,1219,912,1,6,14
25,2,dgibbs,psa,2,0,0,1818,1219,912,1,6,UNSAT
26,2,dgibbs,psa,2,0,0,2278,1219,912,1,6,63
27,2,dgibbs,psa,2,0,0,2144,1218,912,2,6,UNSAT
28,2,dgibbs,psa,3,0,0,2220,1219,912,2,6,0
29,2,dgibbs,psa,2,0,0,2317,1218,912,1,6,UNSAT
0,4,dgibbs,psa,NA,NA,NA,NA,NA,NA,NA,NA,OOT
1,4,dgibbs,psa,2,0,0,4956,4469,912,4,15,UNSAT
2,4,dgibbs,psa,3,0,0,3729,4469,912,3,15,UNSAT
3,4,dgibbs,psa,3,0,0,3501,4468,912,3,16,UNSAT
4,4,dgibbs,psa,3,0,0,4243,4467,912,3,14,UNSAT
5,4,dgibbs,psa,2,0,0,3727,4467,912,4,13,UNSAT
6,4,dgibbs,psa,2,0,0,4284,4469,912,3,13,UNSAT
7,4,dgibbs,psa,2,0,0,4139,4470,912,3,13,UNSAT
8,4,dgibbs,psa,2,0,0,4318,4468,912,2,12,UNSAT
9,4,dgibbs,psa,2,0,0,4441,4469,912,3,13,UNSAT
10,4,dgibbs,psa,2,0,0,4200,4469,912,2,13,UNSAT
11,4,dgibbs,psa,3,0,0,4816,4467,912,3,12,UNSAT
12,4,dgibbs,psa,3,0,0,5167,4469,912,3,12,UNSAT
13,4,dgibbs,psa,2,0,0,4242,4467,912,4,14,UNSAT
14,4,dgibbs,psa,2,0,0,3782,4467,912,2,13,UNSAT
15,4,dgibbs,psa,2,0,0,5468,4469,912,3,12,UNSAT
16,4,dgibbs,psa,2,0,0,4557,4467,912,3,12,UNSAT
17,4,dgibbs,psa,2,0,0,4097,4469,912,4,14,UNSAT
18,4,dgibbs,psa,3,0,0,4779,4467,912,4,13,UNSAT
19,4,dgibbs,psa,2,0,0,4023,4468,912,3,14,UNSAT
20,4,dgibbs,psa,2,0,0,4014,4469,912,2,13,UNSAT
21,4,dgibbs,psa,2,0,0,3731,4469,912,3,13,UNSAT
22,4,dgibbs,psa,3,0,0,4740,4467,912,3,12,39
23,4,dgibbs,psa,2,0,0,3619,4469,912,3,14,50
24,4,dgibbs,psa,3,0,0,3402,4467,912,2,13,UNSAT
25,4,dgibbs,psa,3,0,0,3131,4468,912,2,13,UNSAT
26,4,dgibbs,psa,3,0,0,4657,4470,912,3,13,UNSAT
27,4,dgibbs,psa,3,0,0,4939,4467,912,3,13,UNSAT
28,4,dgibbs,psa,2,0,0,4396,4467,912,5,16,UNSAT
29,4,dgibbs,psa,2,0,0,4444,4469,912,4,15,UNSAT
0,6,dgibbs,psa,NA,NA,NA,NA,NA,NA,NA,NA,OOT
1,6,dgibbs,psa,3,0,1,6770,9347,912,8,30,UNSAT
2,6,dgibbs,psa,3,0,0,6792,9351,912,5,31,UNSAT
3,6,dgibbs,psa,4,0,1,5652,9349,912,5,32,UNSAT
4,6,dgibbs,psa,3,0,0,7062,9349,912,6,30,UNSAT
5,6,dgibbs,psa,2,0,0,5646,9350,912,5,26,UNSAT
6,6,dgibbs,psa,3,0,1,9620,9347,912,8,30,UNSAT
7,6,dgibbs,psa,3,0,1,9704,9349,912,8,32,UNSAT
8,6,dgibbs,psa,3,0,0,12049,9349,912,9,31,UNSAT
9,6,dgibbs,psa,3,0,0,7199,9347,912,6,30,UNSAT
10,6,dgibbs,psa,3,0,0,8131,9350,912,6,26,UNSAT
11,6,dgibbs,psa,3,0,0,6893,9349,912,6,29,UNSAT
12,6,dgibbs,psa,5,0,0,8923,9347,912,7,25,UNSAT
13,6,dgibbs,psa,3,0,0,7191,9349,912,5,29,UNSAT
14,6,dgibbs,psa,3,0,0,7746,9350,912,7,27,UNSAT
15,6,dgibbs,psa,4,0,0,9995,9350,912,8,29,UNSAT
16,6,dgibbs,psa,3,0,0,6892,9351,912,5,25,UNSAT
17,6,dgibbs,psa,3,0,1,6597,9348,912,6,30,UNSAT
18,6,dgibbs,psa,3,0,0,8033,9350,912,6,27,UNSAT
19,6,dgibbs,psa,2,0,0,9395,9349,912,5,23,UNSAT
20,6,dgibbs,psa,2,0,0,8562,9349,912,4,24,UNSAT
21,6,dgibbs,psa,3,0,0,6470,9349,912,4,23,UNSAT
22,6,dgibbs,psa,3,0,1,8285,9350,912,8,31,UNSAT
23,6,dgibbs,psa,3,0,0,6953,9348,912,7,26,UNSAT
24,6,dgibbs,psa,3,0,0,8526,9349,912,6,24,56
25,6,dgibbs,psa,3,0,0,7950,9348,912,5,22,132
26,6,dgibbs,psa,4,0,0,8841,9350,912,5,21,UNSAT
27,6,dgibbs,psa,2,0,1,11276,9352,912,9,31,UNSAT
28,6,dgibbs,psa,3,0,1,8175,9349,912,8,32,UNSAT
29,6,dgibbs,psa,2,0,1,8428,9349,912,8,31,UNSAT
0,8,dgibbs,psa,NA,NA,NA,NA,NA,NA,NA,NA,OOT
1,8,dgibbs,psa,3,0,0,8197,16678,912,5,38,UNSAT
2,8,dgibbs,psa,4,0,0,11944,16676,912,5,29,UNSAT
3,8,dgibbs,psa,6,0,0,14247,16676,912,5,28,UNSAT
4,8,dgibbs,psa,4,0,1,8204,16679,912,6,43,UNSAT
5,8,dgibbs,psa,5,0,1,11259,16677,912,7,41,UNSAT
6,8,dgibbs,psa,4,0,0,12570,16678,912,6,36,UNSAT
7,8,dgibbs,psa,3,0,0,14005,16676,912,7,32,UNSAT
8,8,dgibbs,psa,4,0,0,10510,16676,912,5,29,UNSAT
9,8,dgibbs,psa,3,0,0,12052,16675,912,6,28,UNSAT
10,8,dgibbs,psa,2,0,0,12848,16678,912,5,28,UNSAT
11,8,dgibbs,psa,3,0,0,11637,16677,912,5,28,UNSAT
12,8,dgibbs,psa,4,0,0,14272,16677,912,5,28,UNSAT
13,8,dgibbs,psa,3,0,0,14900,16678,912,5,28,UNSAT
14,8,dgibbs,psa,4,0,0,17902,16675,912,6,27,UNSAT
15,8,dgibbs,psa,3,0,0,8542,16679,912,4,27,UNSAT
16,8,dgibbs,psa,4,0,0,12198,16679,912,5,27,UNSAT
17,8,dgibbs,psa,5,0,0,11312,16677,912,5,27,UNSAT
18,8,dgibbs,psa,3,0,0,11952,16677,912,5,28,UNSAT
19,8,dgibbs,psa,3,0,0,13013,16676,912,6,28,UNSAT
20,8,dgibbs,psa,4,0,0,9592,16678,912,3,27,UNSAT
21,8,dgibbs,psa,5,0,0,12594,16676,912,4,27,UNSAT
22,8,dgibbs,psa,4,0,0,11639,16676,912,5,27,UNSAT
23,8,dgibbs,psa,3,0,0,12018,16678,912,5,28,UNSAT
24,8,dgibbs,psa,3,0,1,10833,16677,912,8,48,UNSAT
25,8,dgibbs,psa,4,0,0,14850,16677,912,6,28,UNSAT
26,8,dgibbs,psa,2,0,0,13604,16676,912,6,28,UNSAT
27,8,dgibbs,psa,4,0,0,12798,16677,912,6,29,UNSAT
28,8,dgibbs,psa,4,0,0,14772,16679,912,6,29,UNSAT
29,8,dgibbs,psa,6,0,0,8387,16678,912,4,29,UNSAT
0,10,dgibbs,psa,NA,NA,NA,NA,NA,NA,NA,NA,OOT
1,10,dgibbs,psa,6,0,1,13699,25638,912,11,66,UNSAT
2,10,dgibbs,psa,3,0,1,20388,25636,912,12,54,UNSAT
3,10,dgibbs,psa,5,0,1,16664,25640,912,8,48,UNSAT
4,10,dgibbs,psa,4,0,1,20035,25638,912,9,42,UNSAT
5,10,dgibbs,psa,4,0,0,11488,25637,912,5,38,UNSAT
6,10,dgibbs,psa,4,0,1,14782,25638,912,7,45,UNSAT
7,10,dgibbs,psa,5,0,0,17061,25636,912,6,40,UNSAT
8,10,dgibbs,psa,3,0,0,16374,25637,912,9,39,UNSAT
9,10,dgibbs,psa,6,0,1,14562,25635,912,7,46,UNSAT
10,10,dgibbs,psa,4,0,0,22056,25638,912,9,41,UNSAT
11,10,dgibbs,psa,3,0,0,13218,25638,912,5,39,UNSAT
12,10,dgibbs,psa,5,0,1,16680,25638,912,14,62,UNSAT
13,10,dgibbs,psa,4,0,1,17922,25638,912,11,52,UNSAT
14,10,dgibbs,psa,4,0,1,14746,25636,912,15,62,UNSAT
15,10,dgibbs,psa,5,0,1,19100,25640,912,7,53,UNSAT
16,10,dgibbs,psa,5,0,1,20320,25638,912,13,67,343
17,10,dgibbs,psa,4,0,1,16665,25637,912,8,52,UNSAT
18,10,dgibbs,psa,4,0,1,13356,25636,912,7,46,UNSAT
19,10,dgibbs,psa,4,0,1,18840,25637,912,9,61,UNSAT
20,10,dgibbs,psa,4,0,1,16680,25638,912,10,50,UNSAT
21,10,dgibbs,psa,4,0,1,10829,25638,912,6,49,UNSAT
22,10,dgibbs,psa,6,0,0,18436,25636,912,8,41,UNSAT
23,10,dgibbs,psa,4,0,1,20574,25637,912,12,55,UNSAT
24,10,dgibbs,psa,5,0,1,12392,25639,912,7,47,309
25,10,dgibbs,psa,3,0,0,17714,25637,912,8,42,UNSAT
26,10,dgibbs,psa,3,0,1,22395,25635,912,13,58,UNSAT
27,10,dgibbs,psa,4,0,1,15380,25638,912,7,49,UNSAT
28,10,dgibbs,psa,4,0,1,16473,25635,912,8,53,UNSAT
29,10,dgibbs,psa,3,0,1,12642,25637,912,6,47,UNSAT
0,12,dgibbs,psa,NA,NA,NA,NA,NA,NA,NA,NA,OOT
1,12,dgibbs,psa,4,0,1,24385,37043,912,12,61,511
2,12,dgibbs,psa,4,0,1,24436,37044,912,11,66,UNSAT
3,12,dgibbs,psa,5,0,1,27296,37044,912,12,66,UNSAT
4,12,dgibbs,psa,4,0,1,20872,37044,912,11,59,UNSAT
5,12,dgibbs,psa,3,0,1,14398,37044,912,8,61,UNSAT
6,12,dgibbs,psa,4,0,1,29143,37042,912,12,65,UNSAT
7,12,dgibbs,psa,5,0,1,22966,37045,912,11,62,UNSAT
8,12,dgibbs,psa,5,0,1,19142,37045,912,8,64,UNSAT
9,12,dgibbs,psa,5,0,1,22377,37046,912,11,59,UNSAT
10,12,dgibbs,psa,4,0,1,22387,37046,912,9,58,UNSAT
11,12,dgibbs,psa,8,0,1,16407,37045,912,7,62,UNSAT
12,12,dgibbs,psa,5,0,1,21840,37044,912,11,62,UNSAT
13,12,dgibbs,psa,4,0,1,17534,37046,912,8,62,UNSAT
14,12,dgibbs,psa,5,0,1,14439,37044,912,7,61,UNSAT
15,12,dgibbs,psa,4,0,1,22695,37046,912,11,61,UNSAT
16,12,dgibbs,psa,4,0,1,16428,37044,912,8,64,UNSAT
17,12,dgibbs,psa,5,0,1,25503,37045,912,12,65,UNSAT
18,12,dgibbs,psa,6,0,1,18234,37045,912,7,61,UNSAT
19,12,dgibbs,psa,5,0,1,22030,37045,912,11,61,UNSAT
20,12,dgibbs,psa,8,0,1,23307,37045,912,8,66,UNSAT
21,12,dgibbs,psa,4,0,1,20080,37046,912,11,60,UNSAT
22,12,dgibbs,psa,4,0,1,24483,37044,912,11,59,UNSAT
23,12,dgibbs,psa,5,0,1,13639,37045,912,8,60,UNSAT
24,12,dgibbs,psa,5,0,1,26233,37045,912,12,61,UNSAT
25,12,dgibbs,psa,4,0,1,19545,37044,912,8,63,UNSAT
26,12,dgibbs,psa,4,0,1,24263,37043,912,12,63,UNSAT
27,12,dgibbs,psa,5,0,1,22385,37045,912,12,59,UNSAT
28,12,dgibbs,psa,3,0,1,16239,37045,912,8,66,UNSAT
29,12,dgibbs,psa,3,0,1,17175,37046,912,8,64,UNSAT
0,14,dgibbs,psa,NA,NA,NA,NA,NA,NA,NA,NA,OOT
1,14,dgibbs,psa,7,0,1,16663,50088,912,9,81,UNSAT
2,14,dgibbs,psa,6,0,1,18672,50087,912,11,88,UNSAT
3,14,dgibbs,psa,5,0,1,30303,50084,912,16,91,UNSAT
4,14,dgibbs,psa,5,0,1,21808,50086,912,14,82,UNSAT
5,14,dgibbs,psa,5,0,1,28326,50084,912,16,88,UNSAT
6,14,dgibbs,psa,4,0,1,20588,50084,912,13,83,UNSAT
7,14,dgibbs,psa,3,0,1,31413,50087,912,14,97,UNSAT
8,14,dgibbs,psa,7,0,1,32935,50084,912,11,90,UNSAT
9,14,dgibbs,psa,5,0,1,20454,50087,912,10,106,UNSAT
10,14,dgibbs,psa,3,0,1,24008,50086,912,10,83,UNSAT
11,14,dgibbs,psa,4,0,1,28185,50085,912,15,82,UNSAT
12,14,dgibbs,psa,6,0,1,18389,50084,912,10,92,UNSAT
13,14,dgibbs,psa,5,0,1,17269,50085,912,10,88,UNSAT
14,14,dgibbs,psa,5,0,1,23499,50086,912,11,89,UNSAT
15,14,dgibbs,psa,6,0,1,15255,50090,912,9,86,UNSAT
16,14,dgibbs,psa,8,0,1,19270,50086,912,11,87,UNSAT
17,14,dgibbs,psa,4,0,1,24754,50086,912,10,85,UNSAT
18,14,dgibbs,psa,6,0,1,20251,50087,912,11,83,UNSAT
19,14,dgibbs,psa,7,0,1,22354,50086,912,11,94,UNSAT
20,14,dgibbs,psa,3,0,1,25464,50085,912,16,95,UNSAT
21,14,dgibbs,psa,5,0,1,22818,50085,912,9,95,596
22,14,dgibbs,psa,5,0,1,17662,50084,912,10,86,UNSAT
23,14,dgibbs,psa,9,0,1,19235,50084,912,10,85,UNSAT
24,14,dgibbs,psa,6,0,1,18186,50087,912,9,89,UNSAT
25,14,dgibbs,psa,3,0,1,31425,50085,912,15,84,UNSAT
26,14,dgibbs,psa,5,0,1,27623,50085,912,15,88,UNSAT
27,14,dgibbs,psa,6,0,1,19679,50086,912,11,88,UNSAT
28,14,dgibbs,psa,4,0,1,22973,50084,912,10,96,UNSAT
29,14,dgibbs,psa,8,0,1,26601,50087,912,14,105,UNSAT
0,16,dgibbs,psa,NA,NA,NA,NA,NA,NA,NA,NA,OOT
1,16,dgibbs,psa,4,0,1,22494,64756,912,13,119,UNSAT
2,16,dgibbs,psa,4,0,2,29561,64756,912,19,129,UNSAT
3,16,dgibbs,psa,4,0,2,29882,64758,912,18,126,UNSAT
4,16,dgibbs,psa,5,0,1,26665,64758,912,17,123,UNSAT
5,16,dgibbs,psa,0,0,1,22510,64757,912,13,120,UNSAT
6,16,dgibbs,psa,7,0,1,25754,64760,912,17,121,UNSAT
7,16,dgibbs,psa,12,0,2,31473,64756,912,18,135,UNSAT
8,16,dgibbs,psa,6,0,2,32676,64758,912,18,124,UNSAT
9,16,dgibbs,psa,16,0,2,26077,64761,912,18,142,UNSAT
10,16,dgibbs,psa,5,0,2,26258,64758,912,14,134,UNSAT
11,16,dgibbs,psa,3,0,2,19090,64757,912,13,130,UNSAT
12,16,dgibbs,psa,5,0,2,24840,64758,912,13,136,UNSAT
13,16,dgibbs,psa,5,0,2,20454,64759,912,12,131,UNSAT
14,16,dgibbs,psa,8,0,1,33383,64755,912,19,111,UNSAT
15,16,dgibbs,psa,6,0,2,29403,64760,912,18,165,UNSAT
16,16,dgibbs,psa,5,0,1,30542,64759,912,18,110,UNSAT
17,16,dgibbs,psa,3,0,2,31714,64755,912,18,136,UNSAT
18,16,dgibbs,psa,6,0,2,27284,64761,912,18,132,UNSAT
19,16,dgibbs,psa,5,0,1,29886,64756,912,17,131,UNSAT
20,16,dgibbs,psa,3,0,1,26172,64757,912,18,127,UNSAT
21,16,dgibbs,psa,9,0,1,27093,64757,912,18,115,UNSAT
22,16,dgibbs,psa,7,0,2,22154,64755,912,13,155,UNSAT
23,16,dgibbs,psa,0,0,2,21079,64757,912,14,134,UNSAT
24,16,dgibbs,psa,3,0,2,26616,64759,912,14,130,UNSAT
25,16,dgibbs,psa,5,0,2,29060,64756,912,21,150,UNSAT
26,16,dgibbs,psa,5,0,1,35491,64758,912,19,124,UNSAT
27,16,dgibbs,psa,4,0,2,32471,64758,912,17,139,UNSAT
28,16,dgibbs,psa,6,0,2,22821,64759,912,13,150,UNSAT
29,16,dgibbs,psa,4,0,2,36198,64757,912,20,127,UNSAT
0,18,dgibbs,psa,NA,NA,NA,NA,NA,NA,NA,NA,OOT
1,18,dgibbs,psa,6,0,3,25573,81878,912,17,221,UNSAT
2,18,dgibbs,psa,5,0,3,32357,81879,912,23,212,UNSAT
3,18,dgibbs,psa,8,0,2,31692,81876,912,25,167,UNSAT
4,18,dgibbs,psa,0,0,3,32976,81878,912,21,219,UNSAT
5,18,dgibbs,psa,0,0,3,38099,81876,912,25,198,UNSAT
6,18,dgibbs,psa,4,0,3,24068,81877,912,16,197,UNSAT
7,18,dgibbs,psa,6,0,2,38686,81877,912,23,188,UNSAT
8,18,dgibbs,psa,6,0,2,27754,81876,912,16,166,UNSAT
9,18,dgibbs,psa,0,0,3,35991,81877,912,23,190,UNSAT
10,18,dgibbs,psa,5,0,3,22945,81878,912,16,194,UNSAT
11,18,dgibbs,psa,8,0,3,24636,81878,912,16,196,UNSAT
12,18,dgibbs,psa,6,0,3,29388,81877,912,24,199,UNSAT
13,18,dgibbs,psa,6,0,2,23825,81876,912,17,174,UNSAT
14,18,dgibbs,psa,4,0,2,31433,81877,912,22,180,UNSAT
15,18,dgibbs,psa,5,0,3,33232,81877,912,23,194,UNSAT
16,18,dgibbs,psa,7,0,2,37821,81878,912,24,188,UNSAT
17,18,dgibbs,psa,7,0,3,30262,81878,912,20,192,UNSAT
18,18,dgibbs,psa,6,0,2,23754,81876,912,16,190,UNSAT
19,18,dgibbs,psa,4,0,2,31320,81878,912,23,156,UNSAT
20,18,dgibbs,psa,4,0,3,34883,81879,912,23,222,UNSAT
21,18,dgibbs,psa,0,0,3,26311,81877,912,15,204,UNSAT
22,18,dgibbs,psa,4,0,3,37074,81878,912,23,195,UNSAT
23,18,dgibbs,psa,8,0,2,34277,81875,912,24,182,UNSAT
24,18,dgibbs,psa,9,0,3,35832,81876,912,23,214,UNSAT
25,18,dgibbs,psa,3,0,2,22725,81877,912,15,183,UNSAT
26,18,dgibbs,psa,6,0,2,32010,81878,912,23,175,UNSAT
27,18,dgibbs,psa,0,0,3,29381,81878,912,23,224,2403
28,18,dgibbs,psa,0,0,2,34101,81877,912,25,177,UNSAT
29,18,dgibbs,psa,3,0,3,25211,81875,912,17,199,UNSAT
0,20,dgibbs,psa,NA,NA,NA,NA,NA,NA,NA,NA,OOT
1,20,dgibbs,psa,7,0,4,28258,100627,912,20,266,2161
2,20,dgibbs,psa,8,0,4,36856,100630,912,28,276,UNSAT
3,20,dgibbs,psa,0,0,5,40696,100632,912,28,338,UNSAT
4,20,dgibbs,psa,4,0,5,42011,100626,912,30,306,UNSAT
5,20,dgibbs,psa,3,0,4,39441,100629,912,29,276,UNSAT
6,20,dgibbs,psa,0,0,4,42049,100630,912,27,304,UNSAT
7,20,dgibbs,psa,5,0,4,28884,100630,912,21,281,UNSAT
8,20,dgibbs,psa,0,0,4,36479,100629,912,30,291,UNSAT
9,20,dgibbs,psa,0,0,4,25575,100630,912,20,307,UNSAT
10,20,dgibbs,psa,0,0,4,25371,100630,912,20,318,UNSAT
11,20,dgibbs,psa,0,0,5,36375,100629,912,28,308,UNSAT
12,20,dgibbs,psa,6,0,4,39975,100630,912,28,275,UNSAT
13,20,dgibbs,psa,3,0,5,38479,100629,912,28,319,UNSAT
14,20,dgibbs,psa,9,0,5,29329,100631,912,26,323,UNSAT
15,20,dgibbs,psa,6,0,4,30384,100630,912,20,285,UNSAT
16,20,dgibbs,psa,4,0,4,35869,100631,912,27,286,UNSAT
17,20,dgibbs,psa,4,0,4,24744,100628,912,20,259,UNSAT
18,20,dgibbs,psa,5,0,4,31195,100629,912,20,263,UNSAT
19,20,dgibbs,psa,0,0,5,26381,100631,912,19,321,UNSAT
20,20,dgibbs,psa,0,0,4,41188,100629,912,31,296,UNSAT
21,20,dgibbs,psa,6,0,4,37908,100630,912,29,271,UNSAT
22,20,dgibbs,psa,4,0,4,38865,100629,912,28,285,UNSAT
23,20,dgibbs,psa,6,0,4,27853,100630,912,19,259,UNSAT
24,20,dgibbs,psa,0,0,4,26906,100630,912,20,298,UNSAT
25,20,dgibbs,psa,NA,NA,NA,NA,NA,NA,NA,NA,OOT
26,20,dgibbs,psa,0,0,4,36662,100628,912,28,254,UNSAT
27,20,dgibbs,psa,5,0,4,35758,100628,912,29,289,UNSAT
28,20,dgibbs,psa,6,0,4,39577,100630,912,28,283,2535
29,20,dgibbs,psa,2,0,5,35778,100631,912,28,325,UNSAT
0,2,dgibbs,psv,NA,NA,NA,NA,NA,NA,NA,NA,OOT
1,2,dgibbs,psv,223,0,0,1010,0,913,1,4,UNSAT
2,2,dgibbs,psv,220,0,0,799,0,914,1,4,56
3,2,dgibbs,psv,223,0,0,1007,0,913,1,4,UNSAT
4,2,dgibbs,psv,223,0,0,1010,0,913,1,3,46
5,2,dgibbs,psv,223,0,0,1005,0,913,1,3,UNSAT
6,2,dgibbs,psv,223,0,0,808,0,914,1,4,UNSAT
7,2,dgibbs,psv,223,0,0,1010,0,913,1,4,UNSAT
8,2,dgibbs,psv,223,0,0,1008,0,913,1,4,13
9,2,dgibbs,psv,223,0,0,205,0,914,1,4,30
10,2,dgibbs,psv,223,0,0,808,0,914,1,4,UNSAT
11,2,dgibbs,psv,220,0,0,805,0,914,1,4,UNSAT
12,2,dgibbs,psv,220,0,0,799,0,914,1,4,UNSAT
13,2,dgibbs,psv,220,0,0,805,0,914,1,4,UNSAT
14,2,dgibbs,psv,223,0,0,808,0,914,1,4,35
15,2,dgibbs,psv,223,0,0,808,0,914,1,4,UNSAT
16,2,dgibbs,psv,326,0,0,606,0,915,1,4,UNSAT
17,2,dgibbs,psv,223,0,0,805,0,914,1,4,26
18,2,dgibbs,psv,223,0,0,1010,0,913,1,4,UNSAT
19,2,dgibbs,psv,223,0,0,808,0,914,1,4,UNSAT
20,2,dgibbs,psv,223,0,0,805,0,914,1,4,UNSAT
21,2,dgibbs,psv,223,0,0,1008,0,913,1,4,UNSAT
22,2,dgibbs,psv,223,0,0,1010,0,913,1,4,UNSAT
23,2,dgibbs,psv,223,0,0,1007,0,913,2,4,UNSAT
24,2,dgibbs,psv,223,0,0,808,0,914,1,4,UNSAT
25,2,dgibbs,psv,322,0,0,202,0,915,1,4,UNSAT
26,2,dgibbs,psv,223,0,0,808,0,914,1,4,64
27,2,dgibbs,psv,223,0,0,1010,0,913,1,3,UNSAT
28,2,dgibbs,psv,223,0,0,805,0,914,1,4,4
29,2,dgibbs,psv,223,0,0,802,0,914,1,4,UNSAT
0,4,dgibbs,psv,NA,NA,NA,NA,NA,NA,NA,NA,OOT
1,4,dgibbs,psv,49573,13,21,1007,0,913,11,35,UNSAT
2,4,dgibbs,psv,49523,14,22,805,0,914,10,37,117
3,4,dgibbs,psv,74106,19,20,606,0,915,6,33,UNSAT
4,4,dgibbs,psv,74170,17,18,808,0,914,8,31,UNSAT
5,4,dgibbs,psv,49523,10,16,1008,0,913,10,29,UNSAT
6,4,dgibbs,psv,74102,18,19,804,0,914,8,32,UNSAT
7,4,dgibbs,psv,49523,10,16,1010,0,913,10,29,UNSAT
8,4,dgibbs,psv,74106,15,16,808,0,914,7,27,UNSAT
9,4,dgibbs,psv,49523,9,15,1010,0,913,9,27,UNSAT
10,4,dgibbs,psv,49523,12,19,808,0,914,8,33,UNSAT
11,4,dgibbs,psv,49523,12,20,1010,0,913,11,34,UNSAT
12,4,dgibbs,psv,49523,11,17,1010,0,913,11,30,UNSAT
13,4,dgibbs,psv,49523,10,17,808,0,914,8,29,UNSAT
14,4,dgibbs,psv,74106,16,17,808,0,914,8,30,UNSAT
15,4,dgibbs,psv,49523,12,20,1010,0,913,12,35,UNSAT
16,4,dgibbs,psv,49580,11,17,1001,0,913,9,29,UNSAT
17,4,dgibbs,psv,49523,10,16,1010,0,913,10,29,UNSAT
18,4,dgibbs,psv,49520,14,23,1010,0,913,14,40,UNSAT
19,4,dgibbs,psv,49523,12,19,802,0,914,9,33,UNSAT
20,4,dgibbs,psv,49584,11,17,805,0,914,7,29,UNSAT
21,4,dgibbs,psv,49523,10,17,805,0,914,7,29,UNSAT
22,4,dgibbs,psv,49523,10,16,808,0,914,7,28,UNSAT
23,4,dgibbs,psv,49523,11,18,1010,0,913,11,32,56
24,4,dgibbs,psv,74106,15,16,808,0,914,7,28,UNSAT
25,4,dgibbs,psv,74106,14,15,808,0,914,7,27,UNSAT
26,4,dgibbs,psv,49523,9,15,1010,0,913,9,26,UNSAT
27,4,dgibbs,psv,49523,9,15,1010,0,913,8,25,UNSAT
28,4,dgibbs,psv,49523,10,16,808,0,914,7,28,UNSAT
29,4,dgibbs,psv,49523,10,15,808,0,914,6,27,UNSAT
0,6,dgibbs,psv,NA,NA,NA,NA,NA,NA,NA,NA,OOT
1,6,dgibbs,psv,12589723,4166,6310,1008,0,913,151,6465,UNSAT
2,6,dgibbs,psv,18880994,7727,7739,808,0,914,182,7953,UNSAT
3,6,dgibbs,psv,18881363,6529,6547,202,0,915,67,6669,UNSAT
4,6,dgibbs,psv,12589893,4191,6468,802,0,914,205,6729,UNSAT
5,6,dgibbs,psv,18881546,6534,6549,808,0,914,114,6695,UNSAT
6,6,dgibbs,psv,12589711,4365,6446,1007,0,913,178,6627,UNSAT
7,6,dgibbs,psv,12589583,4464,6700,1010,0,913,199,6902,UNSAT
8,6,dgibbs,psv,12590125,3989,5935,1010,0,913,163,6100,UNSAT
9,6,dgibbs,psv,12589846,3841,5791,808,0,914,118,5941,UNSAT
10,6,dgibbs,psv,12589731,4043,5984,1010,0,913,257,6245,UNSAT
11,6,dgibbs,psv,18880946,9257,9275,808,0,914,291,9629,UNSAT
12,6,dgibbs,psv,12590117,4546,6631,1010,0,913,198,6832,UNSAT
13,6,dgibbs,psv,18880973,6413,6429,808,0,914,125,6596,UNSAT
14,6,dgibbs,psv,12589742,3802,5659,1007,0,913,111,5772,UNSAT
15,6,dgibbs,psv,12589747,4936,7469,808,0,914,164,7686,UNSAT
16,6,dgibbs,psv,18880970,6393,6407,606,0,915,134,6631,149
17,6,dgibbs,psv,12589987,4337,6400,808,0,914,200,6636,UNSAT
18,6,dgibbs,psv,12589559,5001,7539,1010,0,913,224,7766,UNSAT
19,6,dgibbs,psv,12590216,4038,5865,808,0,914,120,6024,185
20,6,dgibbs,psv,12590023,4248,6176,808,0,914,120,6329,UNSAT
21,6,dgibbs,psv,12589810,4441,6608,202,0,914,83,6727,UNSAT
22,6,dgibbs,psv,12589751,4383,6611,805,0,914,165,6813,93
23,6,dgibbs,psv,12589885,4322,6220,1010,0,913,107,6330,UNSAT
24,6,dgibbs,psv,12589843,3803,5667,1010,0,913,179,5849,UNSAT
25,6,dgibbs,psv,12589922,4292,6316,707,0,913,115,6434,134
26,6,dgibbs,psv,12590204,5122,7166,1007,0,913,199,7368,UNSAT
27,6,dgibbs,psv,12589646,3764,5570,1010,0,913,115,5687,UNSAT
28,6,dgibbs,psv,12589903,4805,7103,1003,0,913,198,7304,UNSAT
29,6,dgibbs,psv,12589792,4419,6669,1010,0,913,216,6888,UNSAT
0,8,dgibbs,psv,NA,NA,NA,NA,NA,NA,NA,NA,OOT
1,8,dgibbs,psv,111196,0,10138,NA,NA,NA,NA,NA,OOM
2,8,dgibbs,psv,114282,0,10098,NA,NA,NA,NA,NA,OOM
3,8,dgibbs,psv,117196,0,10133,NA,NA,NA,NA,NA,OOM
4,8,dgibbs,psv,111689,0,10121,NA,NA,NA,NA,NA,OOM
5,8,dgibbs,psv,115453,0,10101,NA,NA,NA,NA,NA,OOM
6,8,dgibbs,psv,117957,0,10139,NA,NA,NA,NA,NA,OOM
7,8,dgibbs,psv,121130,0,10108,NA,NA,NA,NA,NA,OOM
8,8,dgibbs,psv,118919,0,10128,NA,NA,NA,NA,NA,OOM
9,8,dgibbs,psv,118689,0,10118,NA,NA,NA,NA,NA,OOM
10,8,dgibbs,psv,118240,0,10136,NA,NA,NA,NA,NA,OOM
11,8,dgibbs,psv,113392,0,10119,NA,NA,NA,NA,NA,OOM
12,8,dgibbs,psv,111082,0,10121,NA,NA,NA,NA,NA,OOM
13,8,dgibbs,psv,114979,0,10116,NA,NA,NA,NA,NA,OOM
14,8,dgibbs,psv,119360,0,10109,NA,NA,NA,NA,NA,OOM
15,8,dgibbs,psv,114035,0,10116,NA,NA,NA,NA,NA,OOM
16,8,dgibbs,psv,118740,0,10134,NA,NA,NA,NA,NA,OOM
17,8,dgibbs,psv,115392,0,10116,NA,NA,NA,NA,NA,OOM
18,8,dgibbs,psv,122090,0,10130,NA,NA,NA,NA,NA,OOM
19,8,dgibbs,psv,115103,0,10104,NA,NA,NA,NA,NA,OOM
20,8,dgibbs,psv,113666,0,10126,NA,NA,NA,NA,NA,OOM
21,8,dgibbs,psv,114397,0,10180,NA,NA,NA,NA,NA,OOM
22,8,dgibbs,psv,111459,0,10098,NA,NA,NA,NA,NA,OOM
23,8,dgibbs,psv,116946,0,10116,NA,NA,NA,NA,NA,OOM
24,8,dgibbs,psv,117019,0,10121,NA,NA,NA,NA,NA,OOM
25,8,dgibbs,psv,115519,0,10121,NA,NA,NA,NA,NA,OOM
26,8,dgibbs,psv,115660,0,10100,NA,NA,NA,NA,NA,OOM
27,8,dgibbs,psv,117131,0,10120,NA,NA,NA,NA,NA,OOM
28,8,dgibbs,psv,118216,0,10105,NA,NA,NA,NA,NA,OOM
29,8,dgibbs,psv,127519,0,10131,NA,NA,NA,NA,NA,OOM
0,10,dgibbs,psv,OOM,OOM,OOM,OOM,OOM,OOM,OOM,OOM,OOM
1,10,dgibbs,psv,OOM,OOM,OOM,OOM,OOM,OOM,OOM,OOM,OOM
2,10,dgibbs,psv,OOM,OOM,OOM,OOM,OOM,OOM,OOM,OOM,OOM
3,10,dgibbs,psv,OOM,OOM,OOM,OOM,OOM,OOM,OOM,OOM,OOM
4,10,dgibbs,psv,OOM,OOM,OOM,OOM,OOM,OOM,OOM,OOM,OOM
5,10,dgibbs,psv,OOM,OOM,OOM,OOM,OOM,OOM,OOM,OOM,OOM
6,10,dgibbs,psv,OOM,OOM,OOM,OOM,OOM,OOM,OOM,OOM,OOM
7,10,dgibbs,psv,OOM,OOM,OOM,OOM,OOM,OOM,OOM,OOM,OOM
8,10,dgibbs,psv,OOM,OOM,OOM,OOM,OOM,OOM,OOM,OOM,OOM
9,10,dgibbs,psv,OOM,OOM,OOM,OOM,OOM,OOM,OOM,OOM,OOM
10,10,dgibbs,psv,OOM,OOM,OOM,OOM,OOM,OOM,OOM,OOM,OOM
11,10,dgibbs,psv,OOM,OOM,OOM,OOM,OOM,OOM,OOM,OOM,OOM
12,10,dgibbs,psv,OOM,OOM,OOM,OOM,OOM,OOM,OOM,OOM,OOM
13,10,dgibbs,psv,OOM,OOM,OOM,OOM,OOM,OOM,OOM,OOM,OOM
14,10,dgibbs,psv,OOM,OOM,OOM,OOM,OOM,OOM,OOM,OOM,OOM
15,10,dgibbs,psv,OOM,OOM,OOM,OOM,OOM,OOM,OOM,OOM,OOM
16,10,dgibbs,psv,OOM,OOM,OOM,OOM,OOM,OOM,OOM,OOM,OOM
17,10,dgibbs,psv,OOM,OOM,OOM,OOM,OOM,OOM,OOM,OOM,OOM
18,10,dgibbs,psv,OOM,OOM,OOM,OOM,OOM,OOM,OOM,OOM,OOM
19,10,dgibbs,psv,OOM,OOM,OOM,OOM,OOM,OOM,OOM,OOM,OOM
20,10,dgibbs,psv,OOM,OOM,OOM,OOM,OOM,OOM,OOM,OOM,OOM
21,10,dgibbs,psv,OOM,OOM,OOM,OOM,OOM,OOM,OOM,OOM,OOM
22,10,dgibbs,psv,OOM,OOM,OOM,OOM,OOM,OOM,OOM,OOM,OOM
23,10,dgibbs,psv,OOM,OOM,OOM,OOM,OOM,OOM,OOM,OOM,OOM
24,10,dgibbs,psv,OOM,OOM,OOM,OOM,OOM,OOM,OOM,OOM,OOM
25,10,dgibbs,psv,OOM,OOM,OOM,OOM,OOM,OOM,OOM,OOM,OOM
26,10,dgibbs,psv,OOM,OOM,OOM,OOM,OOM,OOM,OOM,OOM,OOM
27,10,dgibbs,psv,OOM,OOM,OOM,OOM,OOM,OOM,OOM,OOM,OOM
28,10,dgibbs,psv,OOM,OOM,OOM,OOM,OOM,OOM,OOM,OOM,OOM
29,10,dgibbs,psv,OOM,OOM,OOM,OOM,OOM,OOM,OOM,OOM,OOM
0,12,dgibbs,psv,OOM,OOM,OOM,OOM,OOM,OOM,OOM,OOM,OOM
1,12,dgibbs,psv,OOM,OOM,OOM,OOM,OOM,OOM,OOM,OOM,OOM
2,12,dgibbs,psv,OOM,OOM,OOM,OOM,OOM,OOM,OOM,OOM,OOM
3,12,dgibbs,psv,OOM,OOM,OOM,OOM,OOM,OOM,OOM,OOM,OOM
4,12,dgibbs,psv,OOM,OOM,OOM,OOM,OOM,OOM,OOM,OOM,OOM
5,12,dgibbs,psv,OOM,OOM,OOM,OOM,OOM,OOM,OOM,OOM,OOM
6,12,dgibbs,psv,OOM,OOM,OOM,OOM,OOM,OOM,OOM,OOM,OOM
7,12,dgibbs,psv,OOM,OOM,OOM,OOM,OOM,OOM,OOM,OOM,OOM
8,12,dgibbs,psv,OOM,OOM,OOM,OOM,OOM,OOM,OOM,OOM,OOM
9,12,dgibbs,psv,OOM,OOM,OOM,OOM,OOM,OOM,OOM,OOM,OOM
10,12,dgibbs,psv,OOM,OOM,OOM,OOM,OOM,OOM,OOM,OOM,OOM
11,12,dgibbs,psv,OOM,OOM,OOM,OOM,OOM,OOM,OOM,OOM,OOM
12,12,dgibbs,psv,OOM,OOM,OOM,OOM,OOM,OOM,OOM,OOM,OOM
13,12,dgibbs,psv,OOM,OOM,OOM,OOM,OOM,OOM,OOM,OOM,OOM
14,12,dgibbs,psv,OOM,OOM,OOM,OOM,OOM,OOM,OOM,OOM,OOM
15,12,dgibbs,psv,OOM,OOM,OOM,OOM,OOM,OOM,OOM,OOM,OOM
16,12,dgibbs,psv,OOM,OOM,OOM,OOM,OOM,OOM,OOM,OOM,OOM
17,12,dgibbs,psv,OOM,OOM,OOM,OOM,OOM,OOM,OOM,OOM,OOM
18,12,dgibbs,psv,OOM,OOM,OOM,OOM,OOM,OOM,OOM,OOM,OOM
19,12,dgibbs,psv,OOM,OOM,OOM,OOM,OOM,OOM,OOM,OOM,OOM
20,12,dgibbs,psv,OOM,OOM,OOM,OOM,OOM,OOM,OOM,OOM,OOM
21,12,dgibbs,psv,OOM,OOM,OOM,OOM,OOM,OOM,OOM,OOM,OOM
22,12,dgibbs,psv,OOM,OOM,OOM,OOM,OOM,OOM,OOM,OOM,OOM
23,12,dgibbs,psv,OOM,OOM,OOM,OOM,OOM,OOM,OOM,OOM,OOM
24,12,dgibbs,psv,OOM,OOM,OOM,OOM,OOM,OOM,OOM,OOM,OOM
25,12,dgibbs,psv,OOM,OOM,OOM,OOM,OOM,OOM,OOM,OOM,OOM
26,12,dgibbs,psv,OOM,OOM,OOM,OOM,OOM,OOM,OOM,OOM,OOM
27,12,dgibbs,psv,OOM,OOM,OOM,OOM,OOM,OOM,OOM,OOM,OOM
28,12,dgibbs,psv,OOM,OOM,OOM,OOM,OOM,OOM,OOM,OOM,OOM
29,12,dgibbs,psv,OOM,OOM,OOM,OOM,OOM,OOM,OOM,OOM,OOM
0,14,dgibbs,psv,OOM,OOM,OOM,OOM,OOM,OOM,OOM,OOM,OOM
1,14,dgibbs,psv,OOM,OOM,OOM,OOM,OOM,OOM,OOM,OOM,OOM
2,14,dgibbs,psv,OOM,OOM,OOM,OOM,OOM,OOM,OOM,OOM,OOM
3,14,dgibbs,psv,OOM,OOM,OOM,OOM,OOM,OOM,OOM,OOM,OOM
4,14,dgibbs,psv,OOM,OOM,OOM,OOM,OOM,OOM,OOM,OOM,OOM
5,14,dgibbs,psv,OOM,OOM,OOM,OOM,OOM,OOM,OOM,OOM,OOM
6,14,dgibbs,psv,OOM,OOM,OOM,OOM,OOM,OOM,OOM,OOM,OOM
7,14,dgibbs,psv,OOM,OOM,OOM,OOM,OOM,OOM,OOM,OOM,OOM
8,14,dgibbs,psv,OOM,OOM,OOM,OOM,OOM,OOM,OOM,OOM,OOM
9,14,dgibbs,psv,OOM,OOM,OOM,OOM,OOM,OOM,OOM,OOM,OOM
10,14,dgibbs,psv,OOM,OOM,OOM,OOM,OOM,OOM,OOM,OOM,OOM
11,14,dgibbs,psv,OOM,OOM,OOM,OOM,OOM,OOM,OOM,OOM,OOM
12,14,dgibbs,psv,OOM,OOM,OOM,OOM,OOM,OOM,OOM,OOM,OOM
13,14,dgibbs,psv,OOM,OOM,OOM,OOM,OOM,OOM,OOM,OOM,OOM
14,14,dgibbs,psv,OOM,OOM,OOM,OOM,OOM,OOM,OOM,OOM,OOM
15,14,dgibbs,psv,OOM,OOM,OOM,OOM,OOM,OOM,OOM,OOM,OOM
16,14,dgibbs,psv,OOM,OOM,OOM,OOM,OOM,OOM,OOM,OOM,OOM
17,14,dgibbs,psv,OOM,OOM,OOM,OOM,OOM,OOM,OOM,OOM,OOM
18,14,dgibbs,psv,OOM,OOM,OOM,OOM,OOM,OOM,OOM,OOM,OOM
19,14,dgibbs,psv,OOM,OOM,OOM,OOM,OOM,OOM,OOM,OOM,OOM
20,14,dgibbs,psv,OOM,OOM,OOM,OOM,OOM,OOM,OOM,OOM,OOM
21,14,dgibbs,psv,OOM,OOM,OOM,OOM,OOM,OOM,OOM,OOM,OOM
22,14,dgibbs,psv,OOM,OOM,OOM,OOM,OOM,OOM,OOM,OOM,OOM
23,14,dgibbs,psv,OOM,OOM,OOM,OOM,OOM,OOM,OOM,OOM,OOM
24,14,dgibbs,psv,OOM,OOM,OOM,OOM,OOM,OOM,OOM,OOM,OOM
25,14,dgibbs,psv,OOM,OOM,OOM,OOM,OOM,OOM,OOM,OOM,OOM
26,14,dgibbs,psv,OOM,OOM,OOM,OOM,OOM,OOM,OOM,OOM,OOM
27,14,dgibbs,psv,OOM,OOM,OOM,OOM,OOM,OOM,OOM,OOM,OOM
28,14,dgibbs,psv,OOM,OOM,OOM,OOM,OOM,OOM,OOM,OOM,OOM
29,14,dgibbs,psv,OOM,OOM,OOM,OOM,OOM,OOM,OOM,OOM,OOM
0,16,dgibbs,psv,OOM,OOM,OOM,OOM,OOM,OOM,OOM,OOM,OOM
1,16,dgibbs,psv,OOM,OOM,OOM,OOM,OOM,OOM,OOM,OOM,OOM
2,16,dgibbs,psv,OOM,OOM,OOM,OOM,OOM,OOM,OOM,OOM,OOM
3,16,dgibbs,psv,OOM,OOM,OOM,OOM,OOM,OOM,OOM,OOM,OOM
4,16,dgibbs,psv,OOM,OOM,OOM,OOM,OOM,OOM,OOM,OOM,OOM
5,16,dgibbs,psv,OOM,OOM,OOM,OOM,OOM,OOM,OOM,OOM,OOM
6,16,dgibbs,psv,OOM,OOM,OOM,OOM,OOM,OOM,OOM,OOM,OOM
7,16,dgibbs,psv,OOM,OOM,OOM,OOM,OOM,OOM,OOM,OOM,OOM
8,16,dgibbs,psv,OOM,OOM,OOM,OOM,OOM,OOM,OOM,OOM,OOM
9,16,dgibbs,psv,OOM,OOM,OOM,OOM,OOM,OOM,OOM,OOM,OOM
10,16,dgibbs,psv,OOM,OOM,OOM,OOM,OOM,OOM,OOM,OOM,OOM
11,16,dgibbs,psv,OOM,OOM,OOM,OOM,OOM,OOM,OOM,OOM,OOM
12,16,dgibbs,psv,OOM,OOM,OOM,OOM,OOM,OOM,OOM,OOM,OOM
13,16,dgibbs,psv,OOM,OOM,OOM,OOM,OOM,OOM,OOM,OOM,OOM
14,16,dgibbs,psv,OOM,OOM,OOM,OOM,OOM,OOM,OOM,OOM,OOM
15,16,dgibbs,psv,OOM,OOM,OOM,OOM,OOM,OOM,OOM,OOM,OOM
16,16,dgibbs,psv,OOM,OOM,OOM,OOM,OOM,OOM,OOM,OOM,OOM
17,16,dgibbs,psv,OOM,OOM,OOM,OOM,OOM,OOM,OOM,OOM,OOM
18,16,dgibbs,psv,OOM,OOM,OOM,OOM,OOM,OOM,OOM,OOM,OOM
19,16,dgibbs,psv,OOM,OOM,OOM,OOM,OOM,OOM,OOM,OOM,OOM
20,16,dgibbs,psv,OOM,OOM,OOM,OOM,OOM,OOM,OOM,OOM,OOM
21,16,dgibbs,psv,OOM,OOM,OOM,OOM,OOM,OOM,OOM,OOM,OOM
22,16,dgibbs,psv,OOM,OOM,OOM,OOM,OOM,OOM,OOM,OOM,OOM
23,16,dgibbs,psv,OOM,OOM,OOM,OOM,OOM,OOM,OOM,OOM,OOM
24,16,dgibbs,psv,OOM,OOM,OOM,OOM,OOM,OOM,OOM,OOM,OOM
25,16,dgibbs,psv,OOM,OOM,OOM,OOM,OOM,OOM,OOM,OOM,OOM
26,16,dgibbs,psv,OOM,OOM,OOM,OOM,OOM,OOM,OOM,OOM,OOM
27,16,dgibbs,psv,OOM,OOM,OOM,OOM,OOM,OOM,OOM,OOM,OOM
28,16,dgibbs,psv,OOM,OOM,OOM,OOM,OOM,OOM,OOM,OOM,OOM
29,16,dgibbs,psv,OOM,OOM,OOM,OOM,OOM,OOM,OOM,OOM,OOM
0,18,dgibbs,psv,OOM,OOM,OOM,OOM,OOM,OOM,OOM,OOM,OOM
1,18,dgibbs,psv,OOM,OOM,OOM,OOM,OOM,OOM,OOM,OOM,OOM
2,18,dgibbs,psv,OOM,OOM,OOM,OOM,OOM,OOM,OOM,OOM,OOM
3,18,dgibbs,psv,OOM,OOM,OOM,OOM,OOM,OOM,OOM,OOM,OOM
4,18,dgibbs,psv,OOM,OOM,OOM,OOM,OOM,OOM,OOM,OOM,OOM
5,18,dgibbs,psv,OOM,OOM,OOM,OOM,OOM,OOM,OOM,OOM,OOM
6,18,dgibbs,psv,OOM,OOM,OOM,OOM,OOM,OOM,OOM,OOM,OOM
7,18,dgibbs,psv,OOM,OOM,OOM,OOM,OOM,OOM,OOM,OOM,OOM
8,18,dgibbs,psv,OOM,OOM,OOM,OOM,OOM,OOM,OOM,OOM,OOM
9,18,dgibbs,psv,OOM,OOM,OOM,OOM,OOM,OOM,OOM,OOM,OOM
10,18,dgibbs,psv,OOM,OOM,OOM,OOM,OOM,OOM,OOM,OOM,OOM
11,18,dgibbs,psv,OOM,OOM,OOM,OOM,OOM,OOM,OOM,OOM,OOM
12,18,dgibbs,psv,OOM,OOM,OOM,OOM,OOM,OOM,OOM,OOM,OOM
13,18,dgibbs,psv,OOM,OOM,OOM,OOM,OOM,OOM,OOM,OOM,OOM
14,18,dgibbs,psv,OOM,OOM,OOM,OOM,OOM,OOM,OOM,OOM,OOM
15,18,dgibbs,psv,OOM,OOM,OOM,OOM,OOM,OOM,OOM,OOM,OOM
16,18,dgibbs,psv,OOM,OOM,OOM,OOM,OOM,OOM,OOM,OOM,OOM
17,18,dgibbs,psv,OOM,OOM,OOM,OOM,OOM,OOM,OOM,OOM,OOM
18,18,dgibbs,psv,OOM,OOM,OOM,OOM,OOM,OOM,OOM,OOM,OOM
19,18,dgibbs,psv,OOM,OOM,OOM,OOM,OOM,OOM,OOM,OOM,OOM
20,18,dgibbs,psv,OOM,OOM,OOM,OOM,OOM,OOM,OOM,OOM,OOM
21,18,dgibbs,psv,OOM,OOM,OOM,OOM,OOM,OOM,OOM,OOM,OOM
22,18,dgibbs,psv,OOM,OOM,OOM,OOM,OOM,OOM,OOM,OOM,OOM
23,18,dgibbs,psv,OOM,OOM,OOM,OOM,OOM,OOM,OOM,OOM,OOM
24,18,dgibbs,psv,OOM,OOM,OOM,OOM,OOM,OOM,OOM,OOM,OOM
25,18,dgibbs,psv,OOM,OOM,OOM,OOM,OOM,OOM,OOM,OOM,OOM
26,18,dgibbs,psv,OOM,OOM,OOM,OOM,OOM,OOM,OOM,OOM,OOM
27,18,dgibbs,psv,OOM,OOM,OOM,OOM,OOM,OOM,OOM,OOM,OOM
28,18,dgibbs,psv,OOM,OOM,OOM,OOM,OOM,OOM,OOM,OOM,OOM
29,18,dgibbs,psv,OOM,OOM,OOM,OOM,OOM,OOM,OOM,OOM,OOM
0,20,dgibbs,psv,OOM,OOM,OOM,OOM,OOM,OOM,OOM,OOM,OOM
1,20,dgibbs,psv,OOM,OOM,OOM,OOM,OOM,OOM,OOM,OOM,OOM
2,20,dgibbs,psv,OOM,OOM,OOM,OOM,OOM,OOM,OOM,OOM,OOM
3,20,dgibbs,psv,OOM,OOM,OOM,OOM,OOM,OOM,OOM,OOM,OOM
4,20,dgibbs,psv,OOM,OOM,OOM,OOM,OOM,OOM,OOM,OOM,OOM
5,20,dgibbs,psv,OOM,OOM,OOM,OOM,OOM,OOM,OOM,OOM,OOM
6,20,dgibbs,psv,OOM,OOM,OOM,OOM,OOM,OOM,OOM,OOM,OOM
7,20,dgibbs,psv,OOM,OOM,OOM,OOM,OOM,OOM,OOM,OOM,OOM
8,20,dgibbs,psv,OOM,OOM,OOM,OOM,OOM,OOM,OOM,OOM,OOM
9,20,dgibbs,psv,OOM,OOM,OOM,OOM,OOM,OOM,OOM,OOM,OOM
10,20,dgibbs,psv,OOM,OOM,OOM,OOM,OOM,OOM,OOM,OOM,OOM
11,20,dgibbs,psv,OOM,OOM,OOM,OOM,OOM,OOM,OOM,OOM,OOM
12,20,dgibbs,psv,OOM,OOM,OOM,OOM,OOM,OOM,OOM,OOM,OOM
13,20,dgibbs,psv,OOM,OOM,OOM,OOM,OOM,OOM,OOM,OOM,OOM
14,20,dgibbs,psv,OOM,OOM,OOM,OOM,OOM,OOM,OOM,OOM,OOM
15,20,dgibbs,psv,OOM,OOM,OOM,OOM,OOM,OOM,OOM,OOM,OOM
16,20,dgibbs,psv,OOM,OOM,OOM,OOM,OOM,OOM,OOM,OOM,OOM
17,20,dgibbs,psv,OOM,OOM,OOM,OOM,OOM,OOM,OOM,OOM,OOM
18,20,dgibbs,psv,OOM,OOM,OOM,OOM,OOM,OOM,OOM,OOM,OOM
19,20,dgibbs,psv,OOM,OOM,OOM,OOM,OOM,OOM,OOM,OOM,OOM
20,20,dgibbs,psv,OOM,OOM,OOM,OOM,OOM,OOM,OOM,OOM,OOM
21,20,dgibbs,psv,OOM,OOM,OOM,OOM,OOM,OOM,OOM,OOM,OOM
22,20,dgibbs,psv,OOM,OOM,OOM,OOM,OOM,OOM,OOM,OOM,OOM
23,20,dgibbs,psv,OOM,OOM,OOM,OOM,OOM,OOM,OOM,OOM,OOM
24,20,dgibbs,psv,OOM,OOM,OOM,OOM,OOM,OOM,OOM,OOM,OOM
25,20,dgibbs,psv,OOM,OOM,OOM,OOM,OOM,OOM,OOM,OOM,OOM
26,20,dgibbs,psv,OOM,OOM,OOM,OOM,OOM,OOM,OOM,OOM,OOM
27,20,dgibbs,psv,OOM,OOM,OOM,OOM,OOM,OOM,OOM,OOM,OOM
28,20,dgibbs,psv,OOM,OOM,OOM,OOM,OOM,OOM,OOM,OOM,OOM
29,20,dgibbs,psv,OOM,OOM,OOM,OOM,OOM,OOM,OOM,OOM,OOM