instance.no,param,algorithm,decomposition,PD.NCCCs,PD.smt,PD.wct,PS.NCCCs,PS.nbInMsg,PS.nbOutMsg,PS.smt,PS.wct,cost
0,0.7,dgibbs,mva-eager,18,0,0,3755,0,1321,2,5,57
1,0.7,dgibbs,mva-eager,13,0,0,2846,0,1321,1,6,UNSAT
2,0.7,dgibbs,mva-eager,11,0,0,2509,0,1321,3,8,UNSAT
3,0.7,dgibbs,mva-eager,16,0,0,2448,0,1321,2,7,UNSAT
4,0.7,dgibbs,mva-eager,16,0,0,1600,0,1321,1,3,UNSAT
5,0.7,dgibbs,mva-eager,9,0,0,1163,0,1321,1,6,UNSAT
6,0.7,dgibbs,mva-eager,10,0,0,1694,0,1321,1,3,UNSAT
7,0.7,dgibbs,mva-eager,17,0,0,2018,0,1321,1,4,UNSAT
8,0.7,dgibbs,mva-eager,17,0,0,2512,0,1321,6,9,UNSAT
9,0.7,dgibbs,mva-eager,17,0,0,2207,0,1321,4,8,UNSAT
10,0.7,dgibbs,mva-eager,5,0,0,1437,0,1322,1,3,UNSAT
11,0.7,dgibbs,mva-eager,19,0,0,2190,0,1321,2,5,UNSAT
12,0.7,dgibbs,mva-eager,5,0,0,3086,0,1321,2,5,UNSAT
13,0.7,dgibbs,mva-eager,7,0,0,3160,0,1322,1,4,UNSAT
14,0.7,dgibbs,mva-eager,14,0,0,2749,0,1322,1,5,UNSAT
15,0.7,dgibbs,mva-eager,6,0,0,2122,0,1321,4,7,UNSAT
16,0.7,dgibbs,mva-eager,20,0,0,3175,0,1321,3,8,UNSAT
17,0.7,dgibbs,mva-eager,18,0,0,2621,0,1321,1,3,UNSAT
18,0.7,dgibbs,mva-eager,13,0,0,2053,0,1321,2,5,UNSAT
19,0.7,dgibbs,mva-eager,11,0,0,1152,0,1322,1,3,UNSAT
20,0.7,dgibbs,mva-eager,18,0,0,2822,0,1321,2,6,UNSAT
21,0.7,dgibbs,mva-eager,6,0,0,1726,0,1321,1,3,UNSAT
22,0.7,dgibbs,mva-eager,6,0,0,1800,0,1322,1,4,UNSAT
23,0.7,dgibbs,mva-eager,11,0,0,2352,0,1321,1,3,UNSAT
24,0.7,dgibbs,mva-eager,22,0,0,3336,0,1321,2,5,UNSAT
25,0.7,dgibbs,mva-eager,5,0,0,2230,0,1321,1,3,UNSAT
26,0.7,dgibbs,mva-eager,18,0,0,2307,0,1321,2,5,UNSAT
27,0.7,dgibbs,mva-eager,20,0,0,3064,0,1321,4,8,UNSAT
28,0.7,dgibbs,mva-eager,17,0,0,1720,0,1322,1,3,UNSAT
29,0.7,dgibbs,mva-eager,15,0,0,2104,0,1321,1,3,UNSAT
