instance.no,param,algorithm,decomposition,PD.NCCCs,PD.smt,PD.wct,PS.NCCCs,PS.nbInMsg,PS.nbOutMsg,PS.smt,PS.wct,cost
0,1.0,dgibbs,mva-eager,9,0,0,2036,0,1525,2,5,UNSAT
1,1.0,dgibbs,mva-eager,7,0,0,3152,0,1525,1,4,UNSAT
2,1.0,dgibbs,mva-eager,14,0,0,2820,0,1525,2,5,UNSAT
3,1.0,dgibbs,mva-eager,14,0,0,3224,0,1525,1,4,UNSAT
4,1.0,dgibbs,mva-eager,9,0,0,3307,0,1525,1,4,163
5,1.0,dgibbs,mva-eager,14,0,0,2565,0,1525,1,4,UNSAT
6,1.0,dgibbs,mva-eager,8,0,0,2668,0,1525,2,7,UNSAT
7,1.0,dgibbs,mva-eager,9,0,0,2683,0,1525,1,4,UNSAT
8,1.0,dgibbs,mva-eager,16,0,0,1742,0,1525,1,4,UNSAT
9,1.0,dgibbs,mva-eager,9,0,0,2008,0,1525,1,4,UNSAT
10,1.0,dgibbs,mva-eager,17,0,0,2771,0,1525,2,4,UNSAT
11,1.0,dgibbs,mva-eager,9,0,0,2344,0,1525,1,4,UNSAT
12,1.0,dgibbs,mva-eager,9,0,0,1943,0,1525,3,8,UNSAT
13,1.0,dgibbs,mva-eager,8,0,0,2403,0,1525,4,8,UNSAT
14,1.0,dgibbs,mva-eager,15,0,0,3155,0,1525,3,7,UNSAT
15,1.0,dgibbs,mva-eager,9,0,0,2094,0,1525,4,8,UNSAT
16,1.0,dgibbs,mva-eager,11,0,0,2847,0,1525,1,4,UNSAT
17,1.0,dgibbs,mva-eager,11,0,0,2669,0,1525,3,7,UNSAT
18,1.0,dgibbs,mva-eager,9,0,0,1739,0,1525,1,5,UNSAT
19,1.0,dgibbs,mva-eager,0,0,0,1087,0,1525,2,5,UNSAT
20,1.0,dgibbs,mva-eager,9,0,0,2010,0,1525,2,8,UNSAT
21,1.0,dgibbs,mva-eager,8,0,0,907,0,1525,1,4,UNSAT
22,1.0,dgibbs,mva-eager,17,0,0,2572,0,1525,2,8,UNSAT
23,1.0,dgibbs,mva-eager,17,0,0,2248,0,1525,2,5,UNSAT
24,1.0,dgibbs,mva-eager,8,0,0,2193,0,1525,2,5,UNSAT
25,1.0,dgibbs,mva-eager,5,0,0,2989,0,1525,2,5,UNSAT
26,1.0,dgibbs,mva-eager,14,0,0,2585,0,1525,3,7,UNSAT
27,1.0,dgibbs,mva-eager,11,0,0,2652,0,1525,1,4,UNSAT
28,1.0,dgibbs,mva-eager,12,0,0,2187,0,1525,2,6,UNSAT
29,1.0,dgibbs,mva-eager,16,0,0,2274,0,1525,2,6,UNSAT
