instance.no,param,algorithm,decomposition,PD.NCCCs,PD.smt,PD.wct,PS.NCCCs,PS.nbInMsg,PS.nbOutMsg,PS.smt,PS.wct,cost
0,0.8,dgibbs,mva-eager,17,0,0,2653,0,1321,1,4,UNSAT
1,0.8,dgibbs,mva-eager,20,0,0,1923,0,1322,1,3,UNSAT
2,0.8,dgibbs,mva-eager,12,0,0,1922,0,1321,1,3,UNSAT
3,0.8,dgibbs,mva-eager,16,0,0,2750,0,1321,1,4,UNSAT
4,0.8,dgibbs,mva-eager,5,0,0,1951,0,1321,1,3,UNSAT
5,0.8,dgibbs,mva-eager,4,0,0,2183,0,1321,1,3,UNSAT
6,0.8,dgibbs,mva-eager,9,0,0,2264,0,1322,1,4,UNSAT
7,0.8,dgibbs,mva-eager,15,0,0,2140,0,1322,1,3,UNSAT
8,0.8,dgibbs,mva-eager,12,0,0,2339,0,1321,1,3,UNSAT
9,0.8,dgibbs,mva-eager,13,0,0,2032,0,1321,1,3,UNSAT
10,0.8,dgibbs,mva-eager,11,0,0,1937,0,1322,1,4,UNSAT
11,0.8,dgibbs,mva-eager,18,0,0,2535,0,1322,1,3,65
12,0.8,dgibbs,mva-eager,10,0,0,2818,0,1321,1,3,UNSAT
13,0.8,dgibbs,mva-eager,16,0,0,3604,0,1321,1,3,UNSAT
14,0.8,dgibbs,mva-eager,12,0,0,2023,0,1321,1,3,UNSAT
15,0.8,dgibbs,mva-eager,15,0,0,3245,0,1321,1,3,UNSAT
16,0.8,dgibbs,mva-eager,10,0,0,3109,0,1321,2,4,UNSAT
17,0.8,dgibbs,mva-eager,29,0,0,2863,0,1322,2,5,UNSAT
18,0.8,dgibbs,mva-eager,17,0,0,1820,0,1321,3,8,UNSAT
19,0.8,dgibbs,mva-eager,8,0,0,1640,0,1321,1,3,UNSAT
20,0.8,dgibbs,mva-eager,7,0,0,3006,0,1321,2,7,UNSAT
21,0.8,dgibbs,mva-eager,10,0,0,1986,0,1321,1,4,UNSAT
22,0.8,dgibbs,mva-eager,13,0,0,1890,0,1321,2,5,UNSAT
23,0.8,dgibbs,mva-eager,18,0,0,2226,0,1322,1,3,UNSAT
24,0.8,dgibbs,mva-eager,8,0,0,1871,0,1321,2,5,UNSAT
25,0.8,dgibbs,mva-eager,16,0,0,2547,0,1321,2,5,UNSAT
26,0.8,dgibbs,mva-eager,9,0,0,2211,0,1321,3,7,UNSAT
27,0.8,dgibbs,mva-eager,13,0,0,2343,0,1321,1,4,UNSAT
28,0.8,dgibbs,mva-eager,4,0,0,2510,0,1322,1,3,UNSAT
29,0.8,dgibbs,mva-eager,9,0,0,1342,0,1321,2,5,UNSAT
