instance.no,param,algorithm,decomposition,PD.NCCCs,PD.smt,PD.wct,PS.NCCCs,PS.nbInMsg,PS.nbOutMsg,PS.smt,PS.wct,cost
0,0.7,dgibbs,mva-lazy,16,0,0,3871,0,1321,2,5,UNSAT
1,0.7,dgibbs,mva-lazy,14,0,0,2387,0,1321,1,5,UNSAT
2,0.7,dgibbs,mva-lazy,15,0,0,2567,0,1321,1,3,UNSAT
3,0.7,dgibbs,mva-lazy,17,0,0,2097,0,1321,1,5,UNSAT
4,0.7,dgibbs,mva-lazy,14,0,0,2092,0,1321,2,5,UNSAT
5,0.7,dgibbs,mva-lazy,2,0,0,1019,0,1321,1,3,UNSAT
6,0.7,dgibbs,mva-lazy,12,0,0,1986,0,1321,1,4,UNSAT
7,0.7,dgibbs,mva-lazy,12,0,0,1828,0,1321,1,3,UNSAT
8,0.7,dgibbs,mva-lazy,10,0,0,2247,0,1321,3,8,UNSAT
9,0.7,dgibbs,mva-lazy,5,0,0,600,0,1321,1,3,UNSAT
10,0.7,dgibbs,mva-lazy,10,0,0,1333,0,1322,1,7,UNSAT
11,0.7,dgibbs,mva-lazy,11,0,0,1190,0,1321,2,5,UNSAT
12,0.7,dgibbs,mva-lazy,11,0,0,2289,0,1321,3,7,UNSAT
13,0.7,dgibbs,mva-lazy,6,0,0,2465,0,1322,1,5,UNSAT
14,0.7,dgibbs,mva-lazy,12,0,0,2724,0,1322,1,5,UNSAT
15,0.7,dgibbs,mva-lazy,10,0,0,2290,0,1321,1,4,UNSAT
16,0.7,dgibbs,mva-lazy,10,0,0,3086,0,1321,2,7,UNSAT
17,0.7,dgibbs,mva-lazy,14,0,0,2659,0,1321,1,3,UNSAT
18,0.7,dgibbs,mva-lazy,9,0,0,2044,0,1321,2,6,UNSAT
19,0.7,dgibbs,mva-lazy,14,0,0,1154,0,1322,1,4,UNSAT
20,0.7,dgibbs,mva-lazy,14,0,0,2918,0,1321,2,6,UNSAT
21,0.7,dgibbs,mva-lazy,14,0,0,1875,0,1321,2,4,UNSAT
22,0.7,dgibbs,mva-lazy,12,0,0,1926,0,1322,2,8,UNSAT
23,0.7,dgibbs,mva-lazy,12,0,0,2359,0,1321,1,4,UNSAT
24,0.7,dgibbs,mva-lazy,11,0,0,1875,0,1321,1,4,UNSAT
25,0.7,dgibbs,mva-lazy,9,0,0,2130,0,1321,2,5,UNSAT
26,0.7,dgibbs,mva-lazy,8,0,0,1381,0,1321,1,4,UNSAT
27,0.7,dgibbs,mva-lazy,20,0,0,3208,0,1321,2,6,UNSAT
28,0.7,dgibbs,mva-lazy,11,0,0,1812,0,1322,1,3,UNSAT
29,0.7,dgibbs,mva-lazy,22,0,0,2026,0,1321,1,4,UNSAT
