instance.no,param,algorithm,decomposition,PD.NCCCs,PD.smt,PD.wct,PS.NCCCs,PS.nbInMsg,PS.nbOutMsg,PS.smt,PS.wct,cost
0,0.6,dgibbs,mva-lazy,8,0,0,1293,0,1117,3,6,UNSAT
1,0.6,dgibbs,mva-lazy,2,0,0,1643,0,1118,2,6,UNSAT
2,0.6,dgibbs,mva-lazy,2,0,0,1580,0,1117,3,6,UNSAT
3,0.6,dgibbs,mva-lazy,8,0,0,1232,0,1118,2,6,UNSAT
4,0.6,dgibbs,mva-lazy,26,0,0,2212,0,1117,3,6,UNSAT
5,0.6,dgibbs,mva-lazy,10,0,0,1203,0,1118,2,7,UNSAT
6,0.6,dgibbs,mva-lazy,10,0,0,3331,0,1117,3,6,UNSAT
7,0.6,dgibbs,mva-lazy,9,0,0,1331,0,1118,2,6,UNSAT
8,0.6,dgibbs,mva-lazy,14,0,0,2678,0,1117,3,6,UNSAT
9,0.6,dgibbs,mva-lazy,17,0,0,2293,0,1118,2,6,UNSAT
10,0.6,dgibbs,mva-lazy,11,0,0,2735,0,1117,3,6,UNSAT
11,0.6,dgibbs,mva-lazy,12,0,0,2471,0,1117,3,6,UNSAT
12,0.6,dgibbs,mva-lazy,5,0,0,1851,0,1118,2,6,UNSAT
13,0.6,dgibbs,mva-lazy,7,0,0,1837,0,1117,3,6,UNSAT
14,0.6,dgibbs,mva-lazy,17,0,0,2695,0,1117,2,6,UNSAT
15,0.6,dgibbs,mva-lazy,16,0,0,3202,0,1118,2,6,UNSAT
16,0.6,dgibbs,mva-lazy,16,0,0,2568,0,1118,2,6,UNSAT
17,0.6,dgibbs,mva-lazy,6,0,0,2911,0,1117,3,6,UNSAT
18,0.6,dgibbs,mva-lazy,5,0,0,1467,0,1117,2,6,UNSAT
19,0.6,dgibbs,mva-lazy,12,0,0,1790,0,1118,2,6,UNSAT
20,0.6,dgibbs,mva-lazy,4,0,0,1310,0,1118,2,6,UNSAT
21,0.6,dgibbs,mva-lazy,9,0,0,1839,0,1117,2,5,UNSAT
22,0.6,dgibbs,mva-lazy,17,0,0,2223,0,1117,3,6,UNSAT
23,0.6,dgibbs,mva-lazy,12,0,0,2354,0,1118,2,6,UNSAT
24,0.6,dgibbs,mva-lazy,15,0,0,1743,0,1117,2,6,UNSAT
25,0.6,dgibbs,mva-lazy,8,0,0,1394,0,1117,2,5,UNSAT
26,0.6,dgibbs,mva-lazy,8,0,0,1240,0,1118,2,6,UNSAT
27,0.6,dgibbs,mva-lazy,9,0,0,1496,0,1118,3,7,UNSAT
28,0.6,dgibbs,mva-lazy,13,0,0,1902,0,1117,3,7,UNSAT
29,0.6,dgibbs,mva-lazy,8,0,0,1778,0,1118,2,7,UNSAT
