instance.no,param,algorithm,decomposition,PD.NCCCs,PD.smt,PD.wct,PS.NCCCs,PS.nbInMsg,PS.nbOutMsg,PS.smt,PS.wct,cost
0,0.9,dgibbs,mva-lazy,9,0,0,1649,0,1525,2,5,UNSAT
1,0.9,dgibbs,mva-lazy,9,0,0,2771,0,1525,1,4,UNSAT
2,0.9,dgibbs,mva-lazy,11,0,0,1729,0,1525,1,6,UNSAT
3,0.9,dgibbs,mva-lazy,17,0,0,2518,0,1525,2,5,UNSAT
4,0.9,dgibbs,mva-lazy,11,0,0,2734,0,1525,1,4,UNSAT
5,0.9,dgibbs,mva-lazy,15,0,0,2516,0,1525,2,5,UNSAT
6,0.9,dgibbs,mva-lazy,18,0,0,2629,0,1525,2,5,135
7,0.9,dgibbs,mva-lazy,14,0,0,1770,0,1525,1,4,UNSAT
8,0.9,dgibbs,mva-lazy,15,0,0,2848,0,1525,3,10,UNSAT
9,0.9,dgibbs,mva-lazy,16,0,0,2605,0,1525,4,8,UNSAT
10,0.9,dgibbs,mva-lazy,8,0,0,2672,0,1525,1,4,UNSAT
11,0.9,dgibbs,mva-lazy,20,0,0,3127,0,1525,1,4,UNSAT
12,0.9,dgibbs,mva-lazy,5,0,0,2589,0,1525,2,6,UNSAT
13,0.9,dgibbs,mva-lazy,12,0,0,2381,0,1525,4,8,UNSAT
14,0.9,dgibbs,mva-lazy,11,0,0,2480,0,1525,4,8,UNSAT
15,0.9,dgibbs,mva-lazy,8,0,0,1265,0,1525,2,5,UNSAT
16,0.9,dgibbs,mva-lazy,10,0,0,1972,0,1525,1,4,UNSAT
17,0.9,dgibbs,mva-lazy,19,0,0,4051,0,1525,3,6,UNSAT
18,0.9,dgibbs,mva-lazy,14,0,0,1702,0,1525,1,4,UNSAT
19,0.9,dgibbs,mva-lazy,9,0,0,1931,0,1525,2,5,UNSAT
20,0.9,dgibbs,mva-lazy,5,0,0,2518,0,1525,2,5,UNSAT
21,0.9,dgibbs,mva-lazy,19,0,0,2063,0,1525,3,6,UNSAT
22,0.9,dgibbs,mva-lazy,8,0,0,2351,0,1525,1,4,UNSAT
23,0.9,dgibbs,mva-lazy,3,0,0,826,0,1525,2,5,UNSAT
24,0.9,dgibbs,mva-lazy,12,0,0,2825,0,1525,1,4,UNSAT
25,0.9,dgibbs,mva-lazy,9,0,0,1953,0,1525,1,4,UNSAT
26,0.9,dgibbs,mva-lazy,9,0,0,2407,0,1525,3,6,UNSAT
27,0.9,dgibbs,mva-lazy,13,0,0,2280,0,1525,1,4,UNSAT
28,0.9,dgibbs,mva-lazy,22,0,0,2359,0,1525,2,4,UNSAT
29,0.9,dgibbs,mva-lazy,8,0,0,2036,0,1525,2,7,UNSAT
