instance.no,param,algorithm,decomposition,PD.NCCCs,PD.smt,PD.wct,PS.NCCCs,PS.nbInMsg,PS.nbOutMsg,PS.smt,PS.wct,cost
0,0.8,dgibbs,mva-lazy,21,0,0,2478,0,1321,2,5,UNSAT
1,0.8,dgibbs,mva-lazy,5,0,0,1820,0,1322,3,7,UNSAT
2,0.8,dgibbs,mva-lazy,9,0,0,1988,0,1321,1,3,UNSAT
3,0.8,dgibbs,mva-lazy,15,0,0,3010,0,1321,2,5,UNSAT
4,0.8,dgibbs,mva-lazy,7,0,0,1322,0,1321,1,4,UNSAT
5,0.8,dgibbs,mva-lazy,17,0,0,2269,0,1321,3,8,UNSAT
6,0.8,dgibbs,mva-lazy,8,0,0,2326,0,1322,1,4,UNSAT
7,0.8,dgibbs,mva-lazy,13,0,0,2297,0,1322,2,7,UNSAT
8,0.8,dgibbs,mva-lazy,17,0,0,2038,0,1321,1,3,UNSAT
9,0.8,dgibbs,mva-lazy,4,0,0,2195,0,1321,2,4,UNSAT
10,0.8,dgibbs,mva-lazy,15,0,0,2188,0,1322,2,6,UNSAT
11,0.8,dgibbs,mva-lazy,12,0,0,2486,0,1322,2,8,65
12,0.8,dgibbs,mva-lazy,11,0,0,2423,0,1321,1,5,UNSAT
13,0.8,dgibbs,mva-lazy,12,0,0,3594,0,1321,2,6,UNSAT
14,0.8,dgibbs,mva-lazy,10,0,0,1860,0,1321,4,10,UNSAT
15,0.8,dgibbs,mva-lazy,25,0,0,3182,0,1321,3,7,UNSAT
16,0.8,dgibbs,mva-lazy,13,0,0,3167,0,1321,3,8,UNSAT
17,0.8,dgibbs,mva-lazy,16,0,0,1498,0,1322,1,4,UNSAT
18,0.8,dgibbs,mva-lazy,5,0,0,1998,0,1321,2,5,UNSAT
19,0.8,dgibbs,mva-lazy,6,0,0,1774,0,1321,1,3,UNSAT
20,0.8,dgibbs,mva-lazy,4,0,0,2644,0,1321,2,5,UNSAT
21,0.8,dgibbs,mva-lazy,8,0,0,2029,0,1321,2,4,UNSAT
22,0.8,dgibbs,mva-lazy,9,0,0,1778,0,1321,2,7,UNSAT
23,0.8,dgibbs,mva-lazy,10,0,0,2141,0,1322,1,3,UNSAT
24,0.8,dgibbs,mva-lazy,9,0,0,1868,0,1321,2,7,UNSAT
25,0.8,dgibbs,mva-lazy,15,0,0,2595,0,1321,1,3,UNSAT
26,0.8,dgibbs,mva-lazy,10,0,0,1916,0,1321,4,10,UNSAT
27,0.8,dgibbs,mva-lazy,11,0,0,1427,0,1321,1,3,UNSAT
28,0.8,dgibbs,mva-lazy,4,0,0,2449,0,1322,1,4,UNSAT
29,0.8,dgibbs,mva-lazy,9,0,0,1356,0,1321,1,3,UNSAT
