instance.no,param,algorithm,decomposition,PD.NCCCs,PD.smt,PD.wct,PS.NCCCs,PS.nbInMsg,PS.nbOutMsg,PS.smt,PS.wct,cost
0,0.5,dgibbs,mva-eager,17,0,0,2354,0,913,3,6,182
1,0.5,dgibbs,mva-eager,7,0,0,2314,0,914,2,6,UNSAT
2,0.5,dgibbs,mva-eager,12,0,0,2310,0,914,2,6,UNSAT
3,0.5,dgibbs,mva-eager,16,0,0,1836,0,914,2,6,UNSAT
4,0.5,dgibbs,mva-eager,12,0,0,1735,0,915,1,6,UNSAT
5,0.5,dgibbs,mva-eager,13,0,0,2028,0,914,2,6,UNSAT
6,0.5,dgibbs,mva-eager,12,0,0,2027,0,914,2,6,UNSAT
7,0.5,dgibbs,mva-eager,17,0,0,1959,0,914,2,6,UNSAT
8,0.5,dgibbs,mva-eager,10,0,0,1591,0,914,2,6,UNSAT
9,0.5,dgibbs,mva-eager,12,0,0,1509,0,914,2,6,UNSAT
10,0.5,dgibbs,mva-eager,18,0,0,1895,0,914,2,6,UNSAT
11,0.5,dgibbs,mva-eager,9,0,0,1981,0,914,2,6,UNSAT
12,0.5,dgibbs,mva-eager,14,0,0,2076,0,914,2,6,UNSAT
13,0.5,dgibbs,mva-eager,9,0,0,2257,0,913,2,6,UNSAT
14,0.5,dgibbs,mva-eager,16,0,0,2058,0,914,2,6,UNSAT
15,0.5,dgibbs,mva-eager,16,0,0,1594,0,915,1,6,UNSAT
16,0.5,dgibbs,mva-eager,17,0,0,1779,0,914,2,6,UNSAT
17,0.5,dgibbs,mva-eager,10,0,0,2631,0,914,2,5,UNSAT
18,0.5,dgibbs,mva-eager,12,0,0,2683,0,913,3,5,UNSAT
19,0.5,dgibbs,mva-eager,9,0,0,1673,0,914,2,6,UNSAT
20,0.5,dgibbs,mva-eager,12,0,0,1668,0,914,2,5,UNSAT
21,0.5,dgibbs,mva-eager,5,0,0,1533,0,915,2,7,UNSAT
22,0.5,dgibbs,mva-eager,13,0,0,2797,0,914,2,6,UNSAT
23,0.5,dgibbs,mva-eager,13,0,0,1997,0,914,2,6,UNSAT
24,0.5,dgibbs,mva-eager,6,0,0,2353,0,913,3,6,UNSAT
25,0.5,dgibbs,mva-eager,1,0,0,1830,0,913,2,6,UNSAT
26,0.5,dgibbs,mva-eager,4,0,0,1707,0,914,2,6,UNSAT
27,0.5,dgibbs,mva-eager,16,0,0,3353,0,913,3,6,UNSAT
28,0.5,dgibbs,mva-eager,10,0,0,1636,0,914,2,6,UNSAT
29,0.5,dgibbs,mva-eager,16,0,0,2725,0,913,3,6,UNSAT
