instance.no,param,algorithm,decomposition,PD.NCCCs,PD.smt,PD.wct,PS.NCCCs,PS.nbInMsg,PS.nbOutMsg,PS.smt,PS.wct,cost
0,0.4,dgibbs,mva-lazy,17,0,0,1349,0,914,1,5,UNSAT
1,0.4,dgibbs,mva-lazy,6,0,0,1859,0,914,2,7,UNSAT
2,0.4,dgibbs,mva-lazy,8,0,0,2494,0,914,3,7,UNSAT
3,0.4,dgibbs,mva-lazy,1,0,0,1082,0,914,2,6,UNSAT
4,0.4,dgibbs,mva-lazy,4,0,0,1095,0,914,2,6,UNSAT
5,0.4,dgibbs,mva-lazy,6,0,0,1762,0,913,3,6,UNSAT
6,0.4,dgibbs,mva-lazy,21,0,0,2953,0,914,2,6,UNSAT
7,0.4,dgibbs,mva-lazy,10,0,0,2000,0,914,2,6,UNSAT
8,0.4,dgibbs,mva-lazy,11,0,0,1046,0,915,2,6,UNSAT
9,0.4,dgibbs,mva-lazy,17,0,0,2306,0,913,2,5,UNSAT
10,0.4,dgibbs,mva-lazy,16,0,0,1434,0,913,2,5,UNSAT
11,0.4,dgibbs,mva-lazy,9,0,0,2673,0,913,2,5,117
12,0.4,dgibbs,mva-lazy,7,0,0,1076,0,915,1,5,UNSAT
13,0.4,dgibbs,mva-lazy,9,0,0,1446,0,915,1,6,UNSAT
14,0.4,dgibbs,mva-lazy,22,0,0,2113,0,913,2,5,115
15,0.4,dgibbs,mva-lazy,12,0,0,1857,0,915,1,6,UNSAT
16,0.4,dgibbs,mva-lazy,11,0,0,2943,0,913,3,5,114
17,0.4,dgibbs,mva-lazy,16,0,0,2250,0,914,2,5,UNSAT
18,0.4,dgibbs,mva-lazy,11,0,0,2412,0,914,2,6,UNSAT
19,0.4,dgibbs,mva-lazy,5,0,0,1290,0,914,2,6,UNSAT
20,0.4,dgibbs,mva-lazy,10,0,0,2253,0,914,2,6,UNSAT
21,0.4,dgibbs,mva-lazy,12,0,0,1204,0,913,3,6,UNSAT
22,0.4,dgibbs,mva-lazy,19,0,0,2172,0,913,3,6,UNSAT
23,0.4,dgibbs,mva-lazy,21,0,0,1758,0,913,3,6,UNSAT
24,0.4,dgibbs,mva-lazy,12,0,0,2023,0,914,2,6,UNSAT
25,0.4,dgibbs,mva-lazy,19,0,0,3042,0,914,2,6,UNSAT
26,0.4,dgibbs,mva-lazy,10,0,0,2505,0,914,2,6,UNSAT
27,0.4,dgibbs,mva-lazy,4,0,0,1523,0,914,2,6,UNSAT
28,0.4,dgibbs,mva-lazy,17,0,0,2503,0,914,2,6,UNSAT
29,0.4,dgibbs,mva-lazy,12,0,0,2109,0,913,2,5,UNSAT
