instance.no,param,algorithm,decomposition,PD.NCCCs,PD.smt,PD.wct,PS.NCCCs,PS.nbInMsg,PS.nbOutMsg,PS.smt,PS.wct,cost
0,0.9,dgibbs,psa,4,0,0,10306,9249,1624,5,19,UNSAT
1,0.9,dgibbs,psa,4,0,1,12934,9349,1524,5,19,UNSAT
2,0.9,dgibbs,psa,4,0,0,11916,9148,1725,3,15,UNSAT
3,0.9,dgibbs,psa,3,0,0,9031,9248,1624,3,15,UNSAT
4,0.9,dgibbs,psa,3,0,1,12131,9248,1625,5,21,UNSAT
5,0.9,dgibbs,psa,4,0,0,10908,9146,1725,4,16,UNSAT
6,0.9,dgibbs,psa,4,0,1,10126,9247,1625,4,19,142
7,0.9,dgibbs,psa,3,0,0,9543,9247,1625,4,18,UNSAT
8,0.9,dgibbs,psa,2,0,0,9805,9248,1625,3,15,UNSAT
9,0.9,dgibbs,psa,4,0,0,11651,9350,1524,5,19,UNSAT
10,0.9,dgibbs,psa,4,0,0,11169,9247,1624,4,16,UNSAT
11,0.9,dgibbs,psa,3,0,0,11553,9348,1524,5,19,UNSAT
12,0.9,dgibbs,psa,2,0,0,10667,9247,1624,5,18,UNSAT
13,0.9,dgibbs,psa,2,0,0,10824,9245,1625,3,14,UNSAT
14,0.9,dgibbs,psa,4,0,0,9751,9250,1624,4,19,UNSAT
15,0.9,dgibbs,psa,3,0,0,9929,9247,1624,4,15,UNSAT
16,0.9,dgibbs,psa,3,0,0,9215,9348,1524,6,19,UNSAT
17,0.9,dgibbs,psa,3,0,0,9927,9247,1625,3,14,UNSAT
18,0.9,dgibbs,psa,4,0,0,13487,9349,1524,4,14,UNSAT
19,0.9,dgibbs,psa,3,0,0,11160,9248,1624,3,14,UNSAT
20,0.9,dgibbs,psa,3,0,0,10103,9348,1524,3,14,UNSAT
21,0.9,dgibbs,psa,3,0,0,11206,9248,1625,4,17,UNSAT
22,0.9,dgibbs,psa,4,0,0,10202,9248,1625,5,18,UNSAT
23,0.9,dgibbs,psa,3,0,0,8783,9348,1524,4,17,UNSAT
24,0.9,dgibbs,psa,4,0,1,8827,9347,1524,5,21,UNSAT
25,0.9,dgibbs,psa,4,0,0,8871,9248,1624,4,16,UNSAT
26,0.9,dgibbs,psa,3,0,0,15285,9348,1524,3,14,UNSAT
27,0.9,dgibbs,psa,2,0,1,12765,9349,1524,4,17,UNSAT
28,0.9,dgibbs,psa,3,0,0,8449,9146,1725,4,16,UNSAT
29,0.9,dgibbs,psa,3,0,0,9711,9144,1726,5,17,UNSAT
