instance.no,param,algorithm,decomposition,PD.NCCCs,PD.smt,PD.wct,PS.NCCCs,PS.nbInMsg,PS.nbOutMsg,PS.smt,PS.wct,cost
0,0.4,dgibbs,mva-eager,10,0,0,1510,0,914,2,6,UNSAT
1,0.4,dgibbs,mva-eager,16,0,0,1959,0,914,2,6,UNSAT
2,0.4,dgibbs,mva-eager,5,0,0,2625,0,914,3,6,UNSAT
3,0.4,dgibbs,mva-eager,4,0,0,949,0,914,2,6,UNSAT
4,0.4,dgibbs,mva-eager,10,0,0,826,0,914,2,6,UNSAT
5,0.4,dgibbs,mva-eager,14,0,0,1821,0,913,3,6,UNSAT
6,0.4,dgibbs,mva-eager,8,0,0,3159,0,914,2,6,UNSAT
7,0.4,dgibbs,mva-eager,11,0,0,2211,0,914,2,6,UNSAT
8,0.4,dgibbs,mva-eager,9,0,0,1009,0,915,1,5,UNSAT
9,0.4,dgibbs,mva-eager,14,0,0,2364,0,913,2,5,UNSAT
10,0.4,dgibbs,mva-eager,18,0,0,1436,0,913,2,5,UNSAT
11,0.4,dgibbs,mva-eager,15,0,0,3027,0,913,2,5,133
12,0.4,dgibbs,mva-eager,18,0,0,1527,0,915,2,7,UNSAT
13,0.4,dgibbs,mva-eager,8,0,0,1374,0,915,2,7,UNSAT
14,0.4,dgibbs,mva-eager,22,0,0,2011,0,913,3,6,UNSAT
15,0.4,dgibbs,mva-eager,22,0,0,1850,0,915,2,6,UNSAT
16,0.4,dgibbs,mva-eager,12,0,0,2735,0,913,3,6,96
17,0.4,dgibbs,mva-eager,10,0,0,2829,0,914,2,6,182
18,0.4,dgibbs,mva-eager,14,0,0,2116,0,914,2,6,UNSAT
19,0.4,dgibbs,mva-eager,3,0,0,1434,0,914,2,6,UNSAT
20,0.4,dgibbs,mva-eager,22,0,0,2330,0,914,2,6,UNSAT
21,0.4,dgibbs,mva-eager,11,0,0,1268,0,913,2,5,UNSAT
22,0.4,dgibbs,mva-eager,21,0,0,1953,0,913,3,5,UNSAT
23,0.4,dgibbs,mva-eager,10,0,0,1711,0,913,3,6,UNSAT
24,0.4,dgibbs,mva-eager,12,0,0,1866,0,914,2,6,UNSAT
25,0.4,dgibbs,mva-eager,19,0,0,1312,0,914,2,6,UNSAT
26,0.4,dgibbs,mva-eager,8,0,0,2399,0,914,2,6,UNSAT
27,0.4,dgibbs,mva-eager,11,0,0,1476,0,914,2,6,UNSAT
28,0.4,dgibbs,mva-eager,12,0,0,2587,0,914,2,6,UNSAT
29,0.4,dgibbs,mva-eager,20,0,0,2382,0,913,3,6,122
