instance.no,param,algorithm,decomposition,PD.NCCCs,PD.smt,PD.wct,PS.NCCCs,PS.nbInMsg,PS.nbOutMsg,PS.smt,PS.wct,cost
0,0.9,dgibbs,mva-eager,16,0,0,1794,0,1525,2,5,UNSAT
1,0.9,dgibbs,mva-eager,14,0,0,2517,0,1525,3,8,UNSAT
2,0.9,dgibbs,mva-eager,12,0,0,1652,0,1525,1,4,UNSAT
3,0.9,dgibbs,mva-eager,8,0,0,2123,0,1525,1,4,UNSAT
4,0.9,dgibbs,mva-eager,14,0,0,2046,0,1525,3,8,UNSAT
5,0.9,dgibbs,mva-eager,14,0,0,2460,0,1525,1,4,UNSAT
6,0.9,dgibbs,mva-eager,9,0,0,2700,0,1525,2,4,UNSAT
7,0.9,dgibbs,mva-eager,8,0,0,1734,0,1525,1,4,UNSAT
8,0.9,dgibbs,mva-eager,15,0,0,2936,0,1525,2,6,UNSAT
9,0.9,dgibbs,mva-eager,16,0,0,2486,0,1525,1,4,UNSAT
10,0.9,dgibbs,mva-eager,14,0,0,2309,0,1525,2,6,UNSAT
11,0.9,dgibbs,mva-eager,17,0,0,2878,0,1525,3,7,UNSAT
12,0.9,dgibbs,mva-eager,15,0,0,2530,0,1525,2,8,UNSAT
13,0.9,dgibbs,mva-eager,15,0,0,2428,0,1525,2,5,UNSAT
14,0.9,dgibbs,mva-eager,9,0,0,2867,0,1525,2,6,UNSAT
15,0.9,dgibbs,mva-eager,16,0,0,2878,0,1525,1,4,191
16,0.9,dgibbs,mva-eager,25,0,0,1986,0,1525,1,4,UNSAT
17,0.9,dgibbs,mva-eager,24,0,0,4394,0,1525,3,7,41
18,0.9,dgibbs,mva-eager,15,0,0,2180,0,1525,1,4,UNSAT
19,0.9,dgibbs,mva-eager,8,0,0,2280,0,1525,1,4,UNSAT
20,0.9,dgibbs,mva-eager,5,0,0,2663,0,1525,2,5,UNSAT
21,0.9,dgibbs,mva-eager,14,0,0,2122,0,1525,1,4,UNSAT
22,0.9,dgibbs,mva-eager,17,0,0,2092,0,1525,3,8,UNSAT
23,0.9,dgibbs,mva-eager,8,0,0,2089,0,1525,1,4,UNSAT
24,0.9,dgibbs,mva-eager,13,0,0,1918,0,1525,1,4,UNSAT
25,0.9,dgibbs,mva-eager,5,0,0,941,0,1525,1,4,UNSAT
26,0.9,dgibbs,mva-eager,8,0,0,2364,0,1525,2,7,UNSAT
27,0.9,dgibbs,mva-eager,13,0,0,1953,0,1525,3,6,UNSAT
28,0.9,dgibbs,mva-eager,15,0,0,3284,0,1525,1,4,UNSAT
29,0.9,dgibbs,mva-eager,8,0,0,1772,0,1525,2,5,UNSAT
