instance.no,param,algorithm,decomposition,PD.NCCCs,PD.smt,PD.wct,PS.NCCCs,PS.nbInMsg,PS.nbOutMsg,PS.smt,PS.wct,cost
0,1.0,dgibbs,mva-lazy,9,0,0,3097,0,1525,2,6,UNSAT
1,1.0,dgibbs,mva-lazy,17,0,0,2676,0,1525,1,4,UNSAT
2,1.0,dgibbs,mva-lazy,8,0,0,2605,0,1525,4,10,UNSAT
3,1.0,dgibbs,mva-lazy,14,0,0,3195,0,1525,1,4,UNSAT
4,1.0,dgibbs,mva-lazy,15,0,0,3102,0,1525,3,8,132
5,1.0,dgibbs,mva-lazy,4,0,0,2593,0,1525,2,7,UNSAT
6,1.0,dgibbs,mva-lazy,17,0,0,2297,0,1525,3,7,UNSAT
7,1.0,dgibbs,mva-lazy,12,0,0,2037,0,1525,3,8,UNSAT
8,1.0,dgibbs,mva-lazy,15,0,0,1821,0,1525,4,10,UNSAT
9,1.0,dgibbs,mva-lazy,5,0,0,1832,0,1525,1,3,UNSAT
10,1.0,dgibbs,mva-lazy,17,0,0,2892,0,1525,1,4,UNSAT
11,1.0,dgibbs,mva-lazy,8,0,0,2216,0,1525,1,4,UNSAT
12,1.0,dgibbs,mva-lazy,9,0,0,938,0,1525,1,4,UNSAT
13,1.0,dgibbs,mva-lazy,9,0,0,1751,0,1525,1,4,UNSAT
14,1.0,dgibbs,mva-lazy,18,0,0,2844,0,1525,1,4,UNSAT
15,1.0,dgibbs,mva-lazy,8,0,0,2127,0,1525,1,4,UNSAT
16,1.0,dgibbs,mva-lazy,14,0,0,2316,0,1525,1,4,UNSAT
17,1.0,dgibbs,mva-lazy,9,0,0,2631,0,1525,1,4,UNSAT
18,1.0,dgibbs,mva-lazy,8,0,0,1738,0,1525,1,4,UNSAT
19,1.0,dgibbs,mva-lazy,20,0,0,4091,0,1525,1,4,UNSAT
20,1.0,dgibbs,mva-lazy,15,0,0,2508,0,1525,1,4,UNSAT
21,1.0,dgibbs,mva-lazy,9,0,0,1412,0,1525,1,4,UNSAT
22,1.0,dgibbs,mva-lazy,9,0,0,2570,0,1525,1,4,UNSAT
23,1.0,dgibbs,mva-lazy,8,0,0,2027,0,1525,1,4,UNSAT
24,1.0,dgibbs,mva-lazy,16,0,0,2227,0,1525,1,4,UNSAT
25,1.0,dgibbs,mva-lazy,8,0,0,3011,0,1525,1,4,UNSAT
26,1.0,dgibbs,mva-lazy,17,0,0,2589,0,1525,1,4,UNSAT
27,1.0,dgibbs,mva-lazy,17,0,0,2910,0,1525,2,5,82
28,1.0,dgibbs,mva-lazy,12,0,0,2214,0,1525,2,6,UNSAT
29,1.0,dgibbs,mva-lazy,5,0,0,2665,0,1525,3,7,UNSAT
