instance.no,param,algorithm,decomposition,PD.NCCCs,PD.smt,PD.wct,PS.NCCCs,PS.nbInMsg,PS.nbOutMsg,PS.smt,PS.wct,cost
0,0.6,dgibbs,mva-eager,6,0,0,1434,0,1117,3,7,UNSAT
1,0.6,dgibbs,mva-eager,23,0,0,1613,0,1118,2,6,UNSAT
2,0.6,dgibbs,mva-eager,13,0,0,3271,0,1117,3,6,UNSAT
3,0.6,dgibbs,mva-eager,21,0,0,1712,0,1118,2,6,UNSAT
4,0.6,dgibbs,mva-eager,10,0,0,2179,0,1117,3,6,UNSAT
5,0.6,dgibbs,mva-eager,10,0,0,1982,0,1118,2,6,UNSAT
6,0.6,dgibbs,mva-eager,11,0,0,3492,0,1117,3,6,UNSAT
7,0.6,dgibbs,mva-eager,2,0,0,1293,0,1118,3,7,UNSAT
8,0.6,dgibbs,mva-eager,2,0,0,2464,0,1117,3,7,UNSAT
9,0.6,dgibbs,mva-eager,18,0,0,2242,0,1118,2,7,UNSAT
10,0.6,dgibbs,mva-eager,12,0,0,2661,0,1117,3,6,UNSAT
11,0.6,dgibbs,mva-eager,5,0,0,2819,0,1117,3,6,UNSAT
12,0.6,dgibbs,mva-eager,17,0,0,2122,0,1118,2,7,UNSAT
13,0.6,dgibbs,mva-eager,23,0,0,1863,0,1117,3,6,UNSAT
14,0.6,dgibbs,mva-eager,14,0,0,2676,0,1117,2,6,UNSAT
15,0.6,dgibbs,mva-eager,16,0,0,3212,0,1118,2,6,UNSAT
16,0.6,dgibbs,mva-eager,16,0,0,2574,0,1118,2,6,UNSAT
17,0.6,dgibbs,mva-eager,7,0,0,3140,0,1117,3,6,UNSAT
18,0.6,dgibbs,mva-eager,18,0,0,1523,0,1117,3,7,UNSAT
19,0.6,dgibbs,mva-eager,4,0,0,2131,0,1118,3,7,UNSAT
20,0.6,dgibbs,mva-eager,10,0,0,1148,0,1118,2,6,UNSAT
21,0.6,dgibbs,mva-eager,8,0,0,2050,0,1117,3,6,UNSAT
22,0.6,dgibbs,mva-eager,19,0,0,2379,0,1117,3,6,UNSAT
23,0.6,dgibbs,mva-eager,9,0,0,2300,0,1118,2,6,UNSAT
24,0.6,dgibbs,mva-eager,11,0,0,1721,0,1117,3,6,UNSAT
25,0.6,dgibbs,mva-eager,15,0,0,1429,0,1117,3,7,UNSAT
26,0.6,dgibbs,mva-eager,11,0,0,1370,0,1118,2,7,UNSAT
27,0.6,dgibbs,mva-eager,16,0,0,2123,0,1118,2,6,UNSAT
28,0.6,dgibbs,mva-eager,7,0,0,1828,0,1117,3,6,UNSAT
29,0.6,dgibbs,mva-eager,10,0,0,1681,0,1118,2,6,UNSAT
