instance.no,param,algorithm,decomposition,PD.NCCCs,PD.smt,PD.wct,PS.NCCCs,PS.nbInMsg,PS.nbOutMsg,PS.smt,PS.wct,cost
0,0.5,dgibbs,mva-lazy,20,0,0,2238,0,913,3,6,192
1,0.5,dgibbs,mva-lazy,12,0,0,2231,0,914,2,6,UNSAT
2,0.5,dgibbs,mva-lazy,22,0,0,2249,0,914,2,6,UNSAT
3,0.5,dgibbs,mva-lazy,11,0,0,1703,0,914,2,6,UNSAT
4,0.5,dgibbs,mva-lazy,19,0,0,1742,0,915,1,6,UNSAT
5,0.5,dgibbs,mva-lazy,12,0,0,2102,0,914,2,6,UNSAT
6,0.5,dgibbs,mva-lazy,12,0,0,2144,0,914,2,6,UNSAT
7,0.5,dgibbs,mva-lazy,1,0,0,1861,0,914,2,6,UNSAT
8,0.5,dgibbs,mva-lazy,10,0,0,1593,0,914,2,5,UNSAT
9,0.5,dgibbs,mva-lazy,11,0,0,1675,0,914,2,6,UNSAT
10,0.5,dgibbs,mva-lazy,17,0,0,1472,0,914,2,6,UNSAT
11,0.5,dgibbs,mva-lazy,18,0,0,2176,0,914,2,6,UNSAT
12,0.5,dgibbs,mva-lazy,21,0,0,2032,0,914,2,6,UNSAT
13,0.5,dgibbs,mva-lazy,4,0,0,1917,0,913,3,6,UNSAT
14,0.5,dgibbs,mva-lazy,15,0,0,2130,0,914,2,6,UNSAT
15,0.5,dgibbs,mva-lazy,14,0,0,1462,0,915,2,6,UNSAT
16,0.5,dgibbs,mva-lazy,4,0,0,2028,0,914,2,6,UNSAT
17,0.5,dgibbs,mva-lazy,10,0,0,2367,0,914,2,6,UNSAT
18,0.5,dgibbs,mva-lazy,9,0,0,2493,0,913,3,6,UNSAT
19,0.5,dgibbs,mva-lazy,9,0,0,1646,0,914,2,6,UNSAT
20,0.5,dgibbs,mva-lazy,11,0,0,1295,0,914,2,5,UNSAT
21,0.5,dgibbs,mva-lazy,7,0,0,1646,0,915,1,6,UNSAT
22,0.5,dgibbs,mva-lazy,17,0,0,2795,0,914,2,6,UNSAT
23,0.5,dgibbs,mva-lazy,9,0,0,2325,0,914,2,6,UNSAT
24,0.5,dgibbs,mva-lazy,15,0,0,2381,0,913,3,6,UNSAT
25,0.5,dgibbs,mva-lazy,14,0,0,1803,0,913,2,5,UNSAT
26,0.5,dgibbs,mva-lazy,4,0,0,1647,0,914,2,6,UNSAT
27,0.5,dgibbs,mva-lazy,25,0,0,3524,0,913,3,6,UNSAT
28,0.5,dgibbs,mva-lazy,16,0,0,1662,0,914,2,6,UNSAT
29,0.5,dgibbs,mva-lazy,9,0,0,2841,0,913,3,6,UNSAT
