instance.no,param,algorithm,decomposition,PD.NCCCs,PD.smt,PD.wct,PS.NCCCs,PS.nbInMsg,PS.nbOutMsg,PS.smt,PS.wct,cost
0,0.5,dpop,mva-eager,1860,1,2,104,0,15,0,4,65
1,0.5,dpop,mva-eager,2046,1,2,76,0,15,0,4,39
2,0.5,dpop,mva-eager,1906,1,4,76,0,15,0,5,27
3,0.5,dpop,mva-eager,1108,0,3,64,0,15,0,4,29
4,0.5,dpop,mva-eager,5804,3,4,16,0,15,0,6,42
5,0.5,dpop,mva-eager,3312,1,3,80,0,15,0,4,32
6,0.5,dpop,mva-eager,3014,1,3,156,0,15,0,5,55
7,0.5,dpop,mva-eager,2376,1,2,136,0,15,0,4,54
8,0.5,dpop,mva-eager,5224,3,4,44,0,15,0,6,31
9,0.5,dpop,mva-eager,2323,1,4,60,0,15,0,5,72
10,0.5,dpop,mva-eager,6843,4,5,68,0,15,0,7,15
11,0.5,dpop,mva-eager,1426,1,3,40,0,15,0,4,85
12,0.5,dpop,mva-eager,6582,3,5,56,0,15,0,6,45
13,0.5,dpop,mva-eager,4132,2,4,120,0,15,0,6,42
14,0.5,dpop,mva-eager,1838,1,3,52,0,15,0,4,32
15,0.5,dpop,mva-eager,2178,1,4,16,0,15,0,5,41
16,0.5,dpop,mva-eager,1139,0,2,72,0,15,0,3,68
17,0.5,dpop,mva-eager,2358,1,3,44,0,15,0,4,34
18,0.5,dpop,mva-eager,1141,0,2,92,0,15,0,3,27
19,0.5,dpop,mva-eager,1490,0,2,188,0,15,0,4,23
20,0.5,dpop,mva-eager,2173,1,3,132,0,15,0,4,14
21,0.5,dpop,mva-eager,2095,1,2,16,0,15,0,4,67
22,0.5,dpop,mva-eager,1866,1,3,52,0,15,0,5,46
23,0.5,dpop,mva-eager,1633,1,3,80,0,15,0,4,19
24,0.5,dpop,mva-eager,2014,1,2,48,0,15,0,4,10
25,0.5,dpop,mva-eager,1008,0,2,84,0,15,0,3,33
26,0.5,dpop,mva-eager,1251,0,3,72,0,15,0,4,28
27,0.5,dpop,mva-eager,3119,1,3,104,0,15,0,4,62
28,0.5,dpop,mva-eager,1814,1,3,80,0,15,0,4,22
29,0.5,dpop,mva-eager,3185,2,4,112,0,15,0,6,18
