instance.no,param,algorithm,decomposition,PD.NCCCs,PD.smt,PD.wct,PS.NCCCs,PS.nbInMsg,PS.nbOutMsg,PS.smt,PS.wct,cost
0,0.4,dpop,mva-eager,656,0,1,24,0,15,0,3,29
1,0.4,dpop,mva-eager,6297,3,5,68,0,15,0,6,23
2,0.4,dpop,mva-eager,1716,1,3,60,0,15,0,4,36
3,0.4,dpop,mva-eager,2173,1,3,52,0,15,0,4,27
4,0.4,dpop,mva-eager,2687,1,5,36,0,15,0,6,18
5,0.4,dpop,mva-eager,7210,3,6,140,0,15,0,8,25
6,0.4,dpop,mva-eager,2192,1,3,80,0,15,0,4,121
7,0.4,dpop,mva-eager,2255,1,3,80,0,15,0,5,52
8,0.4,dpop,mva-eager,787,0,1,16,0,15,0,2,0
9,0.4,dpop,mva-eager,2852,1,3,124,0,15,0,4,33
10,0.4,dpop,mva-eager,3571,2,5,100,0,15,0,6,48
11,0.4,dpop,mva-eager,6710,3,7,144,0,15,0,8,19
12,0.4,dpop,mva-eager,2155,1,3,16,0,15,0,4,53
13,0.4,dpop,mva-eager,1878,1,3,16,0,15,0,4,21
14,0.4,dpop,mva-eager,1717,1,2,116,0,15,0,4,55
15,0.4,dpop,mva-eager,7274,3,6,16,0,15,0,7,68
16,0.4,dpop,mva-eager,1242,0,1,80,0,15,0,3,31
17,0.4,dpop,mva-eager,6887,3,5,48,0,15,0,7,29
18,0.4,dpop,mva-eager,1892,1,3,96,0,15,0,4,28
19,0.4,dpop,mva-eager,2186,1,2,72,0,15,0,4,26
20,0.4,dpop,mva-eager,2609,1,3,48,0,15,0,5,9
21,0.4,dpop,mva-eager,1678,1,2,64,0,15,0,4,23
22,0.4,dpop,mva-eager,2642,1,3,112,0,15,0,5,58
23,0.4,dpop,mva-eager,1846,1,2,56,0,15,0,3,36
24,0.4,dpop,mva-eager,1620,0,2,112,0,15,0,4,40
25,0.4,dpop,mva-eager,1983,1,3,80,0,15,0,4,33
26,0.4,dpop,mva-eager,1156,0,2,32,0,15,0,3,84
27,0.4,dpop,mva-eager,1422,0,2,64,0,15,0,4,48
28,0.4,dpop,mva-eager,2338,1,3,40,0,15,0,4,39
29,0.4,dpop,mva-eager,1194,0,2,108,0,15,0,3,34
