instance.no,param,algorithm,decomposition,PD.NCCCs,PD.smt,PD.wct,PS.NCCCs,PS.nbInMsg,PS.nbOutMsg,PS.smt,PS.wct,cost
0,0.5,dgibbs,psa,3,0,0,9495,9349,912,3,16,137
1,0.5,dgibbs,psa,4,0,0,6870,9351,912,3,20,148
2,0.5,dgibbs,psa,4,0,0,8399,9350,912,5,22,UNSAT
3,0.5,dgibbs,psa,3,0,0,8039,9347,912,4,20,UNSAT
4,0.5,dgibbs,psa,4,0,0,9523,9349,912,5,22,UNSAT
5,0.5,dgibbs,psa,3,0,0,12639,9349,912,5,19,UNSAT
6,0.5,dgibbs,psa,4,0,0,12047,9348,912,6,23,UNSAT
7,0.5,dgibbs,psa,5,0,0,7393,9350,912,4,24,UNSAT
8,0.5,dgibbs,psa,4,0,0,8545,9350,912,4,24,UNSAT
9,0.5,dgibbs,psa,5,0,0,6622,9347,912,4,23,UNSAT
10,0.5,dgibbs,psa,3,0,0,8450,9349,912,5,23,UNSAT
11,0.5,dgibbs,psa,4,0,0,8306,9347,912,4,21,UNSAT
12,0.5,dgibbs,psa,4,0,0,7490,9349,912,3,20,UNSAT
13,0.5,dgibbs,psa,5,0,0,7440,9349,912,3,19,UNSAT
14,0.5,dgibbs,psa,3,0,0,10326,9350,912,5,20,UNSAT
15,0.5,dgibbs,psa,3,0,0,7704,9351,912,5,25,UNSAT
16,0.5,dgibbs,psa,3,0,0,10293,9349,912,6,24,172
17,0.5,dgibbs,psa,4,0,0,8892,9352,912,4,22,UNSAT
18,0.5,dgibbs,psa,3,0,0,9830,9352,912,5,22,UNSAT
19,0.5,dgibbs,psa,4,0,0,9040,9349,912,6,26,UNSAT
20,0.5,dgibbs,psa,4,0,0,7604,9349,912,6,24,127
21,0.5,dgibbs,psa,3,0,0,10391,9350,912,5,20,UNSAT
22,0.5,dgibbs,psa,3,0,0,9748,9350,912,4,19,59
23,0.5,dgibbs,psa,4,0,0,9861,9347,912,4,19,UNSAT
24,0.5,dgibbs,psa,3,0,0,9485,9349,912,6,25,UNSAT
25,0.5,dgibbs,psa,3,0,0,7801,9350,912,5,25,UNSAT
26,0.5,dgibbs,psa,3,0,0,11414,9351,912,6,23,UNSAT
27,0.5,dgibbs,psa,5,0,0,8293,9348,912,4,23,UNSAT
28,0.5,dgibbs,psa,3,0,0,6553,9350,912,4,22,UNSAT
29,0.5,dgibbs,psa,4,0,0,9579,9348,912,5,24,UNSAT
