instance.no,param,algorithm,decomposition,PD.NCCCs,PD.smt,PD.wct,PS.NCCCs,PS.nbInMsg,PS.nbOutMsg,PS.smt,PS.wct,cost
0,0.6,dgibbs,mva-lazy,14,0,0,3036,0,913,3,6,87
1,0.6,dgibbs,mva-lazy,16,0,0,3359,0,914,2,5,UNSAT
2,0.6,dgibbs,mva-lazy,17,0,0,3498,0,914,1,5,91
3,0.6,dgibbs,mva-lazy,16,0,0,2616,0,914,2,6,UNSAT
4,0.6,dgibbs,mva-lazy,13,0,0,2984,0,914,2,6,UNSAT
5,0.6,dgibbs,mva-lazy,13,0,0,2682,0,914,2,7,UNSAT
6,0.6,dgibbs,mva-lazy,23,0,0,3322,0,914,2,7,58
7,0.6,dgibbs,mva-lazy,10,0,0,2349,0,914,2,7,UNSAT
8,0.6,dgibbs,mva-lazy,15,0,0,2717,0,914,2,6,91
9,0.6,dgibbs,mva-lazy,15,0,0,2024,0,915,1,5,UNSAT
10,0.6,dgibbs,mva-lazy,11,0,0,2985,0,913,3,6,110
11,0.6,dgibbs,mva-lazy,16,0,0,2599,0,914,2,7,UNSAT
12,0.6,dgibbs,mva-lazy,10,0,0,3139,0,913,3,6,UNSAT
13,0.6,dgibbs,mva-lazy,17,0,0,2693,0,914,2,7,UNSAT
14,0.6,dgibbs,mva-lazy,8,0,0,2211,0,913,3,7,UNSAT
15,0.6,dgibbs,mva-lazy,13,0,0,3037,0,913,3,6,UNSAT
16,0.6,dgibbs,mva-lazy,9,0,0,1917,0,915,2,6,UNSAT
17,0.6,dgibbs,mva-lazy,16,0,0,3143,0,914,2,7,121
18,0.6,dgibbs,mva-lazy,10,0,0,3090,0,913,3,6,UNSAT
19,0.6,dgibbs,mva-lazy,21,0,0,3686,0,914,2,6,72
20,0.6,dgibbs,mva-lazy,15,0,0,2582,0,914,2,6,83
21,0.6,dgibbs,mva-lazy,25,0,0,3001,0,914,2,6,UNSAT
22,0.6,dgibbs,mva-lazy,19,0,0,2576,0,915,1,6,96
23,0.6,dgibbs,mva-lazy,15,0,0,2465,0,914,2,6,84
24,0.6,dgibbs,mva-lazy,16,0,0,3396,0,913,3,6,89
25,0.6,dgibbs,mva-lazy,14,0,0,2451,0,914,2,6,UNSAT
26,0.6,dgibbs,mva-lazy,16,0,0,2371,0,914,2,7,UNSAT
27,0.6,dgibbs,mva-lazy,18,0,0,2682,0,914,2,7,UNSAT
28,0.6,dgibbs,mva-lazy,14,0,0,2652,0,914,2,6,UNSAT
29,0.6,dgibbs,mva-lazy,11,0,0,3003,0,913,3,6,UNSAT
