instance.no,param,algorithm,decomposition,PD.NCCCs,PD.smt,PD.wct,PS.NCCCs,PS.nbInMsg,PS.nbOutMsg,PS.smt,PS.wct,cost
0,1.0,dgibbs,mva-lazy,6,0,0,2323,0,913,1,4,147
1,1.0,dgibbs,mva-lazy,8,0,0,1919,0,914,1,4,79
2,1.0,dgibbs,mva-lazy,7,0,0,1818,0,914,1,4,132
3,1.0,dgibbs,mva-lazy,8,0,0,1414,0,915,1,9,138
4,1.0,dgibbs,mva-lazy,7,0,0,2323,0,913,2,6,104
5,1.0,dgibbs,mva-lazy,7,0,0,2525,0,913,2,4,98
6,1.0,dgibbs,mva-lazy,7,0,0,1919,0,914,2,9,140
7,1.0,dgibbs,mva-lazy,8,0,0,2020,0,914,1,4,126
8,1.0,dgibbs,mva-lazy,7,0,0,1919,0,914,1,5,107
9,1.0,dgibbs,mva-lazy,7,0,0,2525,0,913,2,8,122
10,1.0,dgibbs,mva-lazy,6,0,0,2222,0,913,1,4,113
11,1.0,dgibbs,mva-lazy,8,0,0,1919,0,914,1,4,80
12,1.0,dgibbs,mva-lazy,8,0,0,2626,0,913,2,4,130
13,1.0,dgibbs,mva-lazy,8,0,0,2020,0,914,1,4,177
14,1.0,dgibbs,mva-lazy,8,0,0,2020,0,914,1,5,40
15,1.0,dgibbs,mva-lazy,8,0,0,2727,0,913,1,4,123
16,1.0,dgibbs,mva-lazy,7,0,0,1919,0,914,1,7,158
17,1.0,dgibbs,mva-lazy,6,0,0,1717,0,914,2,8,114
18,1.0,dgibbs,mva-lazy,7,0,0,1313,0,915,1,8,117
19,1.0,dgibbs,mva-lazy,7,0,0,2525,0,913,2,4,154
20,1.0,dgibbs,mva-lazy,6,0,0,2424,0,913,1,4,94
21,1.0,dgibbs,mva-lazy,7,0,0,2525,0,913,3,7,140
22,1.0,dgibbs,mva-lazy,6,0,0,1818,0,914,2,8,130
23,1.0,dgibbs,mva-lazy,6,0,0,1818,0,914,2,5,117
24,1.0,dgibbs,mva-lazy,7,0,0,2424,0,913,2,7,70
25,1.0,dgibbs,mva-lazy,7,0,0,1919,0,914,1,4,116
26,1.0,dgibbs,mva-lazy,7,0,0,1919,0,914,1,4,149
27,1.0,dgibbs,mva-lazy,7,0,0,1919,0,914,1,4,74
28,1.0,dgibbs,mva-lazy,7,0,0,1818,0,914,1,5,91
29,1.0,dgibbs,mva-lazy,9,0,0,2020,0,914,1,8,137
