instance.no,param,algorithm,decomposition,PD.NCCCs,PD.smt,PD.wct,PS.NCCCs,PS.nbInMsg,PS.nbOutMsg,PS.smt,PS.wct,cost
0,0.9,dgibbs,mva-eager,21,0,0,3679,0,913,1,4,UNSAT
1,0.9,dgibbs,mva-eager,11,0,0,3118,0,913,3,8,UNSAT
2,0.9,dgibbs,mva-eager,9,0,0,2316,0,914,1,6,UNSAT
3,0.9,dgibbs,mva-eager,9,0,0,2090,0,914,2,7,69
4,0.9,dgibbs,mva-eager,10,0,0,2543,0,913,1,4,76
5,0.9,dgibbs,mva-eager,7,0,0,2767,0,914,1,4,UNSAT
6,0.9,dgibbs,mva-eager,14,0,0,2461,0,914,1,7,UNSAT
7,0.9,dgibbs,mva-eager,8,0,0,3004,0,913,1,4,UNSAT
8,0.9,dgibbs,mva-eager,8,0,0,2924,0,913,3,7,UNSAT
9,0.9,dgibbs,mva-eager,12,0,0,2574,0,914,1,4,UNSAT
10,0.9,dgibbs,mva-eager,7,0,0,2450,0,914,1,4,80
11,0.9,dgibbs,mva-eager,11,0,0,2709,0,913,3,8,UNSAT
12,0.9,dgibbs,mva-eager,7,0,0,2898,0,913,1,5,96
13,0.9,dgibbs,mva-eager,7,0,0,2064,0,914,1,4,UNSAT
14,0.9,dgibbs,mva-eager,7,0,0,1916,0,914,1,3,91
15,0.9,dgibbs,mva-eager,7,0,0,2590,0,913,3,7,76
16,0.9,dgibbs,mva-eager,8,0,0,2203,0,914,1,4,UNSAT
17,0.9,dgibbs,mva-eager,15,0,0,2467,0,914,2,9,43
18,0.9,dgibbs,mva-eager,11,0,0,2554,0,914,1,3,129
19,0.9,dgibbs,mva-eager,15,0,0,2941,0,913,2,8,121
20,0.9,dgibbs,mva-eager,21,0,0,2108,0,914,1,5,58
21,0.9,dgibbs,mva-eager,8,0,0,1544,0,915,1,4,UNSAT
22,0.9,dgibbs,mva-eager,7,0,0,3325,0,913,1,4,153
23,0.9,dgibbs,mva-eager,9,0,0,2246,0,914,2,8,126
24,0.9,dgibbs,mva-eager,8,0,0,2009,0,914,1,4,74
25,0.9,dgibbs,mva-eager,18,0,0,3198,0,913,2,5,67
26,0.9,dgibbs,mva-eager,6,0,0,2034,0,914,1,5,UNSAT
27,0.9,dgibbs,mva-eager,10,0,0,3486,0,913,1,3,126
28,0.9,dgibbs,mva-eager,11,0,0,2362,0,914,1,4,UNSAT
29,0.9,dgibbs,mva-eager,10,0,0,3118,0,913,2,4,UNSAT
