instance.no,param,algorithm,decomposition,PD.NCCCs,PD.smt,PD.wct,PS.NCCCs,PS.nbInMsg,PS.nbOutMsg,PS.smt,PS.wct,cost
0,0.7,dgibbs,psa,3,0,0,11133,9350,912,3,14,151
1,0.7,dgibbs,psa,4,0,0,10136,9350,912,3,14,140
2,0.7,dgibbs,psa,5,0,0,9040,9351,912,3,15,UNSAT
3,0.7,dgibbs,psa,5,0,1,7885,9349,912,2,19,UNSAT
4,0.7,dgibbs,psa,4,0,0,12824,9349,912,3,14,UNSAT
5,0.7,dgibbs,psa,4,0,1,7367,9350,912,3,19,UNSAT
6,0.7,dgibbs,psa,3,0,0,7877,9347,912,2,15,UNSAT
7,0.7,dgibbs,psa,4,0,0,10971,9349,912,3,13,UNSAT
8,0.7,dgibbs,psa,3,0,0,9108,9351,912,2,17,UNSAT
9,0.7,dgibbs,psa,4,0,0,10496,9350,912,3,16,UNSAT
10,0.7,dgibbs,psa,4,0,1,7520,9348,912,3,19,UNSAT
11,0.7,dgibbs,psa,4,0,0,9073,9350,912,3,14,UNSAT
12,0.7,dgibbs,psa,4,0,0,8950,9349,912,2,14,UNSAT
13,0.7,dgibbs,psa,4,0,0,7934,9348,912,3,17,120
14,0.7,dgibbs,psa,4,0,0,7985,9349,912,2,14,UNSAT
15,0.7,dgibbs,psa,4,0,0,10520,9348,912,4,19,138
16,0.7,dgibbs,psa,4,0,0,8619,9350,912,2,13,UNSAT
17,0.7,dgibbs,psa,4,0,1,9911,9347,912,3,19,97
18,0.7,dgibbs,psa,5,0,0,8519,9350,912,3,20,UNSAT
19,0.7,dgibbs,psa,4,0,0,7816,9352,912,2,15,90
20,0.7,dgibbs,psa,6,0,0,9763,9350,912,3,18,UNSAT
21,0.7,dgibbs,psa,4,0,0,8830,9350,912,4,17,UNSAT
22,0.7,dgibbs,psa,4,0,0,8124,9351,912,2,17,UNSAT
23,0.7,dgibbs,psa,4,0,1,8930,9349,912,2,17,UNSAT
24,0.7,dgibbs,psa,5,0,0,7996,9349,912,2,14,UNSAT
25,0.7,dgibbs,psa,4,0,1,8204,9349,912,2,21,UNSAT
26,0.7,dgibbs,psa,3,0,0,8749,9350,912,2,14,UNSAT
27,0.7,dgibbs,psa,3,0,0,6810,9348,912,2,14,UNSAT
28,0.7,dgibbs,psa,3,0,1,10486,9348,912,3,19,140
29,0.7,dgibbs,psa,4,0,0,11781,9347,912,3,15,UNSAT
