instance.no,param,algorithm,decomposition,PD.NCCCs,PD.smt,PD.wct,PS.NCCCs,PS.nbInMsg,PS.nbOutMsg,PS.smt,PS.wct,cost
0,1.0,dgibbs,mva-eager,6,0,0,2323,0,913,2,5,139
1,1.0,dgibbs,mva-eager,8,0,0,1919,0,914,1,7,81
2,1.0,dgibbs,mva-eager,7,0,0,1818,0,914,1,4,132
3,1.0,dgibbs,mva-eager,8,0,0,1414,0,915,1,4,123
4,1.0,dgibbs,mva-eager,7,0,0,2323,0,913,2,6,95
5,1.0,dgibbs,mva-eager,7,0,0,2525,0,913,3,10,92
6,1.0,dgibbs,mva-eager,7,0,0,1919,0,914,1,4,155
7,1.0,dgibbs,mva-eager,8,0,0,2020,0,914,1,4,137
8,1.0,dgibbs,mva-eager,7,0,0,1919,0,914,2,7,101
9,1.0,dgibbs,mva-eager,7,0,0,2525,0,913,7,11,109
10,1.0,dgibbs,mva-eager,6,0,0,2222,0,913,2,5,114
11,1.0,dgibbs,mva-eager,8,0,0,1919,0,914,2,6,76
12,1.0,dgibbs,mva-eager,8,0,0,2626,0,913,2,5,151
13,1.0,dgibbs,mva-eager,8,0,0,2020,0,914,3,9,158
14,1.0,dgibbs,mva-eager,8,0,0,2020,0,914,1,7,38
15,1.0,dgibbs,mva-eager,8,0,0,2727,0,913,2,6,133
16,1.0,dgibbs,mva-eager,7,0,0,1919,0,914,1,5,145
17,1.0,dgibbs,mva-eager,6,0,0,1717,0,914,1,5,116
18,1.0,dgibbs,mva-eager,7,0,0,1313,0,915,1,8,124
19,1.0,dgibbs,mva-eager,7,0,0,2525,0,913,3,7,160
20,1.0,dgibbs,mva-eager,6,0,0,2424,0,913,1,4,89
21,1.0,dgibbs,mva-eager,7,0,0,2525,0,913,1,3,155
22,1.0,dgibbs,mva-eager,6,0,0,1818,0,914,1,4,125
23,1.0,dgibbs,mva-eager,6,0,0,1818,0,914,1,4,133
24,1.0,dgibbs,mva-eager,7,0,0,2424,0,913,1,4,75
25,1.0,dgibbs,mva-eager,7,0,0,1919,0,914,2,7,117
26,1.0,dgibbs,mva-eager,7,0,0,1919,0,914,2,6,152
27,1.0,dgibbs,mva-eager,7,0,0,1919,0,914,4,10,73
28,1.0,dgibbs,mva-eager,7,0,0,1818,0,914,2,7,96
29,1.0,dgibbs,mva-eager,9,0,0,2020,0,914,1,4,134
