instance.no,param,algorithm,decomposition,PD.NCCCs,PD.smt,PD.wct,PS.NCCCs,PS.nbInMsg,PS.nbOutMsg,PS.smt,PS.wct,cost
0,0.6,dgibbs,mva-eager,19,0,0,2950,0,913,3,6,UNSAT
1,0.6,dgibbs,mva-eager,13,0,0,3434,0,914,2,6,UNSAT
2,0.6,dgibbs,mva-eager,14,0,0,3332,0,914,2,6,94
3,0.6,dgibbs,mva-eager,16,0,0,2666,0,914,2,7,UNSAT
4,0.6,dgibbs,mva-eager,22,0,0,2910,0,914,3,6,UNSAT
5,0.6,dgibbs,mva-eager,13,0,0,2925,0,914,2,7,UNSAT
6,0.6,dgibbs,mva-eager,17,0,0,3376,0,914,2,6,70
7,0.6,dgibbs,mva-eager,15,0,0,2464,0,914,2,7,UNSAT
8,0.6,dgibbs,mva-eager,9,0,0,2640,0,914,2,6,UNSAT
9,0.6,dgibbs,mva-eager,20,0,0,2011,0,915,2,7,UNSAT
10,0.6,dgibbs,mva-eager,12,0,0,2929,0,913,3,7,UNSAT
11,0.6,dgibbs,mva-eager,15,0,0,2556,0,914,2,7,UNSAT
12,0.6,dgibbs,mva-eager,21,0,0,3149,0,913,3,6,UNSAT
13,0.6,dgibbs,mva-eager,14,0,0,2739,0,914,3,7,UNSAT
14,0.6,dgibbs,mva-eager,15,0,0,2236,0,913,3,6,UNSAT
15,0.6,dgibbs,mva-eager,13,0,0,3120,0,913,3,6,UNSAT
16,0.6,dgibbs,mva-eager,21,0,0,1911,0,915,1,5,UNSAT
17,0.6,dgibbs,mva-eager,20,0,0,3316,0,914,3,7,109
18,0.6,dgibbs,mva-eager,12,0,0,3081,0,913,3,7,UNSAT
19,0.6,dgibbs,mva-eager,15,0,0,3834,0,914,2,6,UNSAT
20,0.6,dgibbs,mva-eager,10,0,0,2398,0,914,2,6,80
21,0.6,dgibbs,mva-eager,25,0,0,3042,0,914,3,7,UNSAT
22,0.6,dgibbs,mva-eager,16,0,0,2599,0,915,2,7,UNSAT
23,0.6,dgibbs,mva-eager,9,0,0,2390,0,914,2,6,UNSAT
24,0.6,dgibbs,mva-eager,10,0,0,3204,0,913,4,8,93
25,0.6,dgibbs,mva-eager,12,0,0,2373,0,914,2,7,UNSAT
26,0.6,dgibbs,mva-eager,12,0,0,2560,0,914,2,7,UNSAT
27,0.6,dgibbs,mva-eager,14,0,0,2625,0,914,2,7,UNSAT
28,0.6,dgibbs,mva-eager,17,0,0,2373,0,914,3,7,UNSAT
29,0.6,dgibbs,mva-eager,10,0,0,3077,0,913,3,6,UNSAT
