instance.no,param,algorithm,decomposition,PD.NCCCs,PD.smt,PD.wct,PS.NCCCs,PS.nbInMsg,PS.nbOutMsg,PS.smt,PS.wct,cost
0,0.5,dgibbs,mva-eager,13,0,0,3380,0,913,4,7,132
1,0.5,dgibbs,mva-eager,9,0,0,2747,0,914,3,7,129
2,0.5,dgibbs,mva-eager,10,0,0,2154,0,913,3,6,UNSAT
3,0.5,dgibbs,mva-eager,13,0,0,2078,0,914,3,6,UNSAT
4,0.5,dgibbs,mva-eager,17,0,0,2911,0,914,3,8,UNSAT
5,0.5,dgibbs,mva-eager,17,0,0,3372,0,913,3,7,177
6,0.5,dgibbs,mva-eager,11,0,0,2856,0,914,2,6,UNSAT
7,0.5,dgibbs,mva-eager,10,0,0,3106,0,914,3,8,UNSAT
8,0.5,dgibbs,mva-eager,12,0,0,2288,0,914,3,7,UNSAT
9,0.5,dgibbs,mva-eager,29,0,0,2212,0,915,2,7,UNSAT
10,0.5,dgibbs,mva-eager,15,0,0,1981,0,914,2,6,UNSAT
11,0.5,dgibbs,mva-eager,14,0,0,2670,0,914,2,7,UNSAT
12,0.5,dgibbs,mva-eager,15,0,0,2794,0,914,3,7,UNSAT
13,0.5,dgibbs,mva-eager,11,0,0,2686,0,914,3,7,UNSAT
14,0.5,dgibbs,mva-eager,14,0,0,3298,0,913,3,7,UNSAT
15,0.5,dgibbs,mva-eager,10,0,0,1697,0,914,2,7,UNSAT
16,0.5,dgibbs,mva-eager,15,0,0,3156,0,913,3,6,143
17,0.5,dgibbs,mva-eager,13,0,0,3165,0,913,4,7,UNSAT
18,0.5,dgibbs,mva-eager,16,0,0,2789,0,914,2,7,UNSAT
19,0.5,dgibbs,mva-eager,17,0,0,2807,0,913,3,6,UNSAT
20,0.5,dgibbs,mva-eager,5,0,0,2963,0,913,3,7,UNSAT
21,0.5,dgibbs,mva-eager,13,0,0,1570,0,914,2,7,UNSAT
22,0.5,dgibbs,mva-eager,9,0,0,2500,0,914,2,6,65
23,0.5,dgibbs,mva-eager,26,0,0,2476,0,914,2,6,UNSAT
24,0.5,dgibbs,mva-eager,23,0,0,3707,0,913,3,6,UNSAT
25,0.5,dgibbs,mva-eager,13,0,0,2715,0,914,3,7,32
26,0.5,dgibbs,mva-eager,21,0,0,2632,0,913,3,7,UNSAT
27,0.5,dgibbs,mva-eager,5,0,0,2185,0,914,2,7,UNSAT
28,0.5,dgibbs,mva-eager,14,0,0,2419,0,914,2,6,UNSAT
29,0.5,dgibbs,mva-eager,16,0,0,2166,0,914,2,6,UNSAT
