instance.no,param,algorithm,decomposition,PD.NCCCs,PD.smt,PD.wct,PS.NCCCs,PS.nbInMsg,PS.nbOutMsg,PS.smt,PS.wct,cost
0,0.7,dgibbs,mva-eager,10,0,0,3898,0,913,1,3,140
1,0.7,dgibbs,mva-eager,21,0,0,2197,0,914,2,7,130
2,0.7,dgibbs,mva-eager,11,0,0,3282,0,913,1,4,UNSAT
3,0.7,dgibbs,mva-eager,15,0,0,3325,0,914,2,5,UNSAT
4,0.7,dgibbs,mva-eager,20,0,0,4200,0,913,1,3,UNSAT
5,0.7,dgibbs,mva-eager,10,0,0,1835,0,915,1,8,UNSAT
6,0.7,dgibbs,mva-eager,19,0,0,3375,0,914,1,3,UNSAT
7,0.7,dgibbs,mva-eager,22,0,0,3932,0,913,2,5,UNSAT
8,0.7,dgibbs,mva-eager,11,0,0,2350,0,914,1,4,UNSAT
9,0.7,dgibbs,mva-eager,10,0,0,2615,0,914,1,3,UNSAT
10,0.7,dgibbs,mva-eager,20,0,0,3063,0,914,1,7,111
11,0.7,dgibbs,mva-eager,9,0,0,2703,0,913,1,3,UNSAT
12,0.7,dgibbs,mva-eager,14,0,0,2472,0,914,1,6,UNSAT
13,0.7,dgibbs,mva-eager,11,0,0,2440,0,914,1,4,UNSAT
14,0.7,dgibbs,mva-eager,12,0,0,2743,0,914,2,5,UNSAT
15,0.7,dgibbs,mva-eager,10,0,0,3740,0,913,2,4,128
16,0.7,dgibbs,mva-eager,17,0,0,2996,0,914,1,7,UNSAT
17,0.7,dgibbs,mva-eager,14,0,0,2883,0,913,2,4,66
18,0.7,dgibbs,mva-eager,11,0,0,3404,0,913,1,3,UNSAT
19,0.7,dgibbs,mva-eager,9,0,0,3525,0,913,2,8,82
20,0.7,dgibbs,mva-eager,15,0,0,2648,0,914,3,9,102
21,0.7,dgibbs,mva-eager,20,0,0,3007,0,914,1,3,UNSAT
22,0.7,dgibbs,mva-eager,15,0,0,2093,0,915,1,6,UNSAT
23,0.7,dgibbs,mva-eager,22,0,0,3278,0,914,1,4,UNSAT
24,0.7,dgibbs,mva-eager,14,0,0,4107,0,914,2,7,UNSAT
25,0.7,dgibbs,mva-eager,8,0,0,2928,0,914,1,3,UNSAT
26,0.7,dgibbs,mva-eager,19,0,0,2505,0,914,1,4,UNSAT
27,0.7,dgibbs,mva-eager,10,0,0,2326,0,914,1,4,UNSAT
28,0.7,dgibbs,mva-eager,17,0,0,2770,0,914,1,4,UNSAT
29,0.7,dgibbs,mva-eager,13,0,0,2422,0,914,2,8,UNSAT
