instance.no,param,algorithm,decomposition,PD.NCCCs,PD.smt,PD.wct,PS.NCCCs,PS.nbInMsg,PS.nbOutMsg,PS.smt,PS.wct,cost
0,0.7,dgibbs,mva-lazy,10,0,0,3988,0,913,1,3,139
1,0.7,dgibbs,mva-lazy,11,0,0,1827,0,914,1,4,140
2,0.7,dgibbs,mva-lazy,12,0,0,3002,0,913,1,3,UNSAT
3,0.7,dgibbs,mva-lazy,19,0,0,3077,0,914,1,3,UNSAT
4,0.7,dgibbs,mva-lazy,15,0,0,4172,0,913,2,7,UNSAT
5,0.7,dgibbs,mva-lazy,18,0,0,1901,0,915,1,5,UNSAT
6,0.7,dgibbs,mva-lazy,23,0,0,3589,0,914,1,3,UNSAT
7,0.7,dgibbs,mva-lazy,21,0,0,4148,0,913,1,5,UNSAT
8,0.7,dgibbs,mva-lazy,9,0,0,2256,0,914,1,3,UNSAT
9,0.7,dgibbs,mva-lazy,9,0,0,2433,0,914,2,7,UNSAT
10,0.7,dgibbs,mva-lazy,10,0,0,3268,0,914,2,8,99
11,0.7,dgibbs,mva-lazy,8,0,0,2691,0,913,3,8,UNSAT
12,0.7,dgibbs,mva-lazy,8,0,0,2481,0,914,1,6,UNSAT
13,0.7,dgibbs,mva-lazy,11,0,0,2498,0,914,3,10,110
14,0.7,dgibbs,mva-lazy,12,0,0,2643,0,914,1,3,UNSAT
15,0.7,dgibbs,mva-lazy,24,0,0,3962,0,913,1,3,128
16,0.7,dgibbs,mva-lazy,16,0,0,2863,0,914,1,4,UNSAT
17,0.7,dgibbs,mva-lazy,9,0,0,3005,0,913,2,5,78
18,0.7,dgibbs,mva-lazy,11,0,0,3434,0,913,2,6,UNSAT
19,0.7,dgibbs,mva-lazy,10,0,0,3675,0,913,4,7,88
20,0.7,dgibbs,mva-lazy,12,0,0,2716,0,914,1,4,116
21,0.7,dgibbs,mva-lazy,15,0,0,2943,0,914,1,5,UNSAT
22,0.7,dgibbs,mva-lazy,14,0,0,2041,0,915,0,5,UNSAT
23,0.7,dgibbs,mva-lazy,21,0,0,3394,0,914,1,7,UNSAT
24,0.7,dgibbs,mva-lazy,15,0,0,3562,0,914,1,3,UNSAT
25,0.7,dgibbs,mva-lazy,17,0,0,2613,0,914,2,8,UNSAT
26,0.7,dgibbs,mva-lazy,9,0,0,2561,0,914,1,3,UNSAT
27,0.7,dgibbs,mva-lazy,16,0,0,2303,0,914,1,4,UNSAT
28,0.7,dgibbs,mva-lazy,7,0,0,2889,0,914,2,5,UNSAT
29,0.7,dgibbs,mva-lazy,12,0,0,2285,0,914,1,3,UNSAT
