instance.no,param,algorithm,decomposition,PD.NCCCs,PD.smt,PD.wct,PS.NCCCs,PS.nbInMsg,PS.nbOutMsg,PS.smt,PS.wct,cost
0,0.8,dgibbs,mva-lazy,10,0,0,2531,0,914,1,4,UNSAT
1,0.8,dgibbs,mva-lazy,15,0,0,2958,0,913,1,3,154
2,0.8,dgibbs,mva-lazy,17,0,0,3290,0,913,2,6,134
3,0.8,dgibbs,mva-lazy,21,0,0,3554,0,913,3,8,104
4,0.8,dgibbs,mva-lazy,8,0,0,2670,0,914,1,7,70
5,0.8,dgibbs,mva-lazy,18,0,0,2825,0,914,1,6,UNSAT
6,0.8,dgibbs,mva-lazy,8,0,0,2333,0,914,2,6,UNSAT
7,0.8,dgibbs,mva-lazy,9,0,0,2037,0,914,1,3,UNSAT
8,0.8,dgibbs,mva-lazy,19,0,0,3091,0,914,1,3,UNSAT
9,0.8,dgibbs,mva-lazy,22,0,0,3052,0,913,2,5,UNSAT
10,0.8,dgibbs,mva-lazy,15,0,0,3542,0,913,1,4,194
11,0.8,dgibbs,mva-lazy,9,0,0,2199,0,914,2,6,61
12,0.8,dgibbs,mva-lazy,10,0,0,2830,0,914,1,7,UNSAT
13,0.8,dgibbs,mva-lazy,24,0,0,3507,0,914,4,8,UNSAT
14,0.8,dgibbs,mva-lazy,7,0,0,3039,0,914,1,4,148
15,0.8,dgibbs,mva-lazy,14,0,0,2583,0,914,1,8,UNSAT
16,0.8,dgibbs,mva-lazy,12,0,0,2651,0,914,1,3,151
17,0.8,dgibbs,mva-lazy,12,0,0,3368,0,913,1,3,UNSAT
18,0.8,dgibbs,mva-lazy,25,0,0,2260,0,914,2,7,24
19,0.8,dgibbs,mva-lazy,13,0,0,3443,0,913,2,6,50
20,0.8,dgibbs,mva-lazy,13,0,0,3421,0,913,3,6,UNSAT
21,0.8,dgibbs,mva-lazy,16,0,0,3845,0,914,1,3,UNSAT
22,0.8,dgibbs,mva-lazy,11,0,0,3085,0,913,2,4,UNSAT
23,0.8,dgibbs,mva-lazy,8,0,0,3722,0,913,1,4,134
24,0.8,dgibbs,mva-lazy,8,0,0,2730,0,914,1,4,105
25,0.8,dgibbs,mva-lazy,9,0,0,3071,0,913,1,4,92
26,0.8,dgibbs,mva-lazy,7,0,0,3802,0,913,1,3,UNSAT
27,0.8,dgibbs,mva-lazy,25,0,0,2570,0,914,2,5,UNSAT
28,0.8,dgibbs,mva-lazy,9,0,0,2177,0,914,2,7,UNSAT
29,0.8,dgibbs,mva-lazy,11,0,0,3005,0,914,1,4,UNSAT
