instance.no,param,algorithm,decomposition,PD.NCCCs,PD.smt,PD.wct,PS.NCCCs,PS.nbInMsg,PS.nbOutMsg,PS.smt,PS.wct,cost
0,0.8,dgibbs,mva-eager,13,0,0,2597,0,914,3,8,UNSAT
1,0.8,dgibbs,mva-eager,16,0,0,2980,0,913,3,6,152
2,0.8,dgibbs,mva-eager,9,0,0,3463,0,913,1,3,134
3,0.8,dgibbs,mva-eager,15,0,0,3413,0,913,1,3,UNSAT
4,0.8,dgibbs,mva-eager,13,0,0,2588,0,914,2,6,73
5,0.8,dgibbs,mva-eager,18,0,0,2827,0,914,1,5,UNSAT
6,0.8,dgibbs,mva-eager,6,0,0,2216,0,914,1,6,74
7,0.8,dgibbs,mva-eager,11,0,0,1952,0,914,1,4,UNSAT
8,0.8,dgibbs,mva-eager,11,0,0,3185,0,914,1,4,UNSAT
9,0.8,dgibbs,mva-eager,10,0,0,3168,0,913,2,5,UNSAT
10,0.8,dgibbs,mva-eager,13,0,0,3637,0,913,1,3,170
11,0.8,dgibbs,mva-eager,7,0,0,2230,0,914,1,5,UNSAT
12,0.8,dgibbs,mva-eager,14,0,0,2821,0,914,1,4,UNSAT
13,0.8,dgibbs,mva-eager,17,0,0,3270,0,914,2,7,UNSAT
14,0.8,dgibbs,mva-eager,11,0,0,2911,0,914,2,7,129
15,0.8,dgibbs,mva-eager,14,0,0,2694,0,914,1,4,167
16,0.8,dgibbs,mva-eager,12,0,0,2643,0,914,2,5,135
17,0.8,dgibbs,mva-eager,17,0,0,3211,0,913,2,4,UNSAT
18,0.8,dgibbs,mva-eager,9,0,0,2542,0,914,1,4,27
19,0.8,dgibbs,mva-eager,13,0,0,3595,0,913,2,4,53
20,0.8,dgibbs,mva-eager,15,0,0,3342,0,913,1,3,UNSAT
21,0.8,dgibbs,mva-eager,10,0,0,4003,0,914,1,7,UNSAT
22,0.8,dgibbs,mva-eager,8,0,0,3277,0,913,1,3,UNSAT
23,0.8,dgibbs,mva-eager,17,0,0,3561,0,913,3,8,134
24,0.8,dgibbs,mva-eager,18,0,0,2613,0,914,1,4,120
25,0.8,dgibbs,mva-eager,14,0,0,3080,0,913,1,3,94
26,0.8,dgibbs,mva-eager,21,0,0,3797,0,913,1,3,74
27,0.8,dgibbs,mva-eager,17,0,0,2533,0,914,1,3,58
28,0.8,dgibbs,mva-eager,13,0,0,2247,0,914,1,4,40
29,0.8,dgibbs,mva-eager,16,0,0,2978,0,914,1,3,94
