instance.no,param,algorithm,decomposition,PD.NCCCs,PD.smt,PD.wct,PS.NCCCs,PS.nbInMsg,PS.nbOutMsg,PS.smt,PS.wct,cost
0,0.5,dgibbs,mva-lazy,17,0,0,3411,0,913,3,6,136
1,0.5,dgibbs,mva-lazy,14,0,0,2776,0,914,2,5,140
2,0.5,dgibbs,mva-lazy,14,0,0,2445,0,913,3,6,UNSAT
3,0.5,dgibbs,mva-lazy,12,0,0,2138,0,914,3,8,UNSAT
4,0.5,dgibbs,mva-lazy,21,0,0,3000,0,914,1,4,UNSAT
5,0.5,dgibbs,mva-lazy,21,0,0,2804,0,913,3,7,UNSAT
6,0.5,dgibbs,mva-lazy,15,0,0,2823,0,914,3,7,UNSAT
7,0.5,dgibbs,mva-lazy,15,0,0,3107,0,914,3,7,UNSAT
8,0.5,dgibbs,mva-lazy,17,0,0,2297,0,914,1,4,UNSAT
9,0.5,dgibbs,mva-lazy,19,0,0,2385,0,915,2,7,UNSAT
10,0.5,dgibbs,mva-lazy,13,0,0,1961,0,914,2,6,UNSAT
11,0.5,dgibbs,mva-lazy,12,0,0,2086,0,914,2,7,UNSAT
12,0.5,dgibbs,mva-lazy,10,0,0,2927,0,914,2,5,UNSAT
13,0.5,dgibbs,mva-lazy,20,0,0,2862,0,914,3,7,UNSAT
14,0.5,dgibbs,mva-lazy,18,0,0,3238,0,913,3,7,UNSAT
15,0.5,dgibbs,mva-lazy,9,0,0,1578,0,914,2,7,UNSAT
16,0.5,dgibbs,mva-lazy,16,0,0,3315,0,913,3,6,141
17,0.5,dgibbs,mva-lazy,12,0,0,3231,0,913,3,6,UNSAT
18,0.5,dgibbs,mva-lazy,9,0,0,2809,0,914,2,7,UNSAT
19,0.5,dgibbs,mva-lazy,12,0,0,2725,0,913,3,6,UNSAT
20,0.5,dgibbs,mva-lazy,15,0,0,3006,0,913,3,6,UNSAT
21,0.5,dgibbs,mva-lazy,11,0,0,1611,0,914,2,6,UNSAT
22,0.5,dgibbs,mva-lazy,10,0,0,2427,0,914,2,6,UNSAT
23,0.5,dgibbs,mva-lazy,12,0,0,2420,0,914,2,6,UNSAT
24,0.5,dgibbs,mva-lazy,9,0,0,3719,0,913,3,6,UNSAT
25,0.5,dgibbs,mva-lazy,9,0,0,2577,0,914,2,6,24
26,0.5,dgibbs,mva-lazy,13,0,0,2487,0,913,3,6,UNSAT
27,0.5,dgibbs,mva-lazy,16,0,0,2279,0,914,2,6,UNSAT
28,0.5,dgibbs,mva-lazy,4,0,0,2447,0,914,3,8,UNSAT
29,0.5,dgibbs,mva-lazy,7,0,0,2127,0,914,3,7,UNSAT
