instance.no,param,algorithm,decomposition,PD.NCCCs,PD.smt,PD.wct,PS.NCCCs,PS.nbInMsg,PS.nbOutMsg,PS.smt,PS.wct,cost
0,0.4,dgibbs,mva-eager,4,0,0,1826,0,914,2,6,UNSAT
1,0.4,dgibbs,mva-eager,8,0,0,1619,0,914,2,6,UNSAT
2,0.4,dgibbs,mva-eager,11,0,0,2661,0,914,2,6,UNSAT
3,0.4,dgibbs,mva-eager,11,0,0,3013,0,913,3,6,UNSAT
4,0.4,dgibbs,mva-eager,4,0,0,2200,0,914,2,6,UNSAT
5,0.4,dgibbs,mva-eager,9,0,0,1512,0,914,2,6,UNSAT
6,0.4,dgibbs,mva-eager,14,0,0,2617,0,913,3,5,UNSAT
7,0.4,dgibbs,mva-eager,20,0,0,2192,0,914,2,6,UNSAT
8,0.4,dgibbs,mva-eager,16,0,0,1172,0,914,2,5,UNSAT
9,0.4,dgibbs,mva-eager,17,0,0,3012,0,913,3,6,UNSAT
10,0.4,dgibbs,mva-eager,15,0,0,1096,0,914,2,5,UNSAT
11,0.4,dgibbs,mva-eager,16,0,0,2226,0,914,2,6,UNSAT
12,0.4,dgibbs,mva-eager,8,0,0,1683,0,914,2,6,UNSAT
13,0.4,dgibbs,mva-eager,3,0,0,2501,0,913,2,5,UNSAT
14,0.4,dgibbs,mva-eager,8,0,0,2374,0,913,2,5,UNSAT
15,0.4,dgibbs,mva-eager,6,0,0,1422,0,914,2,6,UNSAT
16,0.4,dgibbs,mva-eager,23,0,0,2135,0,914,2,6,UNSAT
17,0.4,dgibbs,mva-eager,2,0,0,1349,0,914,2,7,UNSAT
18,0.4,dgibbs,mva-eager,13,0,0,2669,0,914,2,6,UNSAT
19,0.4,dgibbs,mva-eager,21,0,0,3047,0,913,3,6,UNSAT
20,0.4,dgibbs,mva-eager,15,0,0,2391,0,913,3,6,UNSAT
21,0.4,dgibbs,mva-eager,13,0,0,1742,0,914,2,6,UNSAT
22,0.4,dgibbs,mva-eager,2,0,0,3014,0,914,2,6,UNSAT
23,0.4,dgibbs,mva-eager,7,0,0,1877,0,913,3,6,UNSAT
24,0.4,dgibbs,mva-eager,13,0,0,1120,0,914,2,6,UNSAT
25,0.4,dgibbs,mva-eager,6,0,0,2038,0,913,3,6,UNSAT
26,0.4,dgibbs,mva-eager,12,0,0,1406,0,915,2,6,UNSAT
27,0.4,dgibbs,mva-eager,11,0,0,1954,0,914,2,6,UNSAT
28,0.4,dgibbs,mva-eager,11,0,0,2293,0,913,3,6,UNSAT
29,0.4,dgibbs,mva-eager,4,0,0,1156,0,914,2,5,UNSAT
