instance.no,param,algorithm,decomposition,PD.NCCCs,PD.smt,PD.wct,PS.NCCCs,PS.nbInMsg,PS.nbOutMsg,PS.smt,PS.wct,cost
0,0.6,dgibbs,psa,4,0,0,10242,9347,912,7,27,88
1,0.6,dgibbs,psa,5,0,0,8729,9350,912,5,26,UNSAT
2,0.6,dgibbs,psa,4,0,0,8558,9348,912,5,24,UNSAT
3,0.6,dgibbs,psa,4,0,0,8892,9350,912,5,23,UNSAT
4,0.6,dgibbs,psa,4,0,0,8444,9348,912,4,21,UNSAT
5,0.6,dgibbs,psa,6,0,0,11767,9349,912,6,25,UNSAT
6,0.6,dgibbs,psa,3,0,0,8179,9348,912,4,24,68
7,0.6,dgibbs,psa,3,0,0,7623,9347,912,4,23,UNSAT
8,0.6,dgibbs,psa,4,0,0,9252,9349,912,4,22,UNSAT
9,0.6,dgibbs,psa,4,0,0,6678,9349,912,2,17,UNSAT
10,0.6,dgibbs,psa,3,0,0,11631,9351,912,6,22,UNSAT
11,0.6,dgibbs,psa,3,0,0,10704,9351,912,5,23,156
12,0.6,dgibbs,psa,4,0,0,8171,9352,912,5,21,UNSAT
13,0.6,dgibbs,psa,4,0,0,8523,9350,912,4,21,UNSAT
14,0.6,dgibbs,psa,4,0,0,10088,9350,912,5,21,UNSAT
15,0.6,dgibbs,psa,3,0,0,12065,9349,912,6,22,UNSAT
16,0.6,dgibbs,psa,4,0,0,7596,9347,912,3,23,UNSAT
17,0.6,dgibbs,psa,4,0,0,8498,9352,912,5,25,117
18,0.6,dgibbs,psa,4,0,0,11179,9350,912,7,26,UNSAT
19,0.6,dgibbs,psa,3,0,0,7814,9348,912,4,23,94
20,0.6,dgibbs,psa,4,0,0,6939,9347,912,4,22,UNSAT
21,0.6,dgibbs,psa,4,0,0,8208,9349,912,5,26,UNSAT
22,0.6,dgibbs,psa,3,0,0,8280,9348,912,4,24,96
23,0.6,dgibbs,psa,4,0,0,8730,9351,912,5,26,UNSAT
24,0.6,dgibbs,psa,4,0,0,11418,9349,912,6,24,UNSAT
25,0.6,dgibbs,psa,3,0,0,8047,9349,912,4,21,UNSAT
26,0.6,dgibbs,psa,4,0,0,7401,9348,912,5,24,80
27,0.6,dgibbs,psa,3,0,0,10111,9348,912,5,22,186
28,0.6,dgibbs,psa,4,0,0,6791,9348,912,5,27,UNSAT
29,0.6,dgibbs,psa,5,0,0,10802,9349,912,7,25,UNSAT
