instance.no,param,algorithm,decomposition,PD.NCCCs,PD.smt,PD.wct,PS.NCCCs,PS.nbInMsg,PS.nbOutMsg,PS.smt,PS.wct,cost
0,0.9,dgibbs,mva-lazy,9,0,0,3555,0,913,2,5,UNSAT
1,0.9,dgibbs,mva-lazy,10,0,0,2958,0,913,1,4,UNSAT
2,0.9,dgibbs,mva-lazy,7,0,0,2305,0,914,1,4,UNSAT
3,0.9,dgibbs,mva-lazy,16,0,0,2095,0,914,1,4,84
4,0.9,dgibbs,mva-lazy,15,0,0,2601,0,913,2,4,UNSAT
5,0.9,dgibbs,mva-lazy,12,0,0,2604,0,914,2,8,UNSAT
6,0.9,dgibbs,mva-lazy,25,0,0,2474,0,914,1,5,UNSAT
7,0.9,dgibbs,mva-lazy,26,0,0,3125,0,913,2,6,UNSAT
8,0.9,dgibbs,mva-lazy,13,0,0,2835,0,913,1,4,UNSAT
9,0.9,dgibbs,mva-lazy,11,0,0,2652,0,914,1,4,197
10,0.9,dgibbs,mva-lazy,18,0,0,2489,0,914,1,4,74
11,0.9,dgibbs,mva-lazy,10,0,0,2704,0,913,3,6,UNSAT
12,0.9,dgibbs,mva-lazy,7,0,0,2918,0,913,3,8,90
13,0.9,dgibbs,mva-lazy,7,0,0,2050,0,914,2,6,UNSAT
14,0.9,dgibbs,mva-lazy,13,0,0,1868,0,914,2,7,107
15,0.9,dgibbs,mva-lazy,13,0,0,2545,0,913,2,4,67
16,0.9,dgibbs,mva-lazy,7,0,0,2251,0,914,2,6,UNSAT
17,0.9,dgibbs,mva-lazy,7,0,0,2370,0,914,2,6,45
18,0.9,dgibbs,mva-lazy,11,0,0,2429,0,914,1,7,134
19,0.9,dgibbs,mva-lazy,7,0,0,2942,0,913,1,3,UNSAT
20,0.9,dgibbs,mva-lazy,8,0,0,2082,0,914,1,7,57
21,0.9,dgibbs,mva-lazy,8,0,0,1506,0,915,1,4,UNSAT
22,0.9,dgibbs,mva-lazy,13,0,0,2685,0,913,4,8,178
23,0.9,dgibbs,mva-lazy,19,0,0,2276,0,914,1,6,124
24,0.9,dgibbs,mva-lazy,10,0,0,1924,0,914,1,4,57
25,0.9,dgibbs,mva-lazy,6,0,0,3111,0,913,2,5,UNSAT
26,0.9,dgibbs,mva-lazy,8,0,0,2004,0,914,1,4,UNSAT
27,0.9,dgibbs,mva-lazy,16,0,0,3587,0,913,2,5,108
28,0.9,dgibbs,mva-lazy,7,0,0,2382,0,914,1,4,UNSAT
29,0.9,dgibbs,mva-lazy,7,0,0,3163,0,913,3,9,UNSAT
