instance.no,param,algorithm,decomposition,PD.NCCCs,PD.smt,PD.wct,PS.NCCCs,PS.nbInMsg,PS.nbOutMsg,PS.smt,PS.wct,cost
0,0.4,dgibbs,mva-lazy,5,0,0,1877,0,914,2,5,UNSAT
1,0.4,dgibbs,mva-lazy,11,0,0,1580,0,914,2,5,UNSAT
2,0.4,dgibbs,mva-lazy,15,0,0,2814,0,914,2,5,UNSAT
3,0.4,dgibbs,mva-lazy,9,0,0,2937,0,913,2,5,UNSAT
4,0.4,dgibbs,mva-lazy,9,0,0,2183,0,914,2,5,UNSAT
5,0.4,dgibbs,mva-lazy,4,0,0,2060,0,914,2,5,UNSAT
6,0.4,dgibbs,mva-lazy,9,0,0,1833,0,913,3,5,UNSAT
7,0.4,dgibbs,mva-lazy,17,0,0,2114,0,914,2,6,UNSAT
8,0.4,dgibbs,mva-lazy,1,0,0,1796,0,914,2,6,UNSAT
9,0.4,dgibbs,mva-lazy,11,0,0,3022,0,913,3,6,UNSAT
10,0.4,dgibbs,mva-lazy,6,0,0,1184,0,914,2,6,UNSAT
11,0.4,dgibbs,mva-lazy,16,0,0,2145,0,914,1,4,UNSAT
12,0.4,dgibbs,mva-lazy,11,0,0,1658,0,914,2,6,UNSAT
13,0.4,dgibbs,mva-lazy,17,0,0,2557,0,913,3,7,UNSAT
14,0.4,dgibbs,mva-lazy,9,0,0,2676,0,913,2,6,UNSAT
15,0.4,dgibbs,mva-lazy,15,0,0,1690,0,914,2,6,UNSAT
16,0.4,dgibbs,mva-lazy,21,0,0,1996,0,914,2,6,UNSAT
17,0.4,dgibbs,mva-lazy,24,0,0,1136,0,914,2,6,UNSAT
18,0.4,dgibbs,mva-lazy,13,0,0,2493,0,914,2,6,UNSAT
19,0.4,dgibbs,mva-lazy,17,0,0,2964,0,913,3,6,UNSAT
20,0.4,dgibbs,mva-lazy,17,0,0,2643,0,913,3,6,UNSAT
21,0.4,dgibbs,mva-lazy,7,0,0,1449,0,914,2,6,UNSAT
22,0.4,dgibbs,mva-lazy,6,0,0,2810,0,914,2,6,UNSAT
23,0.4,dgibbs,mva-lazy,4,0,0,1612,0,913,2,6,UNSAT
24,0.4,dgibbs,mva-lazy,13,0,0,971,0,914,2,6,UNSAT
25,0.4,dgibbs,mva-lazy,14,0,0,2015,0,913,3,6,UNSAT
26,0.4,dgibbs,mva-lazy,17,0,0,1380,0,915,2,6,UNSAT
27,0.4,dgibbs,mva-lazy,15,0,0,1316,0,914,2,6,UNSAT
28,0.4,dgibbs,mva-lazy,11,0,0,2206,0,913,3,6,UNSAT
29,0.4,dgibbs,mva-lazy,10,0,0,1198,0,914,2,6,UNSAT
