instance.no,param,algorithm,decomposition,PD.NCCCs,PD.smt,PD.wct,PS.NCCCs,PS.nbInMsg,PS.nbOutMsg,PS.smt,PS.wct,cost
0,0.4,dpop,mva-eager,2762,1,3,56,0,15,0,5,45
1,0.4,dpop,mva-eager,2568,1,4,44,0,15,0,6,47
2,0.4,dpop,mva-eager,3107,2,4,48,0,15,0,5,20
3,0.4,dpop,mva-eager,1750,1,2,68,0,15,0,3,27
4,0.4,dpop,mva-eager,2712,1,4,64,0,15,0,5,42
5,0.4,dpop,mva-eager,3246,2,3,48,0,15,0,4,64
6,0.4,dpop,mva-eager,3105,1,2,84,0,15,0,4,24
7,0.4,dpop,mva-eager,4058,3,5,64,0,15,0,6,30
8,0.4,dpop,mva-eager,1596,0,2,36,0,15,0,3,31
9,0.4,dpop,mva-eager,1581,0,2,72,0,15,0,4,93
10,0.4,dpop,mva-eager,1547,1,2,52,0,15,0,3,48
11,0.4,dpop,mva-eager,1566,1,2,76,0,15,0,4,77
12,0.4,dpop,mva-eager,2038,1,2,24,0,15,0,4,23
13,0.4,dpop,mva-eager,1098,0,2,80,0,15,0,4,26
14,0.4,dpop,mva-eager,1714,1,2,84,0,15,0,4,9
15,0.4,dpop,mva-eager,1249,0,2,36,0,15,0,3,100
16,0.4,dpop,mva-eager,940,0,2,48,0,15,0,3,33
17,0.4,dpop,mva-eager,1993,1,2,40,0,15,0,4,18
18,0.4,dpop,mva-eager,1245,0,2,60,0,15,0,3,27
19,0.4,dpop,mva-eager,1422,0,2,76,0,15,0,4,37
20,0.4,dpop,mva-eager,2078,1,3,112,0,15,0,4,62
21,0.4,dpop,mva-eager,1525,0,3,64,0,15,0,4,58
22,0.4,dpop,mva-eager,2240,1,2,64,0,15,0,3,35
23,0.4,dpop,mva-eager,6870,4,6,104,0,15,0,7,20
24,0.4,dpop,mva-eager,2746,1,4,64,0,15,0,5,25
25,0.4,dpop,mva-eager,908,0,1,52,0,15,0,3,36
26,0.4,dpop,mva-eager,6974,3,5,16,0,15,0,6,27
27,0.4,dpop,mva-eager,2715,1,2,52,0,15,0,4,64
28,0.4,dpop,mva-eager,1062,0,2,136,0,15,0,3,24
29,0.4,dpop,mva-eager,1492,0,2,68,0,15,0,4,45
