instance.no,param,algorithm,decomposition,PD.NCCCs,PD.smt,PD.wct,PS.NCCCs,PS.nbInMsg,PS.nbOutMsg,PS.smt,PS.wct,cost
0,0.9,dpop,mva-eager,2566,1,3,136,0,15,0,5,15
1,0.9,dpop,mva-eager,12928,3,7,144,0,15,0,9,6
2,0.9,dpop,mva-eager,10908,2,5,80,0,15,0,8,11
3,0.9,dpop,mva-eager,14122,3,8,80,0,15,0,11,9
4,0.9,dpop,mva-eager,2941,1,2,144,0,15,0,4,21
5,0.9,dpop,mva-eager,4823,1,4,80,0,15,0,9,7
6,0.9,dpop,mva-eager,4763,2,6,244,0,15,0,9,13
7,0.9,dpop,mva-eager,3182,1,2,136,0,15,0,4,17
8,0.9,dpop,mva-eager,3541,0,2,144,0,15,0,4,14
9,0.9,dpop,mva-eager,4456,1,2,272,0,15,0,3,15
10,0.9,dpop,mva-eager,6850,2,3,80,0,15,0,5,13
11,0.9,dpop,mva-eager,1872,0,2,136,0,15,0,4,9
12,0.9,dpop,mva-eager,9360,2,4,136,0,15,0,6,13
13,0.9,dpop,mva-eager,2327,0,2,244,0,15,0,6,11
14,0.9,dpop,mva-eager,14174,2,4,272,0,15,0,6,10
15,0.9,dpop,mva-eager,2423,0,2,136,0,15,0,3,11
16,0.9,dpop,mva-eager,5288,1,3,80,0,15,0,4,25
17,0.9,dpop,mva-eager,5905,2,7,272,0,15,0,10,14
18,0.9,dpop,mva-eager,8112,1,3,80,0,15,0,4,17
19,0.9,dpop,mva-eager,3334,1,2,136,0,15,0,6,24
20,0.9,dpop,mva-eager,11590,2,7,80,0,15,0,9,11
21,0.9,dpop,mva-eager,3606,1,4,16,0,15,0,9,25
22,0.9,dpop,mva-eager,3225,2,6,144,0,15,0,11,17
23,0.9,dpop,mva-eager,2695,0,3,80,0,15,0,4,17
24,0.9,dpop,mva-eager,2750,0,2,80,0,15,0,4,2
25,0.9,dpop,mva-eager,3775,0,2,144,0,15,0,3,11
26,0.9,dpop,mva-eager,9983,2,5,80,0,15,0,10,7
27,0.9,dpop,mva-eager,2831,1,3,144,0,15,0,4,43
28,0.9,dpop,mva-eager,3078,0,2,80,0,15,0,3,11
29,0.9,dpop,mva-eager,6193,1,4,144,0,15,0,5,11
