instance.no,param,algorithm,decomposition,PD.NCCCs,PD.smt,PD.wct,PS.NCCCs,PS.nbInMsg,PS.nbOutMsg,PS.smt,PS.wct,cost
0,0.8,dpop,mva-eager,2418,1,3,268,0,15,0,5,8
1,0.8,dpop,mva-eager,4288,2,4,128,0,15,0,5,8
2,0.8,dpop,mva-eager,6664,1,4,144,0,15,0,5,34
3,0.8,dpop,mva-eager,4052,1,2,112,0,15,0,5,43
4,0.8,dpop,mva-eager,2311,0,2,80,0,15,0,4,21
5,0.8,dpop,mva-eager,2864,1,4,80,0,15,0,6,23
6,0.8,dpop,mva-eager,2546,0,2,80,0,15,0,3,29
7,0.8,dpop,mva-eager,3252,1,3,80,0,15,0,4,4
8,0.8,dpop,mva-eager,3449,0,2,80,0,15,0,3,5
9,0.8,dpop,mva-eager,10227,2,4,144,0,15,0,5,6
10,0.8,dpop,mva-eager,3464,1,2,128,0,15,0,4,20
11,0.8,dpop,mva-eager,1582,1,4,208,0,15,0,7,17
12,0.8,dpop,mva-eager,6292,1,3,80,0,15,0,5,32
13,0.8,dpop,mva-eager,3464,1,2,208,0,15,0,3,6
14,0.8,dpop,mva-eager,2645,1,3,80,0,15,0,7,29
15,0.8,dpop,mva-eager,6673,1,3,260,0,15,0,4,21
16,0.8,dpop,mva-eager,2830,0,1,208,0,15,0,3,21
17,0.8,dpop,mva-eager,3526,0,2,144,0,15,0,6,9
18,0.8,dpop,mva-eager,5758,1,2,80,0,15,0,3,5
19,0.8,dpop,mva-eager,3055,1,3,128,0,15,0,5,15
20,0.8,dpop,mva-eager,2282,1,3,144,0,15,0,6,10
21,0.8,dpop,mva-eager,2576,1,2,272,0,15,0,3,48
22,0.8,dpop,mva-eager,11600,2,5,144,0,15,0,6,3
23,0.8,dpop,mva-eager,14422,3,5,144,0,15,0,7,21
24,0.8,dpop,mva-eager,5002,1,2,80,0,15,0,3,14
25,0.8,dpop,mva-eager,4968,1,3,128,0,15,0,4,14
26,0.8,dpop,mva-eager,4514,2,4,144,0,15,0,6,33
27,0.8,dpop,mva-eager,2576,0,1,208,0,15,0,2,19
28,0.8,dpop,mva-eager,2408,1,3,80,0,15,0,6,25
29,0.8,dpop,mva-eager,4048,1,3,220,0,15,0,4,20
