instance.no,param,algorithm,decomposition,PD.NCCCs,PD.smt,PD.wct,PS.NCCCs,PS.nbInMsg,PS.nbOutMsg,PS.smt,PS.wct,cost
0,0.6,dpop,mva-eager,9136,4,7,100,0,15,0,9,28
1,0.6,dpop,mva-eager,2130,1,3,216,0,15,0,5,13
2,0.6,dpop,mva-eager,2051,1,2,156,0,15,0,4,0
3,0.6,dpop,mva-eager,3520,1,3,80,0,15,0,5,71
4,0.6,dpop,mva-eager,1293,0,2,168,0,15,0,4,27
5,0.6,dpop,mva-eager,1735,0,2,80,0,15,0,4,5
6,0.6,dpop,mva-eager,2907,1,3,72,0,15,0,5,33
7,0.6,dpop,mva-eager,2053,1,3,80,0,15,0,5,38
8,0.6,dpop,mva-eager,2335,1,3,168,0,15,0,5,27
9,0.6,dpop,mva-eager,1927,1,3,16,0,15,0,5,25
10,0.6,dpop,mva-eager,1767,0,3,136,0,15,0,4,42
11,0.6,dpop,mva-eager,3197,1,3,80,0,15,0,5,33
12,0.6,dpop,mva-eager,1412,0,3,144,0,15,0,4,17
13,0.6,dpop,mva-eager,3109,1,6,80,0,15,0,7,44
14,0.6,dpop,mva-eager,3648,2,6,140,0,15,0,8,28
15,0.6,dpop,mva-eager,4794,1,5,140,0,15,0,6,27
16,0.6,dpop,mva-eager,9414,4,8,16,0,15,0,9,8
17,0.6,dpop,mva-eager,2874,1,5,160,0,15,0,7,19
18,0.6,dpop,mva-eager,2122,1,3,128,0,15,0,5,25
19,0.6,dpop,mva-eager,1585,0,2,80,0,15,0,4,23
20,0.6,dpop,mva-eager,2466,1,3,160,0,15,0,5,34
21,0.6,dpop,mva-eager,2626,1,3,232,0,15,0,5,34
22,0.6,dpop,mva-eager,1478,0,2,16,0,15,0,4,17
23,0.6,dpop,mva-eager,8415,3,8,80,0,15,0,10,14
24,0.6,dpop,mva-eager,5112,2,5,144,0,15,0,7,25
25,0.6,dpop,mva-eager,8752,3,7,80,0,15,0,8,9
26,0.6,dpop,mva-eager,2721,1,4,80,0,15,0,6,20
27,0.6,dpop,mva-eager,2668,1,3,80,0,15,0,5,10
28,0.6,dpop,mva-eager,1222,0,2,156,0,15,0,4,20
29,0.6,dpop,mva-eager,5993,2,4,132,0,15,0,6,37
