instance.no,param,algorithm,decomposition,PD.NCCCs,PD.smt,PD.wct,PS.NCCCs,PS.nbInMsg,PS.nbOutMsg,PS.smt,PS.wct,cost
0,1.0,dpop,mva-eager,4550,1,5,144,0,15,0,6,23
1,1.0,dpop,mva-eager,9138,2,3,272,0,15,0,4,6
2,1.0,dpop,mva-eager,15138,3,6,80,0,15,0,8,9
3,1.0,dpop,mva-eager,9906,1,5,16,0,15,0,10,10
4,1.0,dpop,mva-eager,4346,3,5,144,0,15,0,7,4
5,1.0,dpop,mva-eager,3354,1,2,144,0,15,0,4,1
6,1.0,dpop,mva-eager,13674,2,7,80,0,15,0,8,10
7,1.0,dpop,mva-eager,3562,3,6,80,0,15,0,9,19
8,1.0,dpop,mva-eager,2554,0,2,80,0,15,0,4,3
9,1.0,dpop,mva-eager,2130,0,2,144,0,15,0,3,1
10,1.0,dpop,mva-eager,1910,0,1,144,0,15,0,3,5
11,1.0,dpop,mva-eager,7022,1,3,80,0,15,0,5,20
12,1.0,dpop,mva-eager,6646,1,2,144,0,15,0,3,11
13,1.0,dpop,mva-eager,5622,1,4,80,0,15,0,7,1
14,1.0,dpop,mva-eager,4110,2,5,80,0,15,0,8,4
15,1.0,dpop,mva-eager,3550,0,2,144,0,15,0,4,17
16,1.0,dpop,mva-eager,8970,1,4,80,0,15,0,5,2
17,1.0,dpop,mva-eager,14738,2,6,80,0,15,0,10,13
18,1.0,dpop,mva-eager,3878,1,3,16,0,15,0,5,16
19,1.0,dpop,mva-eager,3290,0,3,144,0,15,0,4,17
20,1.0,dpop,mva-eager,3770,1,3,144,0,15,0,5,10
21,1.0,dpop,mva-eager,3122,0,2,144,0,15,0,3,15
22,1.0,dpop,mva-eager,7158,1,4,80,0,15,0,5,5
23,1.0,dpop,mva-eager,5654,1,3,80,0,15,0,4,0
24,1.0,dpop,mva-eager,3570,0,2,144,0,15,0,3,9
25,1.0,dpop,mva-eager,5194,1,3,272,0,15,0,6,10
26,1.0,dpop,mva-eager,3770,0,2,80,0,15,0,3,11
27,1.0,dpop,mva-eager,3882,0,2,80,0,15,0,4,18
28,1.0,dpop,mva-eager,4714,1,4,80,0,15,0,6,21
29,1.0,dpop,mva-eager,5950,1,3,272,0,15,0,4,18
