instance.no,param,algorithm,decomposition,PD.NCCCs,PD.smt,PD.wct,PS.NCCCs,PS.nbInMsg,PS.nbOutMsg,PS.smt,PS.wct,cost
0,0.5,dpop,mva-eager,3868,2,4,112,0,15,0,5,28
1,0.5,dpop,mva-eager,1964,1,3,132,0,15,0,5,31
2,0.5,dpop,mva-eager,1946,1,2,120,0,15,0,3,7
3,0.5,dpop,mva-eager,2292,1,3,232,0,15,0,5,34
4,0.5,dpop,mva-eager,2310,1,3,72,0,15,0,5,28
5,0.5,dpop,mva-eager,2014,1,2,132,0,15,0,4,47
6,0.5,dpop,mva-eager,2251,1,4,60,0,15,0,5,14
7,0.5,dpop,mva-eager,9314,4,6,244,0,15,0,7,33
8,0.5,dpop,mva-eager,2163,1,3,144,0,15,0,4,14
9,0.5,dpop,mva-eager,6029,3,5,16,0,15,0,6,34
10,0.5,dpop,mva-eager,1577,0,3,72,0,15,0,4,52
11,0.5,dpop,mva-eager,2042,1,2,48,0,15,0,4,17
12,0.5,dpop,mva-eager,3124,1,3,144,0,15,0,5,31
13,0.5,dpop,mva-eager,7249,3,5,208,0,15,0,7,19
14,0.5,dpop,mva-eager,3795,1,4,136,0,15,0,5,38
15,0.5,dpop,mva-eager,8246,3,5,72,0,15,0,7,17
16,0.5,dpop,mva-eager,1925,1,3,108,0,15,0,4,33
17,0.5,dpop,mva-eager,4211,2,4,108,0,15,0,6,29
18,0.5,dpop,mva-eager,1651,1,3,80,0,15,0,4,26
19,0.5,dpop,mva-eager,1717,0,2,144,0,15,0,3,18
20,0.5,dpop,mva-eager,2811,1,3,144,0,15,0,5,29
21,0.5,dpop,mva-eager,1246,0,2,76,0,15,0,4,47
22,0.5,dpop,mva-eager,2859,1,3,68,0,15,0,5,41
23,0.5,dpop,mva-eager,3443,2,5,80,0,15,0,7,19
24,0.5,dpop,mva-eager,2266,1,3,140,0,15,0,5,48
25,0.5,dpop,mva-eager,8054,4,5,48,0,15,0,7,12
26,0.5,dpop,mva-eager,2775,1,4,108,0,15,0,6,36
27,0.5,dpop,mva-eager,3441,2,4,80,0,15,0,5,53
28,0.5,dpop,mva-eager,1192,0,2,60,0,15,0,4,2
29,0.5,dpop,mva-eager,3326,1,4,64,0,15,0,5,22
