instance.no,param,algorithm,decomposition,PD.NCCCs,PD.smt,PD.wct,PS.NCCCs,PS.nbInMsg,PS.nbOutMsg,PS.smt,PS.wct,cost
0,0.7,dpop,mva-eager,3542,1,4,144,0,15,0,5,53
1,0.7,dpop,mva-eager,2022,0,1,80,0,15,0,2,1
2,0.7,dpop,mva-eager,2220,1,3,144,0,15,0,6,8
3,0.7,dpop,mva-eager,4565,1,2,268,0,15,0,3,12
4,0.7,dpop,mva-eager,6815,2,3,144,0,15,0,7,13
5,0.7,dpop,mva-eager,2454,0,1,16,0,15,0,3,17
6,0.7,dpop,mva-eager,3104,1,2,272,0,15,0,4,19
7,0.7,dpop,mva-eager,4040,0,2,144,0,15,0,3,4
8,0.7,dpop,mva-eager,2122,0,2,80,0,15,0,3,14
9,0.7,dpop,mva-eager,4343,2,4,80,0,15,0,6,12
10,0.7,dpop,mva-eager,3585,1,2,272,0,15,0,5,25
11,0.7,dpop,mva-eager,2318,0,2,144,0,15,0,4,15
12,0.7,dpop,mva-eager,5150,2,5,80,0,15,0,8,7
13,0.7,dpop,mva-eager,2934,0,2,192,0,15,0,3,11
14,0.7,dpop,mva-eager,2334,0,2,192,0,15,0,3,34
15,0.7,dpop,mva-eager,1514,0,1,144,0,15,0,2,30
16,0.7,dpop,mva-eager,3997,1,4,256,0,15,0,7,18
17,0.7,dpop,mva-eager,3480,1,4,144,0,15,0,8,15
18,0.7,dpop,mva-eager,3391,1,2,120,0,15,0,3,18
19,0.7,dpop,mva-eager,3189,0,2,124,0,15,0,5,24
20,0.7,dpop,mva-eager,9930,2,3,80,0,15,0,4,10
21,0.7,dpop,mva-eager,1949,0,1,60,0,15,0,2,33
22,0.7,dpop,mva-eager,4168,1,2,16,0,15,0,3,9
23,0.7,dpop,mva-eager,3140,1,3,80,0,15,0,6,19
24,0.7,dpop,mva-eager,6685,1,3,244,0,15,0,4,22
25,0.7,dpop,mva-eager,4518,1,3,80,0,15,0,4,17
26,0.7,dpop,mva-eager,3129,0,2,80,0,15,0,3,40
27,0.7,dpop,mva-eager,2814,0,2,80,0,15,0,4,20
28,0.7,dpop,mva-eager,3733,1,3,60,0,15,0,4,22
29,0.7,dpop,mva-eager,10694,3,7,80,0,15,0,11,14
