instance.no,param,algorithm,decomposition,PD.NCCCs,PD.smt,PD.wct,PS.NCCCs,PS.nbInMsg,PS.nbOutMsg,PS.smt,PS.wct,cost
0,10,afb,psa,1,10,afb,psa,2,10,afb,psa,3,10,afb,psa,4,10,afb,psa,5,10,afb,psa,6,10,afb,psa,7,10,afb,psa,8,10,afb,psa,0,0,1,112570655,37243469,37503943,29854,104448,139
9,10,afb,psa,0,0,1,25994753,7994509,5766584,5511,18802,218
10,10,afb,psa,11,10,afb,psa,12,10,afb,psa,0,0,1,137431041,49476973,117938464,51480,202974,98
13,10,afb,psa,14,10,afb,psa,15,10,afb,psa,16,10,afb,psa,17,10,afb,psa,18,10,afb,psa,19,10,afb,psa,0,0,1,139678244,46173718,157936514,59109,236902,62
20,10,afb,psa,21,10,afb,psa,22,10,afb,psa,23,10,afb,psa,24,10,afb,psa,0,0,1,217024093,71425876,135378891,75309,256749,102
25,10,afb,psa,26,10,afb,psa,27,10,afb,psa,28,10,afb,psa,29,10,afb,psa,