instance.no,param,algorithm,decomposition,PD.NCCCs,PD.smt,PD.wct,PS.NCCCs,PS.nbInMsg,PS.nbOutMsg,PS.smt,PS.wct,cost
0,12,afb,psa,OOT,OOT,OOT,OOT,OOT,OOT,OOT,OOT,OOT
1,12,afb,psa,OOT,OOT,OOT,OOT,OOT,OOT,OOT,OOT,OOT
2,12,afb,psa,OOT,OOT,OOT,OOT,OOT,OOT,OOT,OOT,OOT
3,12,afb,psa,OOT,OOT,OOT,OOT,OOT,OOT,OOT,OOT,OOT
4,12,afb,psa,OOT,OOT,OOT,OOT,OOT,OOT,OOT,OOT,OOT
5,12,afb,psa,OOT,OOT,OOT,OOT,OOT,OOT,OOT,OOT,OOT
6,12,afb,psa,OOT,OOT,OOT,OOT,OOT,OOT,OOT,OOT,OOT
7,12,afb,psa,OOT,OOT,OOT,OOT,OOT,OOT,OOT,OOT,OOT
8,12,afb,psa,OOT,OOT,OOT,OOT,OOT,OOT,OOT,OOT,OOT
9,12,afb,psa,OOT,OOT,OOT,OOT,OOT,OOT,OOT,OOT,OOT
10,12,afb,psa,OOT,OOT,OOT,OOT,OOT,OOT,OOT,OOT,OOT
11,12,afb,psa,OOT,OOT,OOT,OOT,OOT,OOT,OOT,OOT,OOT
12,12,afb,psa,OOT,OOT,OOT,OOT,OOT,OOT,OOT,OOT,OOT
13,12,afb,psa,OOT,OOT,OOT,OOT,OOT,OOT,OOT,OOT,OOT
14,12,afb,psa,OOT,OOT,OOT,OOT,OOT,OOT,OOT,OOT,OOT
15,12,afb,psa,OOT,OOT,OOT,OOT,OOT,OOT,OOT,OOT,OOT
16,12,afb,psa,OOT,OOT,OOT,OOT,OOT,OOT,OOT,OOT,OOT
17,12,afb,psa,OOT,OOT,OOT,OOT,OOT,OOT,OOT,OOT,OOT
18,12,afb,psa,OOT,OOT,OOT,OOT,OOT,OOT,OOT,OOT,OOT
19,12,afb,psa,OOT,OOT,OOT,OOT,OOT,OOT,OOT,OOT,OOT
20,12,afb,psa,OOT,OOT,OOT,OOT,OOT,OOT,OOT,OOT,OOT
21,12,afb,psa,OOT,OOT,OOT,OOT,OOT,OOT,OOT,OOT,OOT
22,12,afb,psa,OOT,OOT,OOT,OOT,OOT,OOT,OOT,OOT,OOT
23,12,afb,psa,OOT,OOT,OOT,OOT,OOT,OOT,OOT,OOT,OOT
24,12,afb,psa,OOT,OOT,OOT,OOT,OOT,OOT,OOT,OOT,OOT
25,12,afb,psa,OOT,OOT,OOT,OOT,OOT,OOT,OOT,OOT,OOT
26,12,afb,psa,OOT,OOT,OOT,OOT,OOT,OOT,OOT,OOT,OOT
27,12,afb,psa,OOT,OOT,OOT,OOT,OOT,OOT,OOT,OOT,OOT
28,12,afb,psa,OOT,OOT,OOT,OOT,OOT,OOT,OOT,OOT,OOT
29,12,afb,psa,OOT,OOT,OOT,OOT,OOT,OOT,OOT,OOT,OOT
