instance.no,param,algorithm,decomposition,PD.NCCCs,PD.smt,PD.wct,PS.NCCCs,PS.nbInMsg,PS.nbOutMsg,PS.smt,PS.wct,cost
0,8,afb,psv,1,8,afb,psv,111196,0,10096,NA,NA,NA,NA,NA,OOM
2,8,afb,psv,114282,0,10098,NA,NA,NA,NA,NA,OOM
3,8,afb,psv,117196,0,10105,NA,NA,NA,NA,NA,OOM
4,8,afb,psv,111689,0,10101,NA,NA,NA,NA,NA,OOM
5,8,afb,psv,115453,0,10098,NA,NA,NA,NA,NA,OOM
6,8,afb,psv,117957,0,10097,NA,NA,NA,NA,NA,OOM
7,8,afb,psv,121130,0,10094,NA,NA,NA,NA,NA,OOM
8,8,afb,psv,118919,0,10096,NA,NA,NA,NA,NA,OOM
9,8,afb,psv,118689,0,10098,NA,NA,NA,NA,NA,OOM
10,8,afb,psv,118240,0,10108,NA,NA,NA,NA,NA,OOM
11,8,afb,psv,113392,0,10091,NA,NA,NA,NA,NA,OOM
12,8,afb,psv,111082,0,10096,NA,NA,NA,NA,NA,OOM
13,8,afb,psv,114979,0,10105,NA,NA,NA,NA,NA,OOM
14,8,afb,psv,119360,0,10099,NA,NA,NA,NA,NA,OOM
15,8,afb,psv,114035,0,10096,NA,NA,NA,NA,NA,OOM
16,8,afb,psv,118740,0,10112,NA,NA,NA,NA,NA,OOM
17,8,afb,psv,115392,0,10100,NA,NA,NA,NA,NA,OOM
18,8,afb,psv,122090,0,10122,NA,NA,NA,NA,NA,OOM
19,8,afb,psv,115103,0,10094,NA,NA,NA,NA,NA,OOM
20,8,afb,psv,113666,0,10111,NA,NA,NA,NA,NA,OOM
21,8,afb,psv,114397,0,10098,NA,NA,NA,NA,NA,OOM
22,8,afb,psv,111459,0,10091,NA,NA,NA,NA,NA,OOM
23,8,afb,psv,116946,0,10117,NA,NA,NA,NA,NA,OOM
24,8,afb,psv,117019,0,10100,NA,NA,NA,NA,NA,OOM
25,8,afb,psv,115519,0,10093,NA,NA,NA,NA,NA,OOM
26,8,afb,psv,115660,0,10134,NA,NA,NA,NA,NA,OOM
27,8,afb,psv,117131,0,10107,NA,NA,NA,NA,NA,OOM
28,8,afb,psv,118216,0,10096,NA,NA,NA,NA,NA,OOM
29,8,afb,psv,127519,0,10094,NA,NA,NA,NA,NA,OOM
