instance.no,param,algorithm,decomposition,PD.NCCCs,PD.smt,PD.wct,PS.NCCCs,PS.nbInMsg,PS.nbOutMsg,PS.smt,PS.wct,cost
0,14,afb,psv,OOM,OOM,OOM,OOM,OOM,OOM,OOM,OOM,OOM
1,14,afb,psv,OOM,OOM,OOM,OOM,OOM,OOM,OOM,OOM,OOM
2,14,afb,psv,OOM,OOM,OOM,OOM,OOM,OOM,OOM,OOM,OOM
3,14,afb,psv,OOM,OOM,OOM,OOM,OOM,OOM,OOM,OOM,OOM
4,14,afb,psv,OOM,OOM,OOM,OOM,OOM,OOM,OOM,OOM,OOM
5,14,afb,psv,OOM,OOM,OOM,OOM,OOM,OOM,OOM,OOM,OOM
6,14,afb,psv,OOM,OOM,OOM,OOM,OOM,OOM,OOM,OOM,OOM
7,14,afb,psv,OOM,OOM,OOM,OOM,OOM,OOM,OOM,OOM,OOM
8,14,afb,psv,OOM,OOM,OOM,OOM,OOM,OOM,OOM,OOM,OOM
9,14,afb,psv,OOM,OOM,OOM,OOM,OOM,OOM,OOM,OOM,OOM
10,14,afb,psv,OOM,OOM,OOM,OOM,OOM,OOM,OOM,OOM,OOM
11,14,afb,psv,OOM,OOM,OOM,OOM,OOM,OOM,OOM,OOM,OOM
12,14,afb,psv,OOM,OOM,OOM,OOM,OOM,OOM,OOM,OOM,OOM
13,14,afb,psv,OOM,OOM,OOM,OOM,OOM,OOM,OOM,OOM,OOM
14,14,afb,psv,OOM,OOM,OOM,OOM,OOM,OOM,OOM,OOM,OOM
15,14,afb,psv,OOM,OOM,OOM,OOM,OOM,OOM,OOM,OOM,OOM
16,14,afb,psv,OOM,OOM,OOM,OOM,OOM,OOM,OOM,OOM,OOM
17,14,afb,psv,OOM,OOM,OOM,OOM,OOM,OOM,OOM,OOM,OOM
18,14,afb,psv,OOM,OOM,OOM,OOM,OOM,OOM,OOM,OOM,OOM
19,14,afb,psv,OOM,OOM,OOM,OOM,OOM,OOM,OOM,OOM,OOM
20,14,afb,psv,OOM,OOM,OOM,OOM,OOM,OOM,OOM,OOM,OOM
21,14,afb,psv,OOM,OOM,OOM,OOM,OOM,OOM,OOM,OOM,OOM
22,14,afb,psv,OOM,OOM,OOM,OOM,OOM,OOM,OOM,OOM,OOM
23,14,afb,psv,OOM,OOM,OOM,OOM,OOM,OOM,OOM,OOM,OOM
24,14,afb,psv,OOM,OOM,OOM,OOM,OOM,OOM,OOM,OOM,OOM
25,14,afb,psv,OOM,OOM,OOM,OOM,OOM,OOM,OOM,OOM,OOM
26,14,afb,psv,OOM,OOM,OOM,OOM,OOM,OOM,OOM,OOM,OOM
27,14,afb,psv,OOM,OOM,OOM,OOM,OOM,OOM,OOM,OOM,OOM
28,14,afb,psv,OOM,OOM,OOM,OOM,OOM,OOM,OOM,OOM,OOM
29,14,afb,psv,OOM,OOM,OOM,OOM,OOM,OOM,OOM,OOM,OOM
