instance.no,param,algorithm,decomposition,PD.NCCCs,PD.smt,PD.wct,PS.NCCCs,PS.nbInMsg,PS.nbOutMsg,PS.smt,PS.wct,cost
0,14,afb,psa,OOT,OOT,OOT,OOT,OOT,OOT,OOT,OOT,OOT
1,14,afb,psa,OOT,OOT,OOT,OOT,OOT,OOT,OOT,OOT,OOT
2,14,afb,psa,OOT,OOT,OOT,OOT,OOT,OOT,OOT,OOT,OOT
3,14,afb,psa,OOT,OOT,OOT,OOT,OOT,OOT,OOT,OOT,OOT
4,14,afb,psa,OOT,OOT,OOT,OOT,OOT,OOT,OOT,OOT,OOT
5,14,afb,psa,OOT,OOT,OOT,OOT,OOT,OOT,OOT,OOT,OOT
6,14,afb,psa,OOT,OOT,OOT,OOT,OOT,OOT,OOT,OOT,OOT
7,14,afb,psa,OOT,OOT,OOT,OOT,OOT,OOT,OOT,OOT,OOT
8,14,afb,psa,OOT,OOT,OOT,OOT,OOT,OOT,OOT,OOT,OOT
9,14,afb,psa,OOT,OOT,OOT,OOT,OOT,OOT,OOT,OOT,OOT
10,14,afb,psa,OOT,OOT,OOT,OOT,OOT,OOT,OOT,OOT,OOT
11,14,afb,psa,OOT,OOT,OOT,OOT,OOT,OOT,OOT,OOT,OOT
12,14,afb,psa,OOT,OOT,OOT,OOT,OOT,OOT,OOT,OOT,OOT
13,14,afb,psa,OOT,OOT,OOT,OOT,OOT,OOT,OOT,OOT,OOT
14,14,afb,psa,OOT,OOT,OOT,OOT,OOT,OOT,OOT,OOT,OOT
15,14,afb,psa,OOT,OOT,OOT,OOT,OOT,OOT,OOT,OOT,OOT
16,14,afb,psa,OOT,OOT,OOT,OOT,OOT,OOT,OOT,OOT,OOT
17,14,afb,psa,OOT,OOT,OOT,OOT,OOT,OOT,OOT,OOT,OOT
18,14,afb,psa,OOT,OOT,OOT,OOT,OOT,OOT,OOT,OOT,OOT
19,14,afb,psa,OOT,OOT,OOT,OOT,OOT,OOT,OOT,OOT,OOT
20,14,afb,psa,OOT,OOT,OOT,OOT,OOT,OOT,OOT,OOT,OOT
21,14,afb,psa,OOT,OOT,OOT,OOT,OOT,OOT,OOT,OOT,OOT
22,14,afb,psa,OOT,OOT,OOT,OOT,OOT,OOT,OOT,OOT,OOT
23,14,afb,psa,OOT,OOT,OOT,OOT,OOT,OOT,OOT,OOT,OOT
24,14,afb,psa,OOT,OOT,OOT,OOT,OOT,OOT,OOT,OOT,OOT
25,14,afb,psa,OOT,OOT,OOT,OOT,OOT,OOT,OOT,OOT,OOT
26,14,afb,psa,OOT,OOT,OOT,OOT,OOT,OOT,OOT,OOT,OOT
27,14,afb,psa,OOT,OOT,OOT,OOT,OOT,OOT,OOT,OOT,OOT
28,14,afb,psa,OOT,OOT,OOT,OOT,OOT,OOT,OOT,OOT,OOT
29,14,afb,psa,OOT,OOT,OOT,OOT,OOT,OOT,OOT,OOT,OOT
