instance.no,param,algorithm,decomposition,PD.NCCCs,PD.smt,PD.wct,PS.NCCCs,PS.nbInMsg,PS.nbOutMsg,PS.smt,PS.wct,cost
0,12,afb,psv,OOM,OOM,OOM,OOM,OOM,OOM,OOM,OOM,OOM
1,12,afb,psv,OOM,OOM,OOM,OOM,OOM,OOM,OOM,OOM,OOM
2,12,afb,psv,OOM,OOM,OOM,OOM,OOM,OOM,OOM,OOM,OOM
3,12,afb,psv,OOM,OOM,OOM,OOM,OOM,OOM,OOM,OOM,OOM
4,12,afb,psv,OOM,OOM,OOM,OOM,OOM,OOM,OOM,OOM,OOM
5,12,afb,psv,OOM,OOM,OOM,OOM,OOM,OOM,OOM,OOM,OOM
6,12,afb,psv,OOM,OOM,OOM,OOM,OOM,OOM,OOM,OOM,OOM
7,12,afb,psv,OOM,OOM,OOM,OOM,OOM,OOM,OOM,OOM,OOM
8,12,afb,psv,OOM,OOM,OOM,OOM,OOM,OOM,OOM,OOM,OOM
9,12,afb,psv,OOM,OOM,OOM,OOM,OOM,OOM,OOM,OOM,OOM
10,12,afb,psv,OOM,OOM,OOM,OOM,OOM,OOM,OOM,OOM,OOM
11,12,afb,psv,OOM,OOM,OOM,OOM,OOM,OOM,OOM,OOM,OOM
12,12,afb,psv,OOM,OOM,OOM,OOM,OOM,OOM,OOM,OOM,OOM
13,12,afb,psv,OOM,OOM,OOM,OOM,OOM,OOM,OOM,OOM,OOM
14,12,afb,psv,OOM,OOM,OOM,OOM,OOM,OOM,OOM,OOM,OOM
15,12,afb,psv,OOM,OOM,OOM,OOM,OOM,OOM,OOM,OOM,OOM
16,12,afb,psv,OOM,OOM,OOM,OOM,OOM,OOM,OOM,OOM,OOM
17,12,afb,psv,OOM,OOM,OOM,OOM,OOM,OOM,OOM,OOM,OOM
18,12,afb,psv,OOM,OOM,OOM,OOM,OOM,OOM,OOM,OOM,OOM
19,12,afb,psv,OOM,OOM,OOM,OOM,OOM,OOM,OOM,OOM,OOM
20,12,afb,psv,OOM,OOM,OOM,OOM,OOM,OOM,OOM,OOM,OOM
21,12,afb,psv,OOM,OOM,OOM,OOM,OOM,OOM,OOM,OOM,OOM
22,12,afb,psv,OOM,OOM,OOM,OOM,OOM,OOM,OOM,OOM,OOM
23,12,afb,psv,OOM,OOM,OOM,OOM,OOM,OOM,OOM,OOM,OOM
24,12,afb,psv,OOM,OOM,OOM,OOM,OOM,OOM,OOM,OOM,OOM
25,12,afb,psv,OOM,OOM,OOM,OOM,OOM,OOM,OOM,OOM,OOM
26,12,afb,psv,OOM,OOM,OOM,OOM,OOM,OOM,OOM,OOM,OOM
27,12,afb,psv,OOM,OOM,OOM,OOM,OOM,OOM,OOM,OOM,OOM
28,12,afb,psv,OOM,OOM,OOM,OOM,OOM,OOM,OOM,OOM,OOM
29,12,afb,psv,OOM,OOM,OOM,OOM,OOM,OOM,OOM,OOM,OOM
