instance.no,param,algorithm,decomposition,PD.NCCCs,PD.smt,PD.wct,PS.NCCCs,PS.nbInMsg,PS.nbOutMsg,PS.smt,PS.wct,cost
0,20,afb,psv,OOM,OOM,OOM,OOM,OOM,OOM,OOM,OOM,OOM
1,20,afb,psv,OOM,OOM,OOM,OOM,OOM,OOM,OOM,OOM,OOM
2,20,afb,psv,OOM,OOM,OOM,OOM,OOM,OOM,OOM,OOM,OOM
3,20,afb,psv,OOM,OOM,OOM,OOM,OOM,OOM,OOM,OOM,OOM
4,20,afb,psv,OOM,OOM,OOM,OOM,OOM,OOM,OOM,OOM,OOM
5,20,afb,psv,OOM,OOM,OOM,OOM,OOM,OOM,OOM,OOM,OOM
6,20,afb,psv,OOM,OOM,OOM,OOM,OOM,OOM,OOM,OOM,OOM
7,20,afb,psv,OOM,OOM,OOM,OOM,OOM,OOM,OOM,OOM,OOM
8,20,afb,psv,OOM,OOM,OOM,OOM,OOM,OOM,OOM,OOM,OOM
9,20,afb,psv,OOM,OOM,OOM,OOM,OOM,OOM,OOM,OOM,OOM
10,20,afb,psv,OOM,OOM,OOM,OOM,OOM,OOM,OOM,OOM,OOM
11,20,afb,psv,OOM,OOM,OOM,OOM,OOM,OOM,OOM,OOM,OOM
12,20,afb,psv,OOM,OOM,OOM,OOM,OOM,OOM,OOM,OOM,OOM
13,20,afb,psv,OOM,OOM,OOM,OOM,OOM,OOM,OOM,OOM,OOM
14,20,afb,psv,OOM,OOM,OOM,OOM,OOM,OOM,OOM,OOM,OOM
15,20,afb,psv,OOM,OOM,OOM,OOM,OOM,OOM,OOM,OOM,OOM
16,20,afb,psv,OOM,OOM,OOM,OOM,OOM,OOM,OOM,OOM,OOM
17,20,afb,psv,OOM,OOM,OOM,OOM,OOM,OOM,OOM,OOM,OOM
18,20,afb,psv,OOM,OOM,OOM,OOM,OOM,OOM,OOM,OOM,OOM
19,20,afb,psv,OOM,OOM,OOM,OOM,OOM,OOM,OOM,OOM,OOM
20,20,afb,psv,OOM,OOM,OOM,OOM,OOM,OOM,OOM,OOM,OOM
21,20,afb,psv,OOM,OOM,OOM,OOM,OOM,OOM,OOM,OOM,OOM
22,20,afb,psv,OOM,OOM,OOM,OOM,OOM,OOM,OOM,OOM,OOM
23,20,afb,psv,OOM,OOM,OOM,OOM,OOM,OOM,OOM,OOM,OOM
24,20,afb,psv,OOM,OOM,OOM,OOM,OOM,OOM,OOM,OOM,OOM
25,20,afb,psv,OOM,OOM,OOM,OOM,OOM,OOM,OOM,OOM,OOM
26,20,afb,psv,OOM,OOM,OOM,OOM,OOM,OOM,OOM,OOM,OOM
27,20,afb,psv,OOM,OOM,OOM,OOM,OOM,OOM,OOM,OOM,OOM
28,20,afb,psv,OOM,OOM,OOM,OOM,OOM,OOM,OOM,OOM,OOM
29,20,afb,psv,OOM,OOM,OOM,OOM,OOM,OOM,OOM,OOM,OOM
