instance.no,param,algorithm,decomposition,PD.NCCCs,PD.smt,PD.wct,PS.NCCCs,PS.nbInMsg,PS.nbOutMsg,PS.smt,PS.wct,cost
0,4,afb,mva-eager,1,4,afb,mva-eager,372,0,2,661,0,155,0,4,39
2,4,afb,mva-eager,354,0,0,744,0,318,0,1,24
3,4,afb,mva-eager,289,0,0,958,0,435,0,1,34
4,4,afb,mva-eager,366,0,0,653,0,120,0,1,2
5,4,afb,mva-eager,390,0,0,627,0,150,0,1,12
6,4,afb,mva-eager,486,0,0,2001,0,114,0,1,7
7,4,afb,mva-eager,366,0,0,1658,0,324,1,3,31
8,4,afb,mva-eager,210,0,0,1124,0,377,0,1,15
9,4,afb,mva-eager,366,0,0,1875,0,279,0,2,21
10,4,afb,mva-eager,390,0,0,3110,0,1069,0,2,40
11,4,afb,mva-eager,390,0,0,1361,0,196,0,1,13
12,4,afb,mva-eager,378,0,1,1877,0,309,0,2,27
13,4,afb,mva-eager,186,0,1,862,0,196,0,2,15
14,4,afb,mva-eager,210,0,0,594,0,232,0,1,51
15,4,afb,mva-eager,390,0,1,1302,0,243,0,2,6
16,4,afb,mva-eager,174,0,0,725,0,138,0,1,20
17,4,afb,mva-eager,383,0,0,1820,0,224,0,1,16
18,4,afb,mva-eager,182,0,1,1250,0,156,0,3,46
19,4,afb,mva-eager,369,0,0,1216,0,386,0,1,17
20,4,afb,mva-eager,371,0,0,805,0,286,0,2,3
21,4,afb,mva-eager,178,0,0,475,0,165,0,1,22
22,4,afb,mva-eager,390,0,1,995,0,212,0,4,12
23,4,afb,mva-eager,390,0,0,2132,0,309,0,1,15
24,4,afb,mva-eager,210,0,1,442,0,92,0,3,7
25,4,afb,mva-eager,210,0,0,1172,0,185,0,1,20
26,4,afb,mva-eager,390,0,1,379,0,84,0,1,14
27,4,afb,mva-eager,194,0,0,913,0,203,0,1,29
28,4,afb,mva-eager,194,0,0,713,0,143,0,1,15
29,4,afb,mva-eager,178,0,0,160,0,60,0,0,2
