instance.no,param,algorithm,decomposition,PD.NCCCs,PD.smt,PD.wct,PS.NCCCs,PS.nbInMsg,PS.nbOutMsg,PS.smt,PS.wct,cost
0,2,afb,mva-lazy,1,2,afb,mva-lazy,0,0,0,658,0,169,0,3,3
2,2,afb,mva-lazy,0,0,0,496,0,159,0,1,7
3,2,afb,mva-lazy,0,0,0,1179,0,247,0,1,6
4,2,afb,mva-lazy,0,0,0,2024,0,355,0,3,38
5,2,afb,mva-lazy,0,0,0,200,0,70,0,0,0
6,2,afb,mva-lazy,0,0,0,248,0,63,0,0,0
7,2,afb,mva-lazy,0,0,0,1429,0,266,0,1,11
8,2,afb,mva-lazy,0,0,0,340,0,92,0,2,7
9,2,afb,mva-lazy,0,0,0,284,0,58,0,0,14
10,2,afb,mva-lazy,0,0,0,1628,0,301,0,3,40
11,2,afb,mva-lazy,0,0,0,162,0,53,0,0,3
12,2,afb,mva-lazy,0,0,0,1186,0,256,0,1,30
13,2,afb,mva-lazy,0,0,0,264,0,88,0,0,9
14,2,afb,mva-lazy,0,0,0,1679,0,302,0,1,12
15,2,afb,mva-lazy,0,0,0,206,0,62,0,1,3
16,2,afb,mva-lazy,0,0,0,352,0,128,0,0,0
17,2,afb,mva-lazy,0,0,0,106,0,31,0,1,6
18,2,afb,mva-lazy,0,0,0,997,0,186,0,1,10
19,2,afb,mva-lazy,0,0,0,180,0,55,0,0,1
20,2,afb,mva-lazy,0,0,0,559,0,136,0,1,13
21,2,afb,mva-lazy,0,0,0,198,0,60,0,0,7
22,2,afb,mva-lazy,0,0,0,818,0,164,0,1,10
23,2,afb,mva-lazy,0,0,0,741,0,164,0,1,15
24,2,afb,mva-lazy,0,0,0,282,0,54,0,0,9
25,2,afb,mva-lazy,0,0,0,160,0,54,0,1,12
26,2,afb,mva-lazy,0,0,0,912,0,205,0,2,25
27,2,afb,mva-lazy,0,0,0,898,0,186,0,1,16
28,2,afb,mva-lazy,0,0,0,82,0,24,0,0,0
29,2,afb,mva-lazy,0,0,0,384,0,107,0,1,13
