instance.no,param,algorithm,decomposition,PD.NCCCs,PD.smt,PD.wct,PS.NCCCs,PS.nbInMsg,PS.nbOutMsg,PS.smt,PS.wct,cost
0,16,afb,psa,OOT,OOT,OOT,OOT,OOT,OOT,OOT,OOT,OOT
1,16,afb,psa,OOT,OOT,OOT,OOT,OOT,OOT,OOT,OOT,OOT
2,16,afb,psa,OOT,OOT,OOT,OOT,OOT,OOT,OOT,OOT,OOT
3,16,afb,psa,OOT,OOT,OOT,OOT,OOT,OOT,OOT,OOT,OOT
4,16,afb,psa,OOT,OOT,OOT,OOT,OOT,OOT,OOT,OOT,OOT
5,16,afb,psa,OOT,OOT,OOT,OOT,OOT,OOT,OOT,OOT,OOT
6,16,afb,psa,OOT,OOT,OOT,OOT,OOT,OOT,OOT,OOT,OOT
7,16,afb,psa,OOT,OOT,OOT,OOT,OOT,OOT,OOT,OOT,OOT
8,16,afb,psa,OOT,OOT,OOT,OOT,OOT,OOT,OOT,OOT,OOT
9,16,afb,psa,OOT,OOT,OOT,OOT,OOT,OOT,OOT,OOT,OOT
10,16,afb,psa,OOT,OOT,OOT,OOT,OOT,OOT,OOT,OOT,OOT
11,16,afb,psa,OOT,OOT,OOT,OOT,OOT,OOT,OOT,OOT,OOT
12,16,afb,psa,OOT,OOT,OOT,OOT,OOT,OOT,OOT,OOT,OOT
13,16,afb,psa,OOT,OOT,OOT,OOT,OOT,OOT,OOT,OOT,OOT
14,16,afb,psa,OOT,OOT,OOT,OOT,OOT,OOT,OOT,OOT,OOT
15,16,afb,psa,OOT,OOT,OOT,OOT,OOT,OOT,OOT,OOT,OOT
16,16,afb,psa,OOT,OOT,OOT,OOT,OOT,OOT,OOT,OOT,OOT
17,16,afb,psa,OOT,OOT,OOT,OOT,OOT,OOT,OOT,OOT,OOT
18,16,afb,psa,OOT,OOT,OOT,OOT,OOT,OOT,OOT,OOT,OOT
19,16,afb,psa,OOT,OOT,OOT,OOT,OOT,OOT,OOT,OOT,OOT
20,16,afb,psa,OOT,OOT,OOT,OOT,OOT,OOT,OOT,OOT,OOT
21,16,afb,psa,OOT,OOT,OOT,OOT,OOT,OOT,OOT,OOT,OOT
22,16,afb,psa,OOT,OOT,OOT,OOT,OOT,OOT,OOT,OOT,OOT
23,16,afb,psa,OOT,OOT,OOT,OOT,OOT,OOT,OOT,OOT,OOT
24,16,afb,psa,OOT,OOT,OOT,OOT,OOT,OOT,OOT,OOT,OOT
25,16,afb,psa,OOT,OOT,OOT,OOT,OOT,OOT,OOT,OOT,OOT
26,16,afb,psa,OOT,OOT,OOT,OOT,OOT,OOT,OOT,OOT,OOT
27,16,afb,psa,OOT,OOT,OOT,OOT,OOT,OOT,OOT,OOT,OOT
28,16,afb,psa,OOT,OOT,OOT,OOT,OOT,OOT,OOT,OOT,OOT
29,16,afb,psa,OOT,OOT,OOT,OOT,OOT,OOT,OOT,OOT,OOT
