instance.no,param,algorithm,decomposition,PD.NCCCs,PD.smt,PD.wct,PS.NCCCs,PS.nbInMsg,PS.nbOutMsg,PS.smt,PS.wct,cost
0,2,afb,mva-eager,1,2,afb,mva-eager,30,0,0,477,0,169,0,2,3
2,2,afb,mva-eager,30,0,0,379,0,159,0,0,7
3,2,afb,mva-eager,30,0,0,814,0,247,0,0,6
4,2,afb,mva-eager,30,0,0,1451,0,355,0,1,38
5,2,afb,mva-eager,30,0,0,138,0,70,0,0,0
6,2,afb,mva-eager,30,0,0,173,0,63,0,0,0
7,2,afb,mva-eager,30,0,0,986,0,266,0,0,11
8,2,afb,mva-eager,30,0,0,228,0,92,0,0,7
9,2,afb,mva-eager,30,0,0,197,0,58,0,0,14
10,2,afb,mva-eager,30,0,0,1139,0,301,0,2,40
11,2,afb,mva-eager,30,0,0,124,0,53,0,0,3
12,2,afb,mva-eager,30,0,0,873,0,256,0,0,30
13,2,afb,mva-eager,30,0,0,195,0,88,0,0,9
14,2,afb,mva-eager,30,0,0,1138,0,302,0,1,12
15,2,afb,mva-eager,30,0,0,135,0,62,0,0,3
16,2,afb,mva-eager,30,0,0,286,0,128,0,0,0
17,2,afb,mva-eager,30,0,0,67,0,31,0,0,6
18,2,afb,mva-eager,30,0,0,704,0,186,0,2,10
19,2,afb,mva-eager,30,0,0,118,0,55,0,0,1
20,2,afb,mva-eager,30,0,0,412,0,136,0,0,13
21,2,afb,mva-eager,30,0,0,129,0,60,0,0,7
22,2,afb,mva-eager,30,0,0,605,0,164,0,1,10
23,2,afb,mva-eager,30,0,0,535,0,164,0,0,15
24,2,afb,mva-eager,30,0,0,207,0,54,0,1,9
25,2,afb,mva-eager,30,0,0,127,0,54,0,0,12
26,2,afb,mva-eager,30,0,0,687,0,205,0,0,25
27,2,afb,mva-eager,30,0,0,588,0,186,0,1,16
28,2,afb,mva-eager,30,0,0,56,0,24,0,0,0
29,2,afb,mva-eager,30,0,0,299,0,107,0,0,13
