instance.no,param,algorithm,decomposition,PD.NCCCs,PD.smt,PD.wct,PS.NCCCs,PS.nbInMsg,PS.nbOutMsg,PS.smt,PS.wct,cost
0,16,afb,psv,OOM,OOM,OOM,OOM,OOM,OOM,OOM,OOM,OOM
1,16,afb,psv,OOM,OOM,OOM,OOM,OOM,OOM,OOM,OOM,OOM
2,16,afb,psv,OOM,OOM,OOM,OOM,OOM,OOM,OOM,OOM,OOM
3,16,afb,psv,OOM,OOM,OOM,OOM,OOM,OOM,OOM,OOM,OOM
4,16,afb,psv,OOM,OOM,OOM,OOM,OOM,OOM,OOM,OOM,OOM
5,16,afb,psv,OOM,OOM,OOM,OOM,OOM,OOM,OOM,OOM,OOM
6,16,afb,psv,OOM,OOM,OOM,OOM,OOM,OOM,OOM,OOM,OOM
7,16,afb,psv,OOM,OOM,OOM,OOM,OOM,OOM,OOM,OOM,OOM
8,16,afb,psv,OOM,OOM,OOM,OOM,OOM,OOM,OOM,OOM,OOM
9,16,afb,psv,OOM,OOM,OOM,OOM,OOM,OOM,OOM,OOM,OOM
10,16,afb,psv,OOM,OOM,OOM,OOM,OOM,OOM,OOM,OOM,OOM
11,16,afb,psv,OOM,OOM,OOM,OOM,OOM,OOM,OOM,OOM,OOM
12,16,afb,psv,OOM,OOM,OOM,OOM,OOM,OOM,OOM,OOM,OOM
13,16,afb,psv,OOM,OOM,OOM,OOM,OOM,OOM,OOM,OOM,OOM
14,16,afb,psv,OOM,OOM,OOM,OOM,OOM,OOM,OOM,OOM,OOM
15,16,afb,psv,OOM,OOM,OOM,OOM,OOM,OOM,OOM,OOM,OOM
16,16,afb,psv,OOM,OOM,OOM,OOM,OOM,OOM,OOM,OOM,OOM
17,16,afb,psv,OOM,OOM,OOM,OOM,OOM,OOM,OOM,OOM,OOM
18,16,afb,psv,OOM,OOM,OOM,OOM,OOM,OOM,OOM,OOM,OOM
19,16,afb,psv,OOM,OOM,OOM,OOM,OOM,OOM,OOM,OOM,OOM
20,16,afb,psv,OOM,OOM,OOM,OOM,OOM,OOM,OOM,OOM,OOM
21,16,afb,psv,OOM,OOM,OOM,OOM,OOM,OOM,OOM,OOM,OOM
22,16,afb,psv,OOM,OOM,OOM,OOM,OOM,OOM,OOM,OOM,OOM
23,16,afb,psv,OOM,OOM,OOM,OOM,OOM,OOM,OOM,OOM,OOM
24,16,afb,psv,OOM,OOM,OOM,OOM,OOM,OOM,OOM,OOM,OOM
25,16,afb,psv,OOM,OOM,OOM,OOM,OOM,OOM,OOM,OOM,OOM
26,16,afb,psv,OOM,OOM,OOM,OOM,OOM,OOM,OOM,OOM,OOM
27,16,afb,psv,OOM,OOM,OOM,OOM,OOM,OOM,OOM,OOM,OOM
28,16,afb,psv,OOM,OOM,OOM,OOM,OOM,OOM,OOM,OOM,OOM
29,16,afb,psv,OOM,OOM,OOM,OOM,OOM,OOM,OOM,OOM,OOM
