instance.no,param,algorithm,decomposition,PD.NCCCs,PD.smt,PD.wct,PS.NCCCs,PS.nbInMsg,PS.nbOutMsg,PS.smt,PS.wct,cost
0,20,afb,psa,OOT,OOT,OOT,OOT,OOT,OOT,OOT,OOT,OOT
1,20,afb,psa,OOT,OOT,OOT,OOT,OOT,OOT,OOT,OOT,OOT
2,20,afb,psa,OOT,OOT,OOT,OOT,OOT,OOT,OOT,OOT,OOT
3,20,afb,psa,OOT,OOT,OOT,OOT,OOT,OOT,OOT,OOT,OOT
4,20,afb,psa,OOT,OOT,OOT,OOT,OOT,OOT,OOT,OOT,OOT
5,20,afb,psa,OOT,OOT,OOT,OOT,OOT,OOT,OOT,OOT,OOT
6,20,afb,psa,OOT,OOT,OOT,OOT,OOT,OOT,OOT,OOT,OOT
7,20,afb,psa,OOT,OOT,OOT,OOT,OOT,OOT,OOT,OOT,OOT
8,20,afb,psa,OOT,OOT,OOT,OOT,OOT,OOT,OOT,OOT,OOT
9,20,afb,psa,OOT,OOT,OOT,OOT,OOT,OOT,OOT,OOT,OOT
10,20,afb,psa,OOT,OOT,OOT,OOT,OOT,OOT,OOT,OOT,OOT
11,20,afb,psa,OOT,OOT,OOT,OOT,OOT,OOT,OOT,OOT,OOT
12,20,afb,psa,OOT,OOT,OOT,OOT,OOT,OOT,OOT,OOT,OOT
13,20,afb,psa,OOT,OOT,OOT,OOT,OOT,OOT,OOT,OOT,OOT
14,20,afb,psa,OOT,OOT,OOT,OOT,OOT,OOT,OOT,OOT,OOT
15,20,afb,psa,OOT,OOT,OOT,OOT,OOT,OOT,OOT,OOT,OOT
16,20,afb,psa,OOT,OOT,OOT,OOT,OOT,OOT,OOT,OOT,OOT
17,20,afb,psa,OOT,OOT,OOT,OOT,OOT,OOT,OOT,OOT,OOT
18,20,afb,psa,OOT,OOT,OOT,OOT,OOT,OOT,OOT,OOT,OOT
19,20,afb,psa,OOT,OOT,OOT,OOT,OOT,OOT,OOT,OOT,OOT
20,20,afb,psa,OOT,OOT,OOT,OOT,OOT,OOT,OOT,OOT,OOT
21,20,afb,psa,OOT,OOT,OOT,OOT,OOT,OOT,OOT,OOT,OOT
22,20,afb,psa,OOT,OOT,OOT,OOT,OOT,OOT,OOT,OOT,OOT
23,20,afb,psa,OOT,OOT,OOT,OOT,OOT,OOT,OOT,OOT,OOT
24,20,afb,psa,OOT,OOT,OOT,OOT,OOT,OOT,OOT,OOT,OOT
25,20,afb,psa,OOT,OOT,OOT,OOT,OOT,OOT,OOT,OOT,OOT
26,20,afb,psa,OOT,OOT,OOT,OOT,OOT,OOT,OOT,OOT,OOT
27,20,afb,psa,OOT,OOT,OOT,OOT,OOT,OOT,OOT,OOT,OOT
28,20,afb,psa,OOT,OOT,OOT,OOT,OOT,OOT,OOT,OOT,OOT
29,20,afb,psa,OOT,OOT,OOT,OOT,OOT,OOT,OOT,OOT,OOT
