instance.no,param,algorithm,decomposition,PD.NCCCs,PD.smt,PD.wct,PS.NCCCs,PS.nbInMsg,PS.nbOutMsg,PS.smt,PS.wct,cost
0,18,afb,psv,OOM,OOM,OOM,OOM,OOM,OOM,OOM,OOM,OOM
1,18,afb,psv,OOM,OOM,OOM,OOM,OOM,OOM,OOM,OOM,OOM
2,18,afb,psv,OOM,OOM,OOM,OOM,OOM,OOM,OOM,OOM,OOM
3,18,afb,psv,OOM,OOM,OOM,OOM,OOM,OOM,OOM,OOM,OOM
4,18,afb,psv,OOM,OOM,OOM,OOM,OOM,OOM,OOM,OOM,OOM
5,18,afb,psv,OOM,OOM,OOM,OOM,OOM,OOM,OOM,OOM,OOM
6,18,afb,psv,OOM,OOM,OOM,OOM,OOM,OOM,OOM,OOM,OOM
7,18,afb,psv,OOM,OOM,OOM,OOM,OOM,OOM,OOM,OOM,OOM
8,18,afb,psv,OOM,OOM,OOM,OOM,OOM,OOM,OOM,OOM,OOM
9,18,afb,psv,OOM,OOM,OOM,OOM,OOM,OOM,OOM,OOM,OOM
10,18,afb,psv,OOM,OOM,OOM,OOM,OOM,OOM,OOM,OOM,OOM
11,18,afb,psv,OOM,OOM,OOM,OOM,OOM,OOM,OOM,OOM,OOM
12,18,afb,psv,OOM,OOM,OOM,OOM,OOM,OOM,OOM,OOM,OOM
13,18,afb,psv,OOM,OOM,OOM,OOM,OOM,OOM,OOM,OOM,OOM
14,18,afb,psv,OOM,OOM,OOM,OOM,OOM,OOM,OOM,OOM,OOM
15,18,afb,psv,OOM,OOM,OOM,OOM,OOM,OOM,OOM,OOM,OOM
16,18,afb,psv,OOM,OOM,OOM,OOM,OOM,OOM,OOM,OOM,OOM
17,18,afb,psv,OOM,OOM,OOM,OOM,OOM,OOM,OOM,OOM,OOM
18,18,afb,psv,OOM,OOM,OOM,OOM,OOM,OOM,OOM,OOM,OOM
19,18,afb,psv,OOM,OOM,OOM,OOM,OOM,OOM,OOM,OOM,OOM
20,18,afb,psv,OOM,OOM,OOM,OOM,OOM,OOM,OOM,OOM,OOM
21,18,afb,psv,OOM,OOM,OOM,OOM,OOM,OOM,OOM,OOM,OOM
22,18,afb,psv,OOM,OOM,OOM,OOM,OOM,OOM,OOM,OOM,OOM
23,18,afb,psv,OOM,OOM,OOM,OOM,OOM,OOM,OOM,OOM,OOM
24,18,afb,psv,OOM,OOM,OOM,OOM,OOM,OOM,OOM,OOM,OOM
25,18,afb,psv,OOM,OOM,OOM,OOM,OOM,OOM,OOM,OOM,OOM
26,18,afb,psv,OOM,OOM,OOM,OOM,OOM,OOM,OOM,OOM,OOM
27,18,afb,psv,OOM,OOM,OOM,OOM,OOM,OOM,OOM,OOM,OOM
28,18,afb,psv,OOM,OOM,OOM,OOM,OOM,OOM,OOM,OOM,OOM
29,18,afb,psv,OOM,OOM,OOM,OOM,OOM,OOM,OOM,OOM,OOM
