instance.no,param,algorithm,decomposition,PD.NCCCs,PD.smt,PD.wct,PS.NCCCs,PS.nbInMsg,PS.nbOutMsg,PS.smt,PS.wct,cost
0,18,afb,psa,OOT,OOT,OOT,OOT,OOT,OOT,OOT,OOT,OOT
1,18,afb,psa,OOT,OOT,OOT,OOT,OOT,OOT,OOT,OOT,OOT
2,18,afb,psa,OOT,OOT,OOT,OOT,OOT,OOT,OOT,OOT,OOT
3,18,afb,psa,OOT,OOT,OOT,OOT,OOT,OOT,OOT,OOT,OOT
4,18,afb,psa,OOT,OOT,OOT,OOT,OOT,OOT,OOT,OOT,OOT
5,18,afb,psa,OOT,OOT,OOT,OOT,OOT,OOT,OOT,OOT,OOT
6,18,afb,psa,OOT,OOT,OOT,OOT,OOT,OOT,OOT,OOT,OOT
7,18,afb,psa,OOT,OOT,OOT,OOT,OOT,OOT,OOT,OOT,OOT
8,18,afb,psa,OOT,OOT,OOT,OOT,OOT,OOT,OOT,OOT,OOT
9,18,afb,psa,OOT,OOT,OOT,OOT,OOT,OOT,OOT,OOT,OOT
10,18,afb,psa,OOT,OOT,OOT,OOT,OOT,OOT,OOT,OOT,OOT
11,18,afb,psa,OOT,OOT,OOT,OOT,OOT,OOT,OOT,OOT,OOT
12,18,afb,psa,OOT,OOT,OOT,OOT,OOT,OOT,OOT,OOT,OOT
13,18,afb,psa,OOT,OOT,OOT,OOT,OOT,OOT,OOT,OOT,OOT
14,18,afb,psa,OOT,OOT,OOT,OOT,OOT,OOT,OOT,OOT,OOT
15,18,afb,psa,OOT,OOT,OOT,OOT,OOT,OOT,OOT,OOT,OOT
16,18,afb,psa,OOT,OOT,OOT,OOT,OOT,OOT,OOT,OOT,OOT
17,18,afb,psa,OOT,OOT,OOT,OOT,OOT,OOT,OOT,OOT,OOT
18,18,afb,psa,OOT,OOT,OOT,OOT,OOT,OOT,OOT,OOT,OOT
19,18,afb,psa,OOT,OOT,OOT,OOT,OOT,OOT,OOT,OOT,OOT
20,18,afb,psa,OOT,OOT,OOT,OOT,OOT,OOT,OOT,OOT,OOT
21,18,afb,psa,OOT,OOT,OOT,OOT,OOT,OOT,OOT,OOT,OOT
22,18,afb,psa,OOT,OOT,OOT,OOT,OOT,OOT,OOT,OOT,OOT
23,18,afb,psa,OOT,OOT,OOT,OOT,OOT,OOT,OOT,OOT,OOT
24,18,afb,psa,OOT,OOT,OOT,OOT,OOT,OOT,OOT,OOT,OOT
25,18,afb,psa,OOT,OOT,OOT,OOT,OOT,OOT,OOT,OOT,OOT
26,18,afb,psa,OOT,OOT,OOT,OOT,OOT,OOT,OOT,OOT,OOT
27,18,afb,psa,OOT,OOT,OOT,OOT,OOT,OOT,OOT,OOT,OOT
28,18,afb,psa,OOT,OOT,OOT,OOT,OOT,OOT,OOT,OOT,OOT
29,18,afb,psa,OOT,OOT,OOT,OOT,OOT,OOT,OOT,OOT,OOT
