instance.no,param,algorithm,decomposition,PD.NCCCs,PD.smt,PD.wct,PS.NCCCs,PS.nbInMsg,PS.nbOutMsg,PS.smt,PS.wct,cost
0,4,dgibbs,mva-eager,1,4,dgibbs,mva-eager,6,0,0,1338,0,913,0,2,UNSAT
2,4,dgibbs,mva-eager,7,0,0,1290,0,914,1,3,UNSAT
3,4,dgibbs,mva-eager,9,0,0,1351,0,915,0,3,UNSAT
4,4,dgibbs,mva-eager,3,0,0,1368,0,914,1,3,UNSAT
5,4,dgibbs,mva-eager,6,0,0,1358,0,913,1,2,UNSAT
6,4,dgibbs,mva-eager,9,0,0,1211,0,914,2,5,UNSAT
7,4,dgibbs,mva-eager,7,0,0,1695,0,913,0,2,UNSAT
8,4,dgibbs,mva-eager,5,0,0,1125,0,914,0,3,UNSAT
9,4,dgibbs,mva-eager,6,0,0,1668,0,913,1,5,UNSAT
10,4,dgibbs,mva-eager,8,0,0,1171,0,914,0,3,UNSAT
11,4,dgibbs,mva-eager,6,0,0,1564,0,913,0,2,UNSAT
12,4,dgibbs,mva-eager,5,0,0,1543,0,913,0,2,UNSAT
13,4,dgibbs,mva-eager,4,0,0,976,0,914,0,2,UNSAT
14,4,dgibbs,mva-eager,8,0,0,1598,0,914,3,8,UNSAT
15,4,dgibbs,mva-eager,5,0,0,1475,0,913,0,2,UNSAT
16,4,dgibbs,mva-eager,9,0,0,1696,0,913,0,2,UNSAT
17,4,dgibbs,mva-eager,7,0,0,1733,0,913,0,2,UNSAT
18,4,dgibbs,mva-eager,5,0,0,1493,0,913,1,2,UNSAT
19,4,dgibbs,mva-eager,7,0,0,1065,0,914,1,3,UNSAT
20,4,dgibbs,mva-eager,8,0,0,1634,0,914,2,6,UNSAT
21,4,dgibbs,mva-eager,4,0,0,953,0,914,2,5,UNSAT
22,4,dgibbs,mva-eager,5,0,0,1210,0,914,0,3,UNSAT
23,4,dgibbs,mva-eager,7,0,0,1609,0,913,0,2,56
24,4,dgibbs,mva-eager,5,0,0,1188,0,914,0,2,UNSAT
25,4,dgibbs,mva-eager,7,0,0,1462,0,914,0,2,UNSAT
26,4,dgibbs,mva-eager,6,0,0,1517,0,913,3,6,UNSAT
27,4,dgibbs,mva-eager,6,0,0,1737,0,913,1,2,UNSAT
28,4,dgibbs,mva-eager,7,0,0,1317,0,914,1,5,UNSAT
29,4,dgibbs,mva-eager,5,0,0,1300,0,914,0,2,UNSAT
