instance.no,param,algorithm,decomposition,PD.NCCCs,PD.smt,PD.wct,PS.NCCCs,PS.nbInMsg,PS.nbOutMsg,PS.smt,PS.wct,cost
0,14,dgibbs,mva-eager,1,14,dgibbs,mva-eager,49,0,0,4465,0,915,2,18,UNSAT
2,14,dgibbs,mva-eager,1,0,0,606,0,914,3,27,UNSAT
3,14,dgibbs,mva-eager,6,0,0,703,0,913,4,29,UNSAT
4,14,dgibbs,mva-eager,52,0,0,1560,0,913,3,18,UNSAT
5,14,dgibbs,mva-eager,2,0,0,4196,0,913,4,25,UNSAT
6,14,dgibbs,mva-eager,4,0,0,507,0,914,3,18,UNSAT
7,14,dgibbs,mva-eager,118,0,0,2817,0,913,4,28,756
8,14,dgibbs,mva-eager,4,0,0,1436,0,914,3,26,UNSAT
9,14,dgibbs,mva-eager,9,0,0,404,0,915,2,39,UNSAT
10,14,dgibbs,mva-eager,1,0,0,2149,0,914,3,20,UNSAT
11,14,dgibbs,mva-eager,4,0,0,606,0,913,4,17,UNSAT
12,14,dgibbs,mva-eager,9,0,0,1654,0,914,3,26,UNSAT
13,14,dgibbs,mva-eager,8,0,0,556,0,914,3,27,UNSAT
14,14,dgibbs,mva-eager,4,0,0,743,0,914,2,25,UNSAT
15,14,dgibbs,mva-eager,1,0,0,202,0,914,3,22,UNSAT
16,14,dgibbs,mva-eager,4,0,0,558,0,914,3,21,UNSAT
17,14,dgibbs,mva-eager,5,0,0,542,0,914,2,22,UNSAT
18,14,dgibbs,mva-eager,9,0,0,505,0,914,3,20,UNSAT
19,14,dgibbs,mva-eager,8,0,0,505,0,914,3,25,UNSAT
20,14,dgibbs,mva-eager,4,0,0,606,0,913,4,26,UNSAT
21,14,dgibbs,mva-eager,131,0,0,11554,0,914,4,30,UNSAT
22,14,dgibbs,mva-eager,1,0,0,507,0,915,2,18,UNSAT
23,14,dgibbs,mva-eager,1,0,0,701,0,914,3,18,UNSAT
24,14,dgibbs,mva-eager,5,0,0,404,0,915,2,25,UNSAT
25,14,dgibbs,mva-eager,4,0,0,507,0,914,3,19,UNSAT
26,14,dgibbs,mva-eager,2,0,0,604,0,913,4,27,UNSAT
27,14,dgibbs,mva-eager,4,0,0,505,0,914,2,26,UNSAT
28,14,dgibbs,mva-eager,1,0,0,606,0,914,3,31,UNSAT
29,14,dgibbs,mva-eager,4,0,0,670,0,913,3,36,UNSAT
