instance.no,param,algorithm,decomposition,PD.NCCCs,PD.smt,PD.wct,PS.NCCCs,PS.nbInMsg,PS.nbOutMsg,PS.smt,PS.wct,cost
0,20,dgibbs,mva-eager,1,20,dgibbs,mva-eager,103,0,0,505,0,914,5,121,UNSAT
2,20,dgibbs,mva-eager,4,0,0,606,0,913,7,132,UNSAT
3,20,dgibbs,mva-eager,4,0,0,602,0,913,11,181,UNSAT
4,20,dgibbs,mva-eager,1,0,0,202,0,913,7,149,UNSAT
5,20,dgibbs,mva-eager,254,0,0,24502,0,914,9,135,UNSAT
6,20,dgibbs,mva-eager,2,0,0,26542,0,914,9,165,UNSAT
7,20,dgibbs,mva-eager,4,0,0,505,0,914,5,130,UNSAT
8,20,dgibbs,mva-eager,2,0,0,608,0,913,12,139,UNSAT
9,20,dgibbs,mva-eager,4,0,0,503,0,914,5,144,UNSAT
10,20,dgibbs,mva-eager,8,0,0,404,0,915,5,141,UNSAT
11,20,dgibbs,mva-eager,147,0,0,11558,0,913,9,164,278
12,20,dgibbs,mva-eager,4,0,0,604,0,913,8,129,UNSAT
13,20,dgibbs,mva-eager,312,0,0,31072,0,913,14,174,UNSAT
14,20,dgibbs,mva-eager,4,0,0,11812,0,914,9,176,UNSAT
15,20,dgibbs,mva-eager,4,0,0,503,0,914,6,135,UNSAT
16,20,dgibbs,mva-eager,4,0,0,606,0,913,7,113,UNSAT
17,20,dgibbs,mva-eager,5,0,0,505,0,914,5,113,UNSAT
18,20,dgibbs,mva-eager,8,0,0,404,0,915,4,117,UNSAT
19,20,dgibbs,mva-eager,104,0,0,501,0,914,7,179,UNSAT
20,20,dgibbs,mva-eager,4,0,0,606,0,913,15,169,UNSAT
21,20,dgibbs,mva-eager,4,0,0,604,0,913,6,111,UNSAT
22,20,dgibbs,mva-eager,4,0,0,606,0,913,10,135,UNSAT
23,20,dgibbs,mva-eager,1,0,0,202,0,914,5,112,UNSAT
24,20,dgibbs,mva-eager,172,0,0,20257,0,914,7,155,UNSAT
25,20,dgibbs,mva-eager,194,0,0,12299,0,914,7,181,UNSAT
26,20,dgibbs,mva-eager,6,0,0,20401,0,913,12,120,UNSAT
27,20,dgibbs,mva-eager,874,0,0,2003,0,913,10,149,764
28,20,dgibbs,mva-eager,144,0,0,36710,0,913,15,144,2535
29,20,dgibbs,mva-eager,4,0,0,681,0,914,7,174,UNSAT
