instance.no,param,algorithm,decomposition,PD.NCCCs,PD.smt,PD.wct,PS.NCCCs,PS.nbInMsg,PS.nbOutMsg,PS.smt,PS.wct,cost
0,2,dgibbs,mva-lazy,1,2,dgibbs,mva-lazy,2,0,0,704,0,913,0,2,UNSAT
2,2,dgibbs,mva-lazy,3,0,0,806,0,914,1,4,56
3,2,dgibbs,mva-lazy,5,0,0,1014,0,913,0,2,UNSAT
4,2,dgibbs,mva-lazy,1,0,0,603,0,913,0,2,UNSAT
5,2,dgibbs,mva-lazy,3,0,0,1010,0,913,2,5,42
6,2,dgibbs,mva-lazy,5,0,0,806,0,914,0,1,UNSAT
7,2,dgibbs,mva-lazy,3,0,0,606,0,913,1,4,UNSAT
8,2,dgibbs,mva-lazy,5,0,0,1009,0,913,1,3,14
9,2,dgibbs,mva-lazy,2,0,0,811,0,914,2,5,30
10,2,dgibbs,mva-lazy,2,0,0,808,0,914,2,7,UNSAT
11,2,dgibbs,mva-lazy,3,0,0,798,0,914,0,2,UNSAT
12,2,dgibbs,mva-lazy,2,0,0,811,0,914,1,3,35
13,2,dgibbs,mva-lazy,3,0,0,808,0,914,0,1,UNSAT
14,2,dgibbs,mva-lazy,5,0,0,808,0,914,0,2,35
15,2,dgibbs,mva-lazy,5,0,0,808,0,914,0,2,UNSAT
16,2,dgibbs,mva-lazy,2,0,0,602,0,915,0,1,UNSAT
17,2,dgibbs,mva-lazy,6,0,0,808,0,914,0,2,UNSAT
18,2,dgibbs,mva-lazy,3,0,0,1010,0,913,0,2,34
19,2,dgibbs,mva-lazy,5,0,0,808,0,914,0,1,UNSAT
20,2,dgibbs,mva-lazy,3,0,0,808,0,914,0,2,UNSAT
21,2,dgibbs,mva-lazy,6,0,0,992,0,913,0,2,UNSAT
22,2,dgibbs,mva-lazy,5,0,0,1007,0,913,0,2,14
23,2,dgibbs,mva-lazy,2,0,0,205,0,913,0,2,UNSAT
24,2,dgibbs,mva-lazy,3,0,0,808,0,914,0,1,20
25,2,dgibbs,mva-lazy,2,0,0,602,0,915,0,2,UNSAT
26,2,dgibbs,mva-lazy,3,0,0,808,0,914,0,2,UNSAT
27,2,dgibbs,mva-lazy,2,0,0,1010,0,913,0,2,UNSAT
28,2,dgibbs,mva-lazy,2,0,0,202,0,914,0,1,UNSAT
29,2,dgibbs,mva-lazy,6,0,0,808,0,914,0,2,UNSAT
