instance.no,param,algorithm,decomposition,PD.NCCCs,PD.smt,PD.wct,PS.NCCCs,PS.nbInMsg,PS.nbOutMsg,PS.smt,PS.wct,cost
0,12,dgibbs,mva-lazy,1,12,dgibbs,mva-lazy,25,0,0,5210,0,913,3,17,UNSAT
2,12,dgibbs,mva-lazy,4,0,0,606,0,913,3,17,UNSAT
3,12,dgibbs,mva-lazy,4,0,0,606,0,913,3,17,UNSAT
4,12,dgibbs,mva-lazy,2,0,0,606,0,913,4,14,UNSAT
5,12,dgibbs,mva-lazy,4,0,0,505,0,914,2,14,UNSAT
6,12,dgibbs,mva-lazy,108,0,0,1332,0,914,2,17,UNSAT
7,12,dgibbs,mva-lazy,4,0,0,674,0,913,3,15,UNSAT
8,12,dgibbs,mva-lazy,4,0,0,505,0,915,1,19,UNSAT
9,12,dgibbs,mva-lazy,4,0,0,935,0,913,3,14,UNSAT
10,12,dgibbs,mva-lazy,39,0,0,1905,0,914,2,9,UNSAT
11,12,dgibbs,mva-lazy,4,0,0,505,0,914,2,15,UNSAT
12,12,dgibbs,mva-lazy,4,0,0,799,0,913,3,12,UNSAT
13,12,dgibbs,mva-lazy,1,0,0,637,0,914,2,18,UNSAT
14,12,dgibbs,mva-lazy,1,0,0,1098,0,914,3,14,UNSAT
15,12,dgibbs,mva-lazy,1,0,0,825,0,914,2,13,UNSAT
16,12,dgibbs,mva-lazy,4,0,0,774,0,914,2,13,UNSAT
17,12,dgibbs,mva-lazy,4,0,0,606,0,913,4,20,UNSAT
18,12,dgibbs,mva-lazy,4,0,0,543,0,914,2,11,UNSAT
19,12,dgibbs,mva-lazy,4,0,0,1001,0,914,2,15,UNSAT
20,12,dgibbs,mva-lazy,1,0,0,761,0,914,2,13,UNSAT
21,12,dgibbs,mva-lazy,28,0,0,6598,0,913,4,16,UNSAT
22,12,dgibbs,mva-lazy,4,0,0,606,0,913,4,15,UNSAT
23,12,dgibbs,mva-lazy,1,0,0,502,0,914,2,17,UNSAT
24,12,dgibbs,mva-lazy,4,0,0,661,0,913,3,14,UNSAT
25,12,dgibbs,mva-lazy,2,0,0,505,0,914,2,16,UNSAT
26,12,dgibbs,mva-lazy,4,0,0,653,0,914,2,15,UNSAT
27,12,dgibbs,mva-lazy,2,0,0,628,0,913,3,9,UNSAT
28,12,dgibbs,mva-lazy,8,0,0,505,0,914,2,19,UNSAT
29,12,dgibbs,mva-lazy,0,0,0,780,0,914,3,17,UNSAT
