instance.no,param,algorithm,decomposition,PD.NCCCs,PD.smt,PD.wct,PS.NCCCs,PS.nbInMsg,PS.nbOutMsg,PS.smt,PS.wct,cost
0,18,dgibbs,mva-eager,1,18,dgibbs,mva-eager,4,0,0,505,0,914,6,102,UNSAT
2,18,dgibbs,mva-eager,172,0,0,12578,0,913,9,100,UNSAT
3,18,dgibbs,mva-eager,4,0,0,606,0,913,8,60,UNSAT
4,18,dgibbs,mva-eager,2,0,0,608,0,913,6,90,UNSAT
5,18,dgibbs,mva-eager,1,0,0,604,0,913,7,81,UNSAT
6,18,dgibbs,mva-eager,2,0,0,37854,0,914,9,86,UNSAT
7,18,dgibbs,mva-eager,90,0,0,14305,0,913,6,67,UNSAT
8,18,dgibbs,mva-eager,5,0,0,404,0,915,3,53,UNSAT
9,18,dgibbs,mva-eager,4,0,0,606,0,913,6,79,UNSAT
10,18,dgibbs,mva-eager,8,0,0,404,0,915,4,75,UNSAT
11,18,dgibbs,mva-eager,9,0,0,504,0,914,5,79,UNSAT
12,18,dgibbs,mva-eager,246,0,0,608,0,913,7,86,UNSAT
13,18,dgibbs,mva-eager,217,0,0,14804,0,914,5,67,UNSAT
14,18,dgibbs,mva-eager,4,0,0,606,0,913,5,61,UNSAT
15,18,dgibbs,mva-eager,4,0,0,505,0,914,4,78,UNSAT
16,18,dgibbs,mva-eager,169,0,0,36829,0,914,7,65,UNSAT
17,18,dgibbs,mva-eager,4,0,0,507,0,914,4,78,UNSAT
18,18,dgibbs,mva-eager,4,0,0,503,0,914,5,70,UNSAT
19,18,dgibbs,mva-eager,4,0,0,606,0,913,5,49,UNSAT
20,18,dgibbs,mva-eager,293,0,0,34833,0,914,6,100,UNSAT
21,18,dgibbs,mva-eager,3,0,0,404,0,915,4,84,UNSAT
22,18,dgibbs,mva-eager,1,0,0,608,0,913,6,80,UNSAT
23,18,dgibbs,mva-eager,4,0,0,608,0,913,5,70,UNSAT
24,18,dgibbs,mva-eager,4,0,0,608,0,913,8,100,UNSAT
25,18,dgibbs,mva-eager,5,0,0,404,0,915,3,66,UNSAT
26,18,dgibbs,mva-eager,4,0,0,608,0,913,6,65,UNSAT
27,18,dgibbs,mva-eager,161,0,0,30517,0,913,10,103,2403
28,18,dgibbs,mva-eager,123,0,0,19940,0,913,7,68,UNSAT
29,18,dgibbs,mva-eager,1,0,0,202,0,914,5,83,UNSAT
