instance.no,param,algorithm,decomposition,PD.NCCCs,PD.smt,PD.wct,PS.NCCCs,PS.nbInMsg,PS.nbOutMsg,PS.smt,PS.wct,cost
0,20,dgibbs,mva-lazy,1,20,dgibbs,mva-lazy,100,0,0,13779,0,914,6,124,UNSAT
2,20,dgibbs,mva-lazy,4,0,0,605,0,913,7,124,UNSAT
3,20,dgibbs,mva-lazy,1,0,0,604,0,913,11,181,UNSAT
4,20,dgibbs,mva-lazy,4,0,0,606,0,913,7,163,UNSAT
5,20,dgibbs,mva-lazy,159,0,0,26438,0,914,9,134,UNSAT
6,20,dgibbs,mva-lazy,197,0,0,23796,0,914,9,163,UNSAT
7,20,dgibbs,mva-lazy,4,0,0,505,0,914,5,121,UNSAT
8,20,dgibbs,mva-lazy,2,0,0,608,0,913,12,142,UNSAT
9,20,dgibbs,mva-lazy,1,0,0,503,0,914,5,152,UNSAT
10,20,dgibbs,mva-lazy,5,0,0,404,0,915,6,145,UNSAT
11,20,dgibbs,mva-lazy,234,0,0,9618,0,913,9,155,UNSAT
12,20,dgibbs,mva-lazy,2,0,0,606,0,913,8,142,UNSAT
13,20,dgibbs,mva-lazy,2,0,0,37784,0,913,14,171,UNSAT
14,20,dgibbs,mva-lazy,4,0,0,8440,0,914,9,173,1924
15,20,dgibbs,mva-lazy,4,0,0,503,0,914,6,135,UNSAT
16,20,dgibbs,mva-lazy,4,0,0,608,0,913,8,118,UNSAT
17,20,dgibbs,mva-lazy,5,0,0,505,0,914,5,113,UNSAT
18,20,dgibbs,mva-lazy,8,0,0,404,0,915,4,121,UNSAT
19,20,dgibbs,mva-lazy,111,0,0,1092,0,914,7,177,UNSAT
20,20,dgibbs,mva-lazy,4,0,0,606,0,913,14,161,UNSAT
21,20,dgibbs,mva-lazy,4,0,0,606,0,913,7,120,UNSAT
22,20,dgibbs,mva-lazy,1,0,0,600,0,913,10,142,UNSAT
23,20,dgibbs,mva-lazy,1,0,0,202,0,914,5,102,UNSAT
24,20,dgibbs,mva-lazy,277,0,0,20362,0,914,8,146,UNSAT
25,20,dgibbs,mva-lazy,2,0,0,13541,0,914,8,186,UNSAT
26,20,dgibbs,mva-lazy,4,0,0,19605,0,913,12,126,UNSAT
27,20,dgibbs,mva-lazy,4,0,0,604,0,913,10,150,UNSAT
28,20,dgibbs,mva-lazy,146,0,0,30271,0,913,15,141,2535
29,20,dgibbs,mva-lazy,4,0,0,633,0,914,6,174,UNSAT
