instance.no,param,algorithm,decomposition,PD.NCCCs,PD.smt,PD.wct,PS.NCCCs,PS.nbInMsg,PS.nbOutMsg,PS.smt,PS.wct,cost
0,12,dgibbs,psa,1,12,dgibbs,psa,4,0,1,24385,37043,912,12,61,511
2,12,dgibbs,psa,4,0,1,24436,37044,912,11,66,UNSAT
3,12,dgibbs,psa,5,0,1,27296,37044,912,12,66,UNSAT
4,12,dgibbs,psa,4,0,1,20872,37044,912,11,59,UNSAT
5,12,dgibbs,psa,3,0,1,14398,37044,912,8,61,UNSAT
6,12,dgibbs,psa,4,0,1,29143,37042,912,12,65,UNSAT
7,12,dgibbs,psa,5,0,1,22966,37045,912,11,62,UNSAT
8,12,dgibbs,psa,5,0,1,19142,37045,912,8,64,UNSAT
9,12,dgibbs,psa,5,0,1,22377,37046,912,11,59,UNSAT
10,12,dgibbs,psa,4,0,1,22387,37046,912,9,58,UNSAT
11,12,dgibbs,psa,8,0,1,16407,37045,912,7,62,UNSAT
12,12,dgibbs,psa,5,0,1,21840,37044,912,11,62,UNSAT
13,12,dgibbs,psa,4,0,1,17534,37046,912,8,62,UNSAT
14,12,dgibbs,psa,5,0,1,14439,37044,912,7,61,UNSAT
15,12,dgibbs,psa,4,0,1,22695,37046,912,11,61,UNSAT
16,12,dgibbs,psa,4,0,1,16428,37044,912,8,64,UNSAT
17,12,dgibbs,psa,5,0,1,25503,37045,912,12,65,UNSAT
18,12,dgibbs,psa,6,0,1,18234,37045,912,7,61,UNSAT
19,12,dgibbs,psa,5,0,1,22030,37045,912,11,61,UNSAT
20,12,dgibbs,psa,8,0,1,23307,37045,912,8,66,UNSAT
21,12,dgibbs,psa,4,0,1,20080,37046,912,11,60,UNSAT
22,12,dgibbs,psa,4,0,1,24483,37044,912,11,59,UNSAT
23,12,dgibbs,psa,5,0,1,13639,37045,912,8,60,UNSAT
24,12,dgibbs,psa,5,0,1,26233,37045,912,12,61,UNSAT
25,12,dgibbs,psa,4,0,1,19545,37044,912,8,63,UNSAT
26,12,dgibbs,psa,4,0,1,24263,37043,912,12,63,UNSAT
27,12,dgibbs,psa,5,0,1,22385,37045,912,12,59,UNSAT
28,12,dgibbs,psa,3,0,1,16239,37045,912,8,66,UNSAT
29,12,dgibbs,psa,3,0,1,17175,37046,912,8,64,UNSAT
