instance.no,param,algorithm,decomposition,PD.NCCCs,PD.smt,PD.wct,PS.NCCCs,PS.nbInMsg,PS.nbOutMsg,PS.smt,PS.wct,cost
0,8,dgibbs,mva-lazy,1,8,dgibbs,mva-lazy,25,0,0,3249,0,913,3,6,UNSAT
2,8,dgibbs,mva-lazy,30,0,0,1875,0,914,1,5,UNSAT
3,8,dgibbs,mva-lazy,4,0,0,1404,0,914,2,9,UNSAT
4,8,dgibbs,mva-lazy,1,0,0,2588,0,915,1,5,UNSAT
5,8,dgibbs,mva-lazy,18,0,0,2185,0,914,1,4,UNSAT
6,8,dgibbs,mva-lazy,28,0,0,2345,0,914,1,5,UNSAT
7,8,dgibbs,mva-lazy,3,0,0,759,0,914,1,5,UNSAT
8,8,dgibbs,mva-lazy,1,0,0,2357,0,914,1,7,UNSAT
9,8,dgibbs,mva-lazy,18,0,0,2048,0,914,2,9,UNSAT
10,8,dgibbs,mva-lazy,4,0,0,1759,0,914,2,10,UNSAT
11,8,dgibbs,mva-lazy,20,0,0,2370,0,914,2,7,UNSAT
12,8,dgibbs,mva-lazy,24,0,0,4176,0,913,2,4,UNSAT
13,8,dgibbs,mva-lazy,29,0,0,4006,0,913,2,5,UNSAT
14,8,dgibbs,mva-lazy,18,0,0,2627,0,913,2,5,UNSAT
15,8,dgibbs,mva-lazy,7,0,0,772,0,914,3,12,UNSAT
16,8,dgibbs,mva-lazy,16,0,0,2464,0,913,4,9,UNSAT
17,8,dgibbs,mva-lazy,2,0,0,1487,0,913,2,4,UNSAT
18,8,dgibbs,mva-lazy,20,0,0,2158,0,913,3,6,UNSAT
19,8,dgibbs,mva-lazy,14,0,0,691,0,914,2,9,UNSAT
20,8,dgibbs,mva-lazy,20,0,0,1318,0,915,1,4,UNSAT
21,8,dgibbs,mva-lazy,40,0,0,3062,0,914,1,4,UNSAT
22,8,dgibbs,mva-lazy,37,0,0,1364,0,913,2,4,UNSAT
23,8,dgibbs,mva-lazy,1,0,0,1185,0,913,2,7,UNSAT
24,8,dgibbs,mva-lazy,7,0,0,1187,0,914,2,6,UNSAT
25,8,dgibbs,mva-lazy,11,0,0,2341,0,913,2,5,UNSAT
26,8,dgibbs,mva-lazy,4,0,0,998,0,913,2,5,UNSAT
27,8,dgibbs,mva-lazy,3,0,0,2135,0,913,2,8,UNSAT
28,8,dgibbs,mva-lazy,25,0,0,2562,0,913,3,10,UNSAT
29,8,dgibbs,mva-lazy,1,0,0,1462,0,914,2,8,UNSAT
