instance.no,param,algorithm,decomposition,PD.NCCCs,PD.smt,PD.wct,PS.NCCCs,PS.nbInMsg,PS.nbOutMsg,PS.smt,PS.wct,cost
0,2,dgibbs,mva-eager,1,2,dgibbs,mva-eager,6,0,0,404,0,913,0,2,UNSAT
2,2,dgibbs,mva-eager,3,0,0,806,0,914,0,2,55
3,2,dgibbs,mva-eager,6,0,0,706,0,913,0,2,UNSAT
4,2,dgibbs,mva-eager,3,0,0,1010,0,913,0,1,46
5,2,dgibbs,mva-eager,2,0,0,1006,0,913,1,3,UNSAT
6,2,dgibbs,mva-eager,3,0,0,803,0,914,0,1,16
7,2,dgibbs,mva-eager,3,0,0,707,0,913,2,5,UNSAT
8,2,dgibbs,mva-eager,6,0,0,1006,0,913,0,1,14
9,2,dgibbs,mva-eager,2,0,0,505,0,914,0,1,UNSAT
10,2,dgibbs,mva-eager,2,0,0,810,0,914,1,3,UNSAT
11,2,dgibbs,mva-eager,3,0,0,808,0,914,0,3,UNSAT
12,2,dgibbs,mva-eager,2,0,0,802,0,914,0,2,35
13,2,dgibbs,mva-eager,2,0,0,808,0,914,0,2,UNSAT
14,2,dgibbs,mva-eager,3,0,0,808,0,914,0,2,UNSAT
15,2,dgibbs,mva-eager,5,0,0,808,0,914,0,1,15
16,2,dgibbs,mva-eager,7,0,0,606,0,915,0,3,UNSAT
17,2,dgibbs,mva-eager,6,0,0,808,0,914,0,2,UNSAT
18,2,dgibbs,mva-eager,5,0,0,1010,0,913,1,3,34
19,2,dgibbs,mva-eager,3,0,0,805,0,914,0,1,UNSAT
20,2,dgibbs,mva-eager,3,0,0,798,0,914,0,2,UNSAT
21,2,dgibbs,mva-eager,6,0,0,401,0,913,1,3,UNSAT
22,2,dgibbs,mva-eager,2,0,0,404,0,913,0,2,UNSAT
23,2,dgibbs,mva-eager,2,0,0,1013,0,913,0,1,UNSAT
24,2,dgibbs,mva-eager,5,0,0,806,0,914,0,2,UNSAT
25,2,dgibbs,mva-eager,2,0,0,202,0,915,0,2,UNSAT
26,2,dgibbs,mva-eager,5,0,0,808,0,914,0,1,64
27,2,dgibbs,mva-eager,2,0,0,1007,0,913,0,1,UNSAT
28,2,dgibbs,mva-eager,3,0,0,808,0,914,1,3,UNSAT
29,2,dgibbs,mva-eager,6,0,0,808,0,914,0,2,UNSAT
