instance.no,param,algorithm,decomposition,PD.NCCCs,PD.smt,PD.wct,PS.NCCCs,PS.nbInMsg,PS.nbOutMsg,PS.smt,PS.wct,cost
0,8,dgibbs,mva-eager,1,8,dgibbs,mva-eager,3,0,0,3069,0,913,3,8,UNSAT
2,8,dgibbs,mva-eager,20,0,0,1658,0,914,1,9,UNSAT
3,8,dgibbs,mva-eager,26,0,0,1493,0,914,1,4,UNSAT
4,8,dgibbs,mva-eager,19,0,0,3332,0,915,1,11,UNSAT
5,8,dgibbs,mva-eager,15,0,0,938,0,914,1,6,UNSAT
6,8,dgibbs,mva-eager,9,0,0,2708,0,914,2,8,UNSAT
7,8,dgibbs,mva-eager,14,0,0,857,0,914,1,5,UNSAT
8,8,dgibbs,mva-eager,1,0,0,1156,0,914,2,6,UNSAT
9,8,dgibbs,mva-eager,13,0,0,2760,0,914,1,5,UNSAT
10,8,dgibbs,mva-eager,32,0,0,1946,0,914,1,4,UNSAT
11,8,dgibbs,mva-eager,2,0,0,2148,0,914,1,9,UNSAT
12,8,dgibbs,mva-eager,25,0,0,4269,0,913,2,5,233
13,8,dgibbs,mva-eager,2,0,0,4092,0,913,3,7,UNSAT
14,8,dgibbs,mva-eager,2,0,0,1847,0,913,3,8,UNSAT
15,8,dgibbs,mva-eager,1,0,0,1554,0,914,1,4,UNSAT
16,8,dgibbs,mva-eager,24,0,0,1754,0,913,3,6,UNSAT
17,8,dgibbs,mva-eager,4,0,0,1195,0,913,2,5,UNSAT
18,8,dgibbs,mva-eager,4,0,0,2416,0,913,2,4,UNSAT
19,8,dgibbs,mva-eager,4,0,0,579,0,914,1,4,UNSAT
20,8,dgibbs,mva-eager,6,0,0,1049,0,915,1,4,UNSAT
21,8,dgibbs,mva-eager,41,0,0,1018,0,914,2,9,UNSAT
22,8,dgibbs,mva-eager,1,0,0,1159,0,913,2,4,UNSAT
23,8,dgibbs,mva-eager,13,0,0,1252,0,913,2,6,UNSAT
24,8,dgibbs,mva-eager,8,0,0,1013,0,914,1,5,UNSAT
25,8,dgibbs,mva-eager,4,0,0,2212,0,913,2,8,UNSAT
26,8,dgibbs,mva-eager,40,0,0,1846,0,913,2,6,UNSAT
27,8,dgibbs,mva-eager,1,0,0,1095,0,913,2,5,UNSAT
28,8,dgibbs,mva-eager,28,0,0,2852,0,913,2,4,UNSAT
29,8,dgibbs,mva-eager,1,0,0,1173,0,914,2,9,UNSAT
