instance.no,param,algorithm,decomposition,PD.NCCCs,PD.smt,PD.wct,PS.NCCCs,PS.nbInMsg,PS.nbOutMsg,PS.smt,PS.wct,cost
0,18,dgibbs,mva-lazy,1,18,dgibbs,mva-lazy,4,0,0,505,0,914,6,104,UNSAT
2,18,dgibbs,mva-lazy,187,0,0,12107,0,913,9,97,UNSAT
3,18,dgibbs,mva-lazy,4,0,0,608,0,913,7,60,UNSAT
4,18,dgibbs,mva-lazy,4,0,0,606,0,913,6,94,UNSAT
5,18,dgibbs,mva-lazy,4,0,0,606,0,913,7,90,UNSAT
6,18,dgibbs,mva-lazy,4,0,0,15388,0,914,7,89,UNSAT
7,18,dgibbs,mva-lazy,190,0,0,20965,0,913,6,67,UNSAT
8,18,dgibbs,mva-lazy,1,0,0,403,0,915,3,54,UNSAT
9,18,dgibbs,mva-lazy,4,0,0,604,0,913,6,75,UNSAT
10,18,dgibbs,mva-lazy,3,0,0,404,0,915,4,73,UNSAT
11,18,dgibbs,mva-lazy,5,0,0,505,0,914,5,85,UNSAT
12,18,dgibbs,mva-lazy,4,0,0,6906,0,913,7,91,1315
13,18,dgibbs,mva-lazy,216,0,0,15678,0,914,5,65,UNSAT
14,18,dgibbs,mva-lazy,1,0,0,599,0,913,5,62,UNSAT
15,18,dgibbs,mva-lazy,4,0,0,505,0,914,4,75,UNSAT
16,18,dgibbs,mva-lazy,177,0,0,31942,0,914,7,72,UNSAT
17,18,dgibbs,mva-lazy,4,0,0,505,0,914,4,82,UNSAT
18,18,dgibbs,mva-lazy,4,0,0,505,0,914,5,64,UNSAT
19,18,dgibbs,mva-lazy,1,0,0,608,0,913,5,49,UNSAT
20,18,dgibbs,mva-lazy,225,0,0,35173,0,914,6,96,UNSAT
21,18,dgibbs,mva-lazy,5,0,0,404,0,915,3,84,UNSAT
22,18,dgibbs,mva-lazy,1,0,0,604,0,913,6,79,UNSAT
23,18,dgibbs,mva-lazy,4,0,0,606,0,913,5,71,UNSAT
24,18,dgibbs,mva-lazy,4,0,0,608,0,913,8,93,UNSAT
25,18,dgibbs,mva-lazy,5,0,0,404,0,915,4,69,UNSAT
26,18,dgibbs,mva-lazy,94,0,0,1419,0,913,7,63,UNSAT
27,18,dgibbs,mva-lazy,149,0,0,35951,0,913,10,107,2403
28,18,dgibbs,mva-lazy,137,0,0,21983,0,913,7,68,1275
29,18,dgibbs,mva-lazy,1,0,0,606,0,914,5,75,UNSAT
