instance.no,param,algorithm,decomposition,PD.NCCCs,PD.smt,PD.wct,PS.NCCCs,PS.nbInMsg,PS.nbOutMsg,PS.smt,PS.wct,cost
0,16,dgibbs,psa,1,16,dgibbs,psa,4,0,1,22494,64756,912,13,119,UNSAT
2,16,dgibbs,psa,4,0,2,29561,64756,912,19,129,UNSAT
3,16,dgibbs,psa,4,0,2,29882,64758,912,18,126,UNSAT
4,16,dgibbs,psa,5,0,1,26665,64758,912,17,123,UNSAT
5,16,dgibbs,psa,0,0,1,22510,64757,912,13,120,UNSAT
6,16,dgibbs,psa,7,0,1,25754,64760,912,17,121,UNSAT
7,16,dgibbs,psa,12,0,2,31473,64756,912,18,135,UNSAT
8,16,dgibbs,psa,6,0,2,32676,64758,912,18,124,UNSAT
9,16,dgibbs,psa,16,0,2,26077,64761,912,18,142,UNSAT
10,16,dgibbs,psa,5,0,2,26258,64758,912,14,134,UNSAT
11,16,dgibbs,psa,3,0,2,19090,64757,912,13,130,UNSAT
12,16,dgibbs,psa,5,0,2,24840,64758,912,13,136,UNSAT
13,16,dgibbs,psa,5,0,2,20454,64759,912,12,131,UNSAT
14,16,dgibbs,psa,8,0,1,33383,64755,912,19,111,UNSAT
15,16,dgibbs,psa,6,0,2,29403,64760,912,18,165,UNSAT
16,16,dgibbs,psa,5,0,1,30542,64759,912,18,110,UNSAT
17,16,dgibbs,psa,3,0,2,31714,64755,912,18,136,UNSAT
18,16,dgibbs,psa,6,0,2,27284,64761,912,18,132,UNSAT
19,16,dgibbs,psa,5,0,1,29886,64756,912,17,131,UNSAT
20,16,dgibbs,psa,3,0,1,26172,64757,912,18,127,UNSAT
21,16,dgibbs,psa,9,0,1,27093,64757,912,18,115,UNSAT
22,16,dgibbs,psa,7,0,2,22154,64755,912,13,155,UNSAT
23,16,dgibbs,psa,0,0,2,21079,64757,912,14,134,UNSAT
24,16,dgibbs,psa,3,0,2,26616,64759,912,14,130,UNSAT
25,16,dgibbs,psa,5,0,2,29060,64756,912,21,150,UNSAT
26,16,dgibbs,psa,5,0,1,35491,64758,912,19,124,UNSAT
27,16,dgibbs,psa,4,0,2,32471,64758,912,17,139,UNSAT
28,16,dgibbs,psa,6,0,2,22821,64759,912,13,150,UNSAT
29,16,dgibbs,psa,4,0,2,36198,64757,912,20,127,UNSAT
