instance.no,param,algorithm,decomposition,PD.NCCCs,PD.smt,PD.wct,PS.NCCCs,PS.nbInMsg,PS.nbOutMsg,PS.smt,PS.wct,cost
0,4,dgibbs,mva-lazy,1,4,dgibbs,mva-lazy,11,0,0,1266,0,913,0,2,UNSAT
2,4,dgibbs,mva-lazy,4,0,0,1288,0,914,1,3,UNSAT
3,4,dgibbs,mva-lazy,11,0,0,899,0,915,1,5,UNSAT
4,4,dgibbs,mva-lazy,3,0,0,1343,0,914,1,6,UNSAT
5,4,dgibbs,mva-lazy,8,0,0,1362,0,913,0,2,UNSAT
6,4,dgibbs,mva-lazy,5,0,0,1233,0,914,1,3,UNSAT
7,4,dgibbs,mva-lazy,5,0,0,1365,0,913,0,2,UNSAT
8,4,dgibbs,mva-lazy,3,0,0,691,0,914,0,3,UNSAT
9,4,dgibbs,mva-lazy,4,0,0,1556,0,913,0,2,UNSAT
10,4,dgibbs,mva-lazy,8,0,0,1294,0,914,1,5,UNSAT
11,4,dgibbs,mva-lazy,5,0,0,1693,0,913,4,8,UNSAT
12,4,dgibbs,mva-lazy,6,0,0,1547,0,913,0,2,UNSAT
13,4,dgibbs,mva-lazy,6,0,0,992,0,914,1,5,UNSAT
14,4,dgibbs,mva-lazy,5,0,0,1727,0,914,2,5,UNSAT
15,4,dgibbs,mva-lazy,6,0,0,1463,0,913,2,5,UNSAT
16,4,dgibbs,mva-lazy,9,0,0,1663,0,913,0,2,UNSAT
17,4,dgibbs,mva-lazy,6,0,0,1766,0,913,0,2,UNSAT
18,4,dgibbs,mva-lazy,5,0,0,1527,0,913,0,2,UNSAT
19,4,dgibbs,mva-lazy,4,0,0,1141,0,914,1,4,UNSAT
20,4,dgibbs,mva-lazy,8,0,0,1696,0,914,0,2,UNSAT
21,4,dgibbs,mva-lazy,6,0,0,692,0,914,0,2,UNSAT
22,4,dgibbs,mva-lazy,6,0,0,1182,0,914,1,4,UNSAT
23,4,dgibbs,mva-lazy,8,0,0,1607,0,913,2,6,56
24,4,dgibbs,mva-lazy,2,0,0,1191,0,914,0,2,UNSAT
25,4,dgibbs,mva-lazy,11,0,0,1493,0,914,2,5,UNSAT
26,4,dgibbs,mva-lazy,4,0,0,1542,0,913,1,3,UNSAT
27,4,dgibbs,mva-lazy,10,0,0,1748,0,913,1,3,UNSAT
28,4,dgibbs,mva-lazy,6,0,0,1340,0,914,0,4,UNSAT
29,4,dgibbs,mva-lazy,6,0,0,1255,0,914,0,2,UNSAT
