instance.no,param,algorithm,decomposition,PD.NCCCs,PD.smt,PD.wct,PS.NCCCs,PS.nbInMsg,PS.nbOutMsg,PS.smt,PS.wct,cost
0,14,dgibbs,mva-lazy,1,14,dgibbs,mva-lazy,9,0,0,3672,0,915,2,17,UNSAT
2,14,dgibbs,mva-lazy,1,0,0,607,0,914,3,25,UNSAT
3,14,dgibbs,mva-lazy,3,0,0,842,0,913,4,25,UNSAT
4,14,dgibbs,mva-lazy,4,0,0,1678,0,913,4,19,UNSAT
5,14,dgibbs,mva-lazy,2,0,0,3797,0,913,4,28,UNSAT
6,14,dgibbs,mva-lazy,4,0,0,505,0,914,3,21,UNSAT
7,14,dgibbs,mva-lazy,4,0,0,3189,0,913,4,27,UNSAT
8,14,dgibbs,mva-lazy,2,0,0,786,0,914,3,22,UNSAT
9,14,dgibbs,mva-lazy,8,0,0,500,0,915,2,37,UNSAT
10,14,dgibbs,mva-lazy,10,0,0,1992,0,914,3,18,UNSAT
11,14,dgibbs,mva-lazy,4,0,0,606,0,913,4,16,UNSAT
12,14,dgibbs,mva-lazy,10,0,0,878,0,914,3,29,UNSAT
13,14,dgibbs,mva-lazy,1,0,0,501,0,914,3,21,UNSAT
14,14,dgibbs,mva-lazy,1,0,0,626,0,914,3,23,UNSAT
15,14,dgibbs,mva-lazy,1,0,0,604,0,914,3,21,UNSAT
16,14,dgibbs,mva-lazy,4,0,0,505,0,914,2,26,UNSAT
17,14,dgibbs,mva-lazy,3,0,0,505,0,914,3,24,UNSAT
18,14,dgibbs,mva-lazy,9,0,0,505,0,914,3,20,UNSAT
19,14,dgibbs,mva-lazy,9,0,0,505,0,914,3,27,UNSAT
20,14,dgibbs,mva-lazy,4,0,0,608,0,913,4,21,UNSAT
21,14,dgibbs,mva-lazy,43,0,0,11466,0,914,4,32,UNSAT
22,14,dgibbs,mva-lazy,1,0,0,507,0,915,2,19,UNSAT
23,14,dgibbs,mva-lazy,3,0,0,558,0,914,3,18,UNSAT
24,14,dgibbs,mva-lazy,9,0,0,404,0,915,2,22,UNSAT
25,14,dgibbs,mva-lazy,4,0,0,505,0,914,3,21,UNSAT
26,14,dgibbs,mva-lazy,4,0,0,606,0,913,4,25,UNSAT
27,14,dgibbs,mva-lazy,2,0,0,505,0,914,2,26,UNSAT
28,14,dgibbs,mva-lazy,1,0,0,723,0,914,3,29,UNSAT
29,14,dgibbs,mva-lazy,4,0,0,606,0,913,3,34,UNSAT
