instance.no,param,algorithm,decomposition,PD.NCCCs,PD.smt,PD.wct,PS.NCCCs,PS.nbInMsg,PS.nbOutMsg,PS.smt,PS.wct,cost
0,6,dgibbs,mva-eager,1,6,dgibbs,mva-eager,14,0,0,2376,0,913,2,5,UNSAT
2,6,dgibbs,mva-eager,14,0,0,1733,0,914,2,5,UNSAT
3,6,dgibbs,mva-eager,8,0,0,1773,0,915,1,5,UNSAT
4,6,dgibbs,mva-eager,13,0,0,1721,0,914,1,4,UNSAT
5,6,dgibbs,mva-eager,9,0,0,2442,0,914,1,3,UNSAT
6,6,dgibbs,mva-eager,4,0,0,1929,0,913,3,6,UNSAT
7,6,dgibbs,mva-eager,15,0,0,2498,0,913,2,4,UNSAT
8,6,dgibbs,mva-eager,6,0,0,2128,0,913,1,5,UNSAT
9,6,dgibbs,mva-eager,19,0,0,2344,0,914,1,3,120
10,6,dgibbs,mva-eager,17,0,0,2008,0,913,1,4,112
11,6,dgibbs,mva-eager,9,0,0,1611,0,914,1,4,UNSAT
12,6,dgibbs,mva-eager,14,0,0,2445,0,913,1,3,UNSAT
13,6,dgibbs,mva-eager,14,0,0,2163,0,914,1,3,UNSAT
14,6,dgibbs,mva-eager,14,0,0,2406,0,913,1,3,UNSAT
15,6,dgibbs,mva-eager,7,0,0,1135,0,914,1,3,UNSAT
16,6,dgibbs,mva-eager,18,0,0,1698,0,915,1,3,147
17,6,dgibbs,mva-eager,13,0,0,1507,0,914,1,4,UNSAT
18,6,dgibbs,mva-eager,20,0,0,1755,0,913,1,5,UNSAT
19,6,dgibbs,mva-eager,11,0,0,2059,0,914,1,3,140
20,6,dgibbs,mva-eager,21,0,0,1657,0,914,2,6,UNSAT
21,6,dgibbs,mva-eager,16,0,0,2223,0,914,1,3,UNSAT
22,6,dgibbs,mva-eager,3,0,0,2077,0,914,2,7,UNSAT
23,6,dgibbs,mva-eager,4,0,0,1328,0,913,1,3,UNSAT
24,6,dgibbs,mva-eager,14,0,0,3748,0,913,1,5,68
25,6,dgibbs,mva-eager,17,0,0,1754,0,913,2,4,UNSAT
26,6,dgibbs,mva-eager,4,0,0,2031,0,913,1,3,UNSAT
27,6,dgibbs,mva-eager,4,0,0,1232,0,913,2,5,UNSAT
28,6,dgibbs,mva-eager,14,0,0,1066,0,913,2,4,UNSAT
29,6,dgibbs,mva-eager,12,0,0,2110,0,913,1,4,UNSAT
