instance.no,param,algorithm,decomposition,PD.NCCCs,PD.smt,PD.wct,PS.NCCCs,PS.nbInMsg,PS.nbOutMsg,PS.smt,PS.wct,cost
0,14,dgibbs,psa,1,14,dgibbs,psa,7,0,1,16663,50088,912,9,81,UNSAT
2,14,dgibbs,psa,6,0,1,18672,50087,912,11,88,UNSAT
3,14,dgibbs,psa,5,0,1,30303,50084,912,16,91,UNSAT
4,14,dgibbs,psa,5,0,1,21808,50086,912,14,82,UNSAT
5,14,dgibbs,psa,5,0,1,28326,50084,912,16,88,UNSAT
6,14,dgibbs,psa,4,0,1,20588,50084,912,13,83,UNSAT
7,14,dgibbs,psa,3,0,1,31413,50087,912,14,97,UNSAT
8,14,dgibbs,psa,7,0,1,32935,50084,912,11,90,UNSAT
9,14,dgibbs,psa,5,0,1,20454,50087,912,10,106,UNSAT
10,14,dgibbs,psa,3,0,1,24008,50086,912,10,83,UNSAT
11,14,dgibbs,psa,4,0,1,28185,50085,912,15,82,UNSAT
12,14,dgibbs,psa,6,0,1,18389,50084,912,10,92,UNSAT
13,14,dgibbs,psa,5,0,1,17269,50085,912,10,88,UNSAT
14,14,dgibbs,psa,5,0,1,23499,50086,912,11,89,UNSAT
15,14,dgibbs,psa,6,0,1,15255,50090,912,9,86,UNSAT
16,14,dgibbs,psa,8,0,1,19270,50086,912,11,87,UNSAT
17,14,dgibbs,psa,4,0,1,24754,50086,912,10,85,UNSAT
18,14,dgibbs,psa,6,0,1,20251,50087,912,11,83,UNSAT
19,14,dgibbs,psa,7,0,1,22354,50086,912,11,94,UNSAT
20,14,dgibbs,psa,3,0,1,25464,50085,912,16,95,UNSAT
21,14,dgibbs,psa,5,0,1,22818,50085,912,9,95,596
22,14,dgibbs,psa,5,0,1,17662,50084,912,10,86,UNSAT
23,14,dgibbs,psa,9,0,1,19235,50084,912,10,85,UNSAT
24,14,dgibbs,psa,6,0,1,18186,50087,912,9,89,UNSAT
25,14,dgibbs,psa,3,0,1,31425,50085,912,15,84,UNSAT
26,14,dgibbs,psa,5,0,1,27623,50085,912,15,88,UNSAT
27,14,dgibbs,psa,6,0,1,19679,50086,912,11,88,UNSAT
28,14,dgibbs,psa,4,0,1,22973,50084,912,10,96,UNSAT
29,14,dgibbs,psa,8,0,1,26601,50087,912,14,105,UNSAT
