instance.no,param,algorithm,decomposition,PD.NCCCs,PD.smt,PD.wct,PS.NCCCs,PS.nbInMsg,PS.nbOutMsg,PS.smt,PS.wct,cost
0,10,dgibbs,mva-lazy,1,10,dgibbs,mva-lazy,40,0,0,2789,0,914,1,7,UNSAT
2,10,dgibbs,mva-lazy,2,0,0,734,0,913,3,11,UNSAT
3,10,dgibbs,mva-lazy,23,0,0,1296,0,914,2,7,UNSAT
4,10,dgibbs,mva-lazy,53,0,0,2800,0,913,2,11,UNSAT
5,10,dgibbs,mva-lazy,4,0,0,1253,0,914,4,9,UNSAT
6,10,dgibbs,mva-lazy,3,0,0,991,0,914,2,10,UNSAT
7,10,dgibbs,mva-lazy,3,0,0,855,0,914,2,12,UNSAT
8,10,dgibbs,mva-lazy,2,0,0,546,0,913,2,9,UNSAT
9,10,dgibbs,mva-lazy,5,0,0,1612,0,914,2,6,UNSAT
10,10,dgibbs,mva-lazy,4,0,0,1701,0,913,2,9,UNSAT
11,10,dgibbs,mva-lazy,4,0,0,798,0,914,1,8,UNSAT
12,10,dgibbs,mva-lazy,4,0,0,1331,0,913,3,7,UNSAT
13,10,dgibbs,mva-lazy,4,0,0,1850,0,913,2,7,UNSAT
14,10,dgibbs,mva-lazy,24,0,0,949,0,913,3,8,UNSAT
15,10,dgibbs,mva-lazy,8,0,0,840,0,915,1,7,UNSAT
16,10,dgibbs,mva-lazy,51,0,0,967,0,914,2,10,UNSAT
17,10,dgibbs,mva-lazy,4,0,0,860,0,914,2,9,UNSAT
18,10,dgibbs,mva-lazy,1,0,0,782,0,914,2,10,UNSAT
19,10,dgibbs,mva-lazy,4,0,0,1065,0,914,2,14,UNSAT
20,10,dgibbs,mva-lazy,17,0,0,1122,0,913,3,10,UNSAT
21,10,dgibbs,mva-lazy,2,0,0,612,0,914,1,8,UNSAT
22,10,dgibbs,mva-lazy,2,0,0,641,0,914,1,8,UNSAT
23,10,dgibbs,mva-lazy,2,0,0,3951,0,914,3,9,UNSAT
24,10,dgibbs,mva-lazy,60,0,0,3554,0,915,2,12,UNSAT
25,10,dgibbs,mva-lazy,16,0,0,1702,0,913,2,9,UNSAT
26,10,dgibbs,mva-lazy,4,0,0,592,0,914,2,10,UNSAT
27,10,dgibbs,mva-lazy,2,0,0,754,0,914,3,8,UNSAT
28,10,dgibbs,mva-lazy,4,0,0,673,0,914,2,9,UNSAT
29,10,dgibbs,mva-lazy,1,0,0,674,0,914,2,8,UNSAT
