instance.no,param,algorithm,decomposition,PD.NCCCs,PD.smt,PD.wct,PS.NCCCs,PS.nbInMsg,PS.nbOutMsg,PS.smt,PS.wct,cost
0,16,dgibbs,mva-eager,1,16,dgibbs,mva-eager,1,0,0,202,0,914,3,33,UNSAT
2,16,dgibbs,mva-eager,4,0,0,799,0,913,5,46,UNSAT
3,16,dgibbs,mva-eager,4,0,0,606,0,913,5,47,UNSAT
4,16,dgibbs,mva-eager,4,0,0,606,0,913,5,37,UNSAT
5,16,dgibbs,mva-eager,1,0,0,598,0,914,3,40,UNSAT
6,16,dgibbs,mva-eager,4,0,0,505,0,914,3,36,UNSAT
7,16,dgibbs,mva-eager,4,0,0,603,0,913,4,43,UNSAT
8,16,dgibbs,mva-eager,4,0,0,606,0,913,4,43,UNSAT
9,16,dgibbs,mva-eager,4,0,0,505,0,914,4,52,UNSAT
10,16,dgibbs,mva-eager,1,0,0,4965,0,914,4,50,UNSAT
11,16,dgibbs,mva-eager,1,0,0,505,0,914,4,42,UNSAT
12,16,dgibbs,mva-eager,5,0,0,505,0,914,3,48,UNSAT
13,16,dgibbs,mva-eager,49,0,0,16726,0,914,4,44,UNSAT
14,16,dgibbs,mva-eager,4,0,0,709,0,913,5,27,UNSAT
15,16,dgibbs,mva-eager,4,0,0,606,0,913,5,47,UNSAT
16,16,dgibbs,mva-eager,2,0,0,606,0,913,4,28,UNSAT
17,16,dgibbs,mva-eager,4,0,0,505,0,914,4,51,UNSAT
18,16,dgibbs,mva-eager,2,0,0,759,0,914,4,50,UNSAT
19,16,dgibbs,mva-eager,2,0,0,606,0,913,4,37,UNSAT
20,16,dgibbs,mva-eager,4,0,0,706,0,913,6,46,UNSAT
21,16,dgibbs,mva-eager,1,0,0,306,0,913,5,33,UNSAT
22,16,dgibbs,mva-eager,2,0,0,505,0,914,3,49,UNSAT
23,16,dgibbs,mva-eager,149,0,0,11723,0,914,5,50,UNSAT
24,16,dgibbs,mva-eager,4,0,0,505,0,914,3,45,UNSAT
25,16,dgibbs,mva-eager,2,0,0,15778,0,913,7,60,UNSAT
26,16,dgibbs,mva-eager,1,0,0,303,0,913,5,39,UNSAT
27,16,dgibbs,mva-eager,4,0,0,606,0,913,4,51,UNSAT
28,16,dgibbs,mva-eager,4,0,0,505,0,914,5,64,UNSAT
29,16,dgibbs,mva-eager,4,0,0,8007,0,914,5,37,UNSAT
