instance.no,param,algorithm,decomposition,PD.NCCCs,PD.smt,PD.wct,PS.NCCCs,PS.nbInMsg,PS.nbOutMsg,PS.smt,PS.wct,cost
0,18,dgibbs,psa,1,18,dgibbs,psa,6,0,3,25573,81878,912,17,221,UNSAT
2,18,dgibbs,psa,5,0,3,32357,81879,912,23,212,UNSAT
3,18,dgibbs,psa,8,0,2,31692,81876,912,25,167,UNSAT
4,18,dgibbs,psa,0,0,3,32976,81878,912,21,219,UNSAT
5,18,dgibbs,psa,0,0,3,38099,81876,912,25,198,UNSAT
6,18,dgibbs,psa,4,0,3,24068,81877,912,16,197,UNSAT
7,18,dgibbs,psa,6,0,2,38686,81877,912,23,188,UNSAT
8,18,dgibbs,psa,6,0,2,27754,81876,912,16,166,UNSAT
9,18,dgibbs,psa,0,0,3,35991,81877,912,23,190,UNSAT
10,18,dgibbs,psa,5,0,3,22945,81878,912,16,194,UNSAT
11,18,dgibbs,psa,8,0,3,24636,81878,912,16,196,UNSAT
12,18,dgibbs,psa,6,0,3,29388,81877,912,24,199,UNSAT
13,18,dgibbs,psa,6,0,2,23825,81876,912,17,174,UNSAT
14,18,dgibbs,psa,4,0,2,31433,81877,912,22,180,UNSAT
15,18,dgibbs,psa,5,0,3,33232,81877,912,23,194,UNSAT
16,18,dgibbs,psa,7,0,2,37821,81878,912,24,188,UNSAT
17,18,dgibbs,psa,7,0,3,30262,81878,912,20,192,UNSAT
18,18,dgibbs,psa,6,0,2,23754,81876,912,16,190,UNSAT
19,18,dgibbs,psa,4,0,2,31320,81878,912,23,156,UNSAT
20,18,dgibbs,psa,4,0,3,34883,81879,912,23,222,UNSAT
21,18,dgibbs,psa,0,0,3,26311,81877,912,15,204,UNSAT
22,18,dgibbs,psa,4,0,3,37074,81878,912,23,195,UNSAT
23,18,dgibbs,psa,8,0,2,34277,81875,912,24,182,UNSAT
24,18,dgibbs,psa,9,0,3,35832,81876,912,23,214,UNSAT
25,18,dgibbs,psa,3,0,2,22725,81877,912,15,183,UNSAT
26,18,dgibbs,psa,6,0,2,32010,81878,912,23,175,UNSAT
27,18,dgibbs,psa,0,0,3,29381,81878,912,23,224,2403
28,18,dgibbs,psa,0,0,2,34101,81877,912,25,177,UNSAT
29,18,dgibbs,psa,3,0,3,25211,81875,912,17,199,UNSAT
