instance.no,param,algorithm,decomposition,PD.NCCCs,PD.smt,PD.wct,PS.NCCCs,PS.nbInMsg,PS.nbOutMsg,PS.smt,PS.wct,cost
0,10,dgibbs,psa,1,10,dgibbs,psa,6,0,1,13699,25638,912,11,66,UNSAT
2,10,dgibbs,psa,3,0,1,20388,25636,912,12,54,UNSAT
3,10,dgibbs,psa,5,0,1,16664,25640,912,8,48,UNSAT
4,10,dgibbs,psa,4,0,1,20035,25638,912,9,42,UNSAT
5,10,dgibbs,psa,4,0,0,11488,25637,912,5,38,UNSAT
6,10,dgibbs,psa,4,0,1,14782,25638,912,7,45,UNSAT
7,10,dgibbs,psa,5,0,0,17061,25636,912,6,40,UNSAT
8,10,dgibbs,psa,3,0,0,16374,25637,912,9,39,UNSAT
9,10,dgibbs,psa,6,0,1,14562,25635,912,7,46,UNSAT
10,10,dgibbs,psa,4,0,0,22056,25638,912,9,41,UNSAT
11,10,dgibbs,psa,3,0,0,13218,25638,912,5,39,UNSAT
12,10,dgibbs,psa,5,0,1,16680,25638,912,14,62,UNSAT
13,10,dgibbs,psa,4,0,1,17922,25638,912,11,52,UNSAT
14,10,dgibbs,psa,4,0,1,14746,25636,912,15,62,UNSAT
15,10,dgibbs,psa,5,0,1,19100,25640,912,7,53,UNSAT
16,10,dgibbs,psa,5,0,1,20320,25638,912,13,67,343
17,10,dgibbs,psa,4,0,1,16665,25637,912,8,52,UNSAT
18,10,dgibbs,psa,4,0,1,13356,25636,912,7,46,UNSAT
19,10,dgibbs,psa,4,0,1,18840,25637,912,9,61,UNSAT
20,10,dgibbs,psa,4,0,1,16680,25638,912,10,50,UNSAT
21,10,dgibbs,psa,4,0,1,10829,25638,912,6,49,UNSAT
22,10,dgibbs,psa,6,0,0,18436,25636,912,8,41,UNSAT
23,10,dgibbs,psa,4,0,1,20574,25637,912,12,55,UNSAT
24,10,dgibbs,psa,5,0,1,12392,25639,912,7,47,309
25,10,dgibbs,psa,3,0,0,17714,25637,912,8,42,UNSAT
26,10,dgibbs,psa,3,0,1,22395,25635,912,13,58,UNSAT
27,10,dgibbs,psa,4,0,1,15380,25638,912,7,49,UNSAT
28,10,dgibbs,psa,4,0,1,16473,25635,912,8,53,UNSAT
29,10,dgibbs,psa,3,0,1,12642,25637,912,6,47,UNSAT
