instance.no,param,algorithm,decomposition,PD.NCCCs,PD.smt,PD.wct,PS.NCCCs,PS.nbInMsg,PS.nbOutMsg,PS.smt,PS.wct,cost
0,12,dgibbs,mva-eager,1,12,dgibbs,mva-eager,35,0,0,4463,0,913,4,14,484
2,12,dgibbs,mva-eager,4,0,0,635,0,913,3,17,UNSAT
3,12,dgibbs,mva-eager,4,0,0,604,0,913,3,21,UNSAT
4,12,dgibbs,mva-eager,4,0,0,608,0,913,3,9,UNSAT
5,12,dgibbs,mva-eager,4,0,0,503,0,914,2,11,UNSAT
6,12,dgibbs,mva-eager,1,0,0,1105,0,914,2,18,UNSAT
7,12,dgibbs,mva-eager,4,0,0,605,0,913,3,13,UNSAT
8,12,dgibbs,mva-eager,9,0,0,605,0,915,2,15,UNSAT
9,12,dgibbs,mva-eager,4,0,0,1384,0,913,5,12,UNSAT
10,12,dgibbs,mva-eager,5,0,0,1373,0,914,2,11,UNSAT
11,12,dgibbs,mva-eager,4,0,0,616,0,914,2,13,UNSAT
12,12,dgibbs,mva-eager,4,0,0,651,0,913,3,16,UNSAT
13,12,dgibbs,mva-eager,1,0,0,882,0,914,2,13,UNSAT
14,12,dgibbs,mva-eager,8,0,0,745,0,914,3,13,UNSAT
15,12,dgibbs,mva-eager,6,0,0,604,0,914,2,13,UNSAT
16,12,dgibbs,mva-eager,4,0,0,622,0,914,2,17,UNSAT
17,12,dgibbs,mva-eager,4,0,0,608,0,913,3,14,UNSAT
18,12,dgibbs,mva-eager,2,0,0,503,0,914,2,10,UNSAT
19,12,dgibbs,mva-eager,42,0,0,1229,0,914,3,17,UNSAT
20,12,dgibbs,mva-eager,1,0,0,674,0,914,2,14,UNSAT
21,12,dgibbs,mva-eager,4,0,0,606,0,913,3,14,UNSAT
22,12,dgibbs,mva-eager,4,0,0,606,0,913,3,12,UNSAT
23,12,dgibbs,mva-eager,1,0,0,532,0,914,2,15,UNSAT
24,12,dgibbs,mva-eager,4,0,0,638,0,913,4,13,UNSAT
25,12,dgibbs,mva-eager,4,0,0,505,0,914,3,18,UNSAT
26,12,dgibbs,mva-eager,3,0,0,606,0,914,3,14,UNSAT
27,12,dgibbs,mva-eager,4,0,0,757,0,913,3,9,UNSAT
28,12,dgibbs,mva-eager,3,0,0,505,0,914,2,17,UNSAT
29,12,dgibbs,mva-eager,11,0,0,652,0,914,2,14,UNSAT
