instance.no,param,algorithm,decomposition,PD.NCCCs,PD.smt,PD.wct,PS.NCCCs,PS.nbInMsg,PS.nbOutMsg,PS.smt,PS.wct,cost
0,6,dgibbs,mva-lazy,1,6,dgibbs,mva-lazy,9,0,0,1226,0,913,2,4,UNSAT
2,6,dgibbs,mva-lazy,10,0,0,1770,0,914,1,3,UNSAT
3,6,dgibbs,mva-lazy,17,0,0,1665,0,915,1,7,UNSAT
4,6,dgibbs,mva-lazy,4,0,0,2007,0,914,1,4,UNSAT
5,6,dgibbs,mva-lazy,14,0,0,2438,0,914,1,3,UNSAT
6,6,dgibbs,mva-lazy,10,0,0,2110,0,913,2,7,UNSAT
7,6,dgibbs,mva-lazy,11,0,0,2814,0,913,4,9,UNSAT
8,6,dgibbs,mva-lazy,12,0,0,2638,0,913,2,6,66
9,6,dgibbs,mva-lazy,9,0,0,2549,0,914,1,3,UNSAT
10,6,dgibbs,mva-lazy,9,0,0,2086,0,913,1,3,UNSAT
11,6,dgibbs,mva-lazy,12,0,0,1611,0,914,1,4,UNSAT
12,6,dgibbs,mva-lazy,18,0,0,3069,0,913,2,5,UNSAT
13,6,dgibbs,mva-lazy,12,0,0,2325,0,914,1,3,UNSAT
14,6,dgibbs,mva-lazy,15,0,0,1718,0,913,3,5,UNSAT
15,6,dgibbs,mva-lazy,4,0,0,1297,0,914,2,7,UNSAT
16,6,dgibbs,mva-lazy,5,0,0,1833,0,915,0,3,UNSAT
17,6,dgibbs,mva-lazy,9,0,0,1577,0,914,1,4,UNSAT
18,6,dgibbs,mva-lazy,7,0,0,1613,0,913,2,4,UNSAT
19,6,dgibbs,mva-lazy,4,0,0,2214,0,914,2,5,164
20,6,dgibbs,mva-lazy,12,0,0,1700,0,914,2,6,UNSAT
21,6,dgibbs,mva-lazy,12,0,0,2241,0,914,1,3,UNSAT
22,6,dgibbs,mva-lazy,14,0,0,2081,0,914,1,4,UNSAT
23,6,dgibbs,mva-lazy,17,0,0,1540,0,913,2,5,UNSAT
24,6,dgibbs,mva-lazy,4,0,0,3167,0,913,3,5,56
25,6,dgibbs,mva-lazy,13,0,0,2326,0,913,1,3,130
26,6,dgibbs,mva-lazy,10,0,0,1844,0,913,2,4,UNSAT
27,6,dgibbs,mva-lazy,21,0,0,1097,0,913,2,5,UNSAT
28,6,dgibbs,mva-lazy,2,0,0,945,0,913,1,4,UNSAT
29,6,dgibbs,mva-lazy,16,0,0,2147,0,913,1,3,UNSAT
