instance.no,param,algorithm,decomposition,PD.NCCCs,PD.smt,PD.wct,PS.NCCCs,PS.nbInMsg,PS.nbOutMsg,PS.smt,PS.wct,cost
0,16,dgibbs,mva-lazy,1,16,dgibbs,mva-lazy,1,0,0,202,0,914,3,38,UNSAT
2,16,dgibbs,mva-lazy,4,0,0,943,0,913,5,42,UNSAT
3,16,dgibbs,mva-lazy,4,0,0,712,0,913,5,41,UNSAT
4,16,dgibbs,mva-lazy,4,0,0,606,0,913,5,37,UNSAT
5,16,dgibbs,mva-lazy,1,0,0,606,0,914,3,37,UNSAT
6,16,dgibbs,mva-lazy,4,0,0,505,0,914,3,43,UNSAT
7,16,dgibbs,mva-lazy,2,0,0,601,0,913,4,50,UNSAT
8,16,dgibbs,mva-lazy,1,0,0,606,0,913,4,43,UNSAT
9,16,dgibbs,mva-lazy,0,0,0,503,0,914,4,52,UNSAT
10,16,dgibbs,mva-lazy,54,0,0,5079,0,914,4,43,UNSAT
11,16,dgibbs,mva-lazy,9,0,0,505,0,914,4,37,UNSAT
12,16,dgibbs,mva-lazy,8,0,0,505,0,914,3,47,UNSAT
13,16,dgibbs,mva-lazy,57,0,0,16608,0,914,5,46,UNSAT
14,16,dgibbs,mva-lazy,4,0,0,707,0,913,4,23,UNSAT
15,16,dgibbs,mva-lazy,2,0,0,606,0,913,5,43,UNSAT
16,16,dgibbs,mva-lazy,2,0,0,606,0,913,4,22,UNSAT
17,16,dgibbs,mva-lazy,2,0,0,505,0,914,4,46,UNSAT
18,16,dgibbs,mva-lazy,4,0,0,595,0,914,4,48,UNSAT
19,16,dgibbs,mva-lazy,4,0,0,605,0,913,4,38,UNSAT
20,16,dgibbs,mva-lazy,4,0,0,709,0,913,6,45,UNSAT
21,16,dgibbs,mva-lazy,1,0,0,102,0,913,5,33,UNSAT
22,16,dgibbs,mva-lazy,4,0,0,505,0,914,3,51,UNSAT
23,16,dgibbs,mva-lazy,109,0,0,16291,0,914,5,51,UNSAT
24,16,dgibbs,mva-lazy,4,0,0,505,0,914,3,46,UNSAT
25,16,dgibbs,mva-lazy,214,0,0,15534,0,913,7,63,UNSAT
26,16,dgibbs,mva-lazy,2,0,0,605,0,913,5,39,UNSAT
27,16,dgibbs,mva-lazy,2,0,0,606,0,913,4,47,UNSAT
28,16,dgibbs,mva-lazy,4,0,0,505,0,914,5,60,UNSAT
29,16,dgibbs,mva-lazy,4,0,0,9527,0,914,5,41,UNSAT
