instance.no,param,algorithm,decomposition,PD.NCCCs,PD.smt,PD.wct,PS.NCCCs,PS.nbInMsg,PS.nbOutMsg,PS.smt,PS.wct,cost
0,10,dgibbs,mva-eager,1,10,dgibbs,mva-eager,20,0,0,3149,0,914,2,11,UNSAT
2,10,dgibbs,mva-eager,4,0,0,676,0,913,2,8,UNSAT
3,10,dgibbs,mva-eager,4,0,0,1051,0,914,2,8,UNSAT
4,10,dgibbs,mva-eager,4,0,0,2749,0,913,3,12,UNSAT
5,10,dgibbs,mva-eager,2,0,0,1557,0,914,2,6,UNSAT
6,10,dgibbs,mva-eager,9,0,0,1383,0,914,2,11,UNSAT
7,10,dgibbs,mva-eager,1,0,0,719,0,914,2,7,UNSAT
8,10,dgibbs,mva-eager,6,0,0,818,0,913,3,7,UNSAT
9,10,dgibbs,mva-eager,8,0,0,1611,0,914,2,6,UNSAT
10,10,dgibbs,mva-eager,28,0,0,1544,0,913,2,8,UNSAT
11,10,dgibbs,mva-eager,4,0,0,800,0,914,1,7,UNSAT
12,10,dgibbs,mva-eager,30,0,0,911,0,913,2,7,UNSAT
13,10,dgibbs,mva-eager,4,0,0,1853,0,913,2,7,UNSAT
14,10,dgibbs,mva-eager,4,0,0,1072,0,913,2,7,UNSAT
15,10,dgibbs,mva-eager,5,0,0,767,0,915,1,7,UNSAT
16,10,dgibbs,mva-eager,4,0,0,2621,0,914,1,7,UNSAT
17,10,dgibbs,mva-eager,4,0,0,1034,0,914,2,7,UNSAT
18,10,dgibbs,mva-eager,1,0,0,747,0,914,2,7,UNSAT
19,10,dgibbs,mva-eager,4,0,0,1172,0,914,2,9,UNSAT
20,10,dgibbs,mva-eager,17,0,0,1203,0,913,2,7,UNSAT
21,10,dgibbs,mva-eager,48,0,0,829,0,914,2,8,UNSAT
22,10,dgibbs,mva-eager,2,0,0,718,0,914,1,6,UNSAT
23,10,dgibbs,mva-eager,4,0,0,3820,0,914,2,7,UNSAT
24,10,dgibbs,mva-eager,40,0,0,3217,0,915,1,7,UNSAT
25,10,dgibbs,mva-eager,14,0,0,1954,0,913,2,7,UNSAT
26,10,dgibbs,mva-eager,4,0,0,623,0,914,1,7,UNSAT
27,10,dgibbs,mva-eager,32,0,0,948,0,914,2,6,UNSAT
28,10,dgibbs,mva-eager,4,0,0,630,0,914,1,7,UNSAT
29,10,dgibbs,mva-eager,4,0,0,994,0,914,2,7,UNSAT
