instance.no,param,algorithm,decomposition,PD.NCCCs,PD.smt,PD.wct,PS.NCCCs,PS.nbInMsg,PS.nbOutMsg,PS.smt,PS.wct,cost
0,0.8,dgibbs,mva-lazy,8,0,0,1458,0,914,2,6,UNSAT
1,0.8,dgibbs,mva-lazy,13,0,0,2873,0,913,2,5,UNSAT
2,0.8,dgibbs,mva-lazy,12,0,0,2306,0,914,2,6,UNSAT
3,0.8,dgibbs,mva-lazy,8,0,0,2488,0,914,1,4,UNSAT
4,0.8,dgibbs,mva-lazy,9,0,0,1361,0,914,2,7,UNSAT
5,0.8,dgibbs,mva-lazy,12,0,0,996,0,914,1,5,UNSAT
6,0.8,dgibbs,mva-lazy,8,0,0,2809,0,913,1,4,UNSAT
7,0.8,dgibbs,mva-lazy,9,0,0,1452,0,913,1,4,UNSAT
8,0.8,dgibbs,mva-lazy,10,0,0,2100,0,914,1,4,UNSAT
9,0.8,dgibbs,mva-lazy,7,0,0,1428,0,914,1,3,UNSAT
10,0.8,dgibbs,mva-lazy,3,0,0,1520,0,914,1,4,UNSAT
11,0.8,dgibbs,mva-lazy,10,0,0,2262,0,914,1,5,UNSAT
12,0.8,dgibbs,mva-lazy,10,0,0,1778,0,913,2,8,UNSAT
13,0.8,dgibbs,mva-lazy,16,0,0,2052,0,914,1,4,UNSAT
14,0.8,dgibbs,mva-lazy,4,0,0,2112,0,913,1,5,UNSAT
15,0.8,dgibbs,mva-lazy,5,0,0,1516,0,914,2,8,UNSAT
16,0.8,dgibbs,mva-lazy,10,0,0,2048,0,913,1,4,UNSAT
17,0.8,dgibbs,mva-lazy,16,0,0,2344,0,914,1,7,UNSAT
18,0.8,dgibbs,mva-lazy,15,0,0,2247,0,913,1,7,UNSAT
19,0.8,dgibbs,mva-lazy,10,0,0,1985,0,914,1,4,UNSAT
20,0.8,dgibbs,mva-lazy,4,0,0,3724,0,913,2,5,UNSAT
21,0.8,dgibbs,mva-lazy,13,0,0,1100,0,915,1,8,UNSAT
22,0.8,dgibbs,mva-lazy,25,0,0,2250,0,914,1,4,UNSAT
23,0.8,dgibbs,mva-lazy,6,0,0,2110,0,913,1,3,UNSAT
24,0.8,dgibbs,mva-lazy,4,0,0,2051,0,913,1,5,UNSAT
25,0.8,dgibbs,mva-lazy,11,0,0,1585,0,914,2,9,UNSAT
26,0.8,dgibbs,mva-lazy,11,0,0,1650,0,914,1,5,UNSAT
27,0.8,dgibbs,mva-lazy,9,0,0,2361,0,914,1,4,UNSAT
28,0.8,dgibbs,mva-lazy,9,0,0,1132,0,913,1,4,UNSAT
29,0.8,dgibbs,mva-lazy,9,0,0,2211,0,913,1,4,UNSAT
