instance.no,param,algorithm,decomposition,PD.NCCCs,PD.smt,PD.wct,PS.NCCCs,PS.nbInMsg,PS.nbOutMsg,PS.smt,PS.wct,cost
0,0.5,dgibbs,mva-lazy,8,0,0,1261,0,914,1,4,UNSAT
1,0.5,dgibbs,mva-lazy,11,0,0,1759,0,914,1,3,UNSAT
2,0.5,dgibbs,mva-lazy,14,0,0,2458,0,914,2,6,UNSAT
3,0.5,dgibbs,mva-lazy,6,0,0,1733,0,913,2,4,UNSAT
4,0.5,dgibbs,mva-lazy,1,0,0,1218,0,914,2,6,UNSAT
5,0.5,dgibbs,mva-lazy,2,0,0,1006,0,913,1,3,UNSAT
6,0.5,dgibbs,mva-lazy,13,0,0,2592,0,913,2,4,UNSAT
7,0.5,dgibbs,mva-lazy,12,0,0,2016,0,913,1,3,UNSAT
8,0.5,dgibbs,mva-lazy,13,0,0,3559,0,913,1,3,139
9,0.5,dgibbs,mva-lazy,27,0,0,2366,0,913,4,6,UNSAT
10,0.5,dgibbs,mva-lazy,19,0,0,1760,0,914,3,6,UNSAT
11,0.5,dgibbs,mva-lazy,8,0,0,1898,0,913,3,8,UNSAT
12,0.5,dgibbs,mva-lazy,2,0,0,2543,0,913,2,6,UNSAT
13,0.5,dgibbs,mva-lazy,27,0,0,1694,0,914,1,3,UNSAT
14,0.5,dgibbs,mva-lazy,4,0,0,2410,0,914,2,5,UNSAT
15,0.5,dgibbs,mva-lazy,14,0,0,3184,0,913,3,5,10
16,0.5,dgibbs,mva-lazy,7,0,0,1585,0,913,1,3,UNSAT
17,0.5,dgibbs,mva-lazy,11,0,0,1288,0,915,1,6,UNSAT
18,0.5,dgibbs,mva-lazy,11,0,0,1489,0,914,3,7,UNSAT
19,0.5,dgibbs,mva-lazy,14,0,0,2357,0,914,1,3,121
20,0.5,dgibbs,mva-lazy,17,0,0,2408,0,913,1,3,UNSAT
21,0.5,dgibbs,mva-lazy,12,0,0,1425,0,915,0,3,UNSAT
22,0.5,dgibbs,mva-lazy,8,0,0,1592,0,914,3,6,UNSAT
23,0.5,dgibbs,mva-lazy,22,0,0,3175,0,913,1,3,UNSAT
24,0.5,dgibbs,mva-lazy,13,0,0,1677,0,914,1,3,UNSAT
25,0.5,dgibbs,mva-lazy,12,0,0,1087,0,914,2,5,UNSAT
26,0.5,dgibbs,mva-lazy,16,0,0,2414,0,914,1,3,UNSAT
27,0.5,dgibbs,mva-lazy,23,0,0,3239,0,913,1,3,UNSAT
28,0.5,dgibbs,mva-lazy,12,0,0,2329,0,914,1,3,UNSAT
29,0.5,dgibbs,mva-lazy,12,0,0,2950,0,914,1,3,UNSAT
