instance.no,param,algorithm,decomposition,PD.NCCCs,PD.smt,PD.wct,PS.NCCCs,PS.nbInMsg,PS.nbOutMsg,PS.smt,PS.wct,cost
0,0.7,dgibbs,mva-lazy,14,0,0,2937,0,913,1,3,UNSAT
1,0.7,dgibbs,mva-lazy,16,0,0,1948,0,914,1,3,UNSAT
2,0.7,dgibbs,mva-lazy,16,0,0,3206,0,913,1,3,71
3,0.7,dgibbs,mva-lazy,7,0,0,1345,0,914,1,3,UNSAT
4,0.7,dgibbs,mva-lazy,20,0,0,3045,0,913,1,3,83
5,0.7,dgibbs,mva-lazy,10,0,0,2015,0,915,1,3,UNSAT
6,0.7,dgibbs,mva-lazy,7,0,0,1714,0,914,2,9,UNSAT
7,0.7,dgibbs,mva-lazy,11,0,0,2972,0,913,1,3,UNSAT
8,0.7,dgibbs,mva-lazy,11,0,0,1562,0,915,1,8,UNSAT
9,0.7,dgibbs,mva-lazy,18,0,0,3035,0,914,2,6,UNSAT
10,0.7,dgibbs,mva-lazy,18,0,0,2761,0,913,1,3,UNSAT
11,0.7,dgibbs,mva-lazy,20,0,0,3048,0,914,1,4,UNSAT
12,0.7,dgibbs,mva-lazy,13,0,0,3191,0,913,1,4,UNSAT
13,0.7,dgibbs,mva-lazy,20,0,0,2519,0,914,1,4,UNSAT
14,0.7,dgibbs,mva-lazy,15,0,0,2981,0,913,1,6,UNSAT
15,0.7,dgibbs,mva-lazy,4,0,0,2185,0,914,1,4,UNSAT
16,0.7,dgibbs,mva-lazy,14,0,0,1777,0,913,1,7,UNSAT
17,0.7,dgibbs,mva-lazy,7,0,0,2479,0,914,1,4,UNSAT
18,0.7,dgibbs,mva-lazy,18,0,0,2032,0,915,1,6,UNSAT
19,0.7,dgibbs,mva-lazy,12,0,0,1923,0,914,2,7,UNSAT
20,0.7,dgibbs,mva-lazy,6,0,0,1410,0,914,1,3,UNSAT
21,0.7,dgibbs,mva-lazy,8,0,0,1727,0,913,1,4,UNSAT
22,0.7,dgibbs,mva-lazy,15,0,0,2755,0,914,1,4,UNSAT
23,0.7,dgibbs,mva-lazy,12,0,0,1695,0,914,2,9,UNSAT
24,0.7,dgibbs,mva-lazy,12,0,0,2567,0,913,2,7,UNSAT
25,0.7,dgibbs,mva-lazy,14,0,0,1959,0,914,1,5,UNSAT
26,0.7,dgibbs,mva-lazy,11,0,0,2354,0,914,1,3,UNSAT
27,0.7,dgibbs,mva-lazy,6,0,0,1846,0,914,1,3,UNSAT
28,0.7,dgibbs,mva-lazy,14,0,0,1489,0,914,2,6,UNSAT
29,0.7,dgibbs,mva-lazy,6,0,0,1471,0,914,1,4,UNSAT
