instance.no,param,algorithm,decomposition,PD.NCCCs,PD.smt,PD.wct,PS.NCCCs,PS.nbInMsg,PS.nbOutMsg,PS.smt,PS.wct,cost
0,0.9,dgibbs,mva-eager,10,0,0,1858,0,913,1,6,59
1,0.9,dgibbs,mva-eager,7,0,0,1712,0,913,1,6,UNSAT
2,0.9,dgibbs,mva-eager,8,0,0,1706,0,913,1,5,UNSAT
3,0.9,dgibbs,mva-eager,4,0,0,1109,0,915,0,5,UNSAT
4,0.9,dgibbs,mva-eager,6,0,0,1315,0,914,1,6,UNSAT
5,0.9,dgibbs,mva-eager,6,0,0,1793,0,913,1,6,UNSAT
6,0.9,dgibbs,mva-eager,8,0,0,1856,0,913,1,6,UNSAT
7,0.9,dgibbs,mva-eager,7,0,0,1317,0,914,1,6,UNSAT
8,0.9,dgibbs,mva-eager,6,0,0,1718,0,913,2,9,UNSAT
9,0.9,dgibbs,mva-eager,4,0,0,1165,0,914,1,8,UNSAT
10,0.9,dgibbs,mva-eager,9,0,0,1796,0,913,1,9,UNSAT
11,0.9,dgibbs,mva-eager,8,0,0,1805,0,913,1,6,75
12,0.9,dgibbs,mva-eager,6,0,0,1489,0,914,1,6,UNSAT
13,0.9,dgibbs,mva-eager,8,0,0,1307,0,914,1,9,UNSAT
14,0.9,dgibbs,mva-eager,6,0,0,1804,0,913,1,9,UNSAT
15,0.9,dgibbs,mva-eager,7,0,0,1418,0,914,1,7,UNSAT
16,0.9,dgibbs,mva-eager,8,0,0,1860,0,913,2,10,UNSAT
17,0.9,dgibbs,mva-eager,6,0,0,1528,0,914,1,11,UNSAT
18,0.9,dgibbs,mva-eager,5,0,0,1459,0,914,1,9,UNSAT
19,0.9,dgibbs,mva-eager,6,0,0,1702,0,913,1,7,UNSAT
20,0.9,dgibbs,mva-eager,5,0,0,1550,0,914,1,5,UNSAT
21,0.9,dgibbs,mva-eager,8,0,0,1301,0,914,1,6,UNSAT
22,0.9,dgibbs,mva-eager,6,0,0,1458,0,914,1,9,64
23,0.9,dgibbs,mva-eager,6,0,0,1630,0,913,1,6,UNSAT
24,0.9,dgibbs,mva-eager,6,0,0,1269,0,914,1,9,UNSAT
25,0.9,dgibbs,mva-eager,7,0,0,2004,0,913,1,7,UNSAT
26,0.9,dgibbs,mva-eager,4,0,0,1371,0,914,1,6,UNSAT
27,0.9,dgibbs,mva-eager,4,0,0,1317,0,914,1,7,UNSAT
28,0.9,dgibbs,mva-eager,6,0,0,1901,0,913,1,6,UNSAT
29,0.9,dgibbs,mva-eager,6,0,0,1772,0,913,1,6,UNSAT
