instance.no,param,algorithm,decomposition,PD.NCCCs,PD.smt,PD.wct,PS.NCCCs,PS.nbInMsg,PS.nbOutMsg,PS.smt,PS.wct,cost
0,0.6,dgibbs,mva-eager,1,0,0,2184,0,914,1,3,UNSAT
1,0.6,dgibbs,mva-eager,2,0,0,1262,0,914,1,3,UNSAT
2,0.6,dgibbs,mva-eager,15,0,0,2279,0,913,1,3,UNSAT
3,0.6,dgibbs,mva-eager,10,0,0,3171,0,913,1,3,UNSAT
4,0.6,dgibbs,mva-eager,9,0,0,2446,0,914,1,3,UNSAT
5,0.6,dgibbs,mva-eager,4,0,0,1214,0,914,1,3,UNSAT
6,0.6,dgibbs,mva-eager,20,0,0,1678,0,913,1,3,UNSAT
7,0.6,dgibbs,mva-eager,3,0,0,1265,0,913,2,6,UNSAT
8,0.6,dgibbs,mva-eager,9,0,0,3092,0,913,3,8,146
9,0.6,dgibbs,mva-eager,13,0,0,1677,0,914,1,3,UNSAT
10,0.6,dgibbs,mva-eager,6,0,0,2155,0,914,2,5,UNSAT
11,0.6,dgibbs,mva-eager,26,0,0,2089,0,914,1,3,UNSAT
12,0.6,dgibbs,mva-eager,9,0,0,1382,0,914,2,6,UNSAT
13,0.6,dgibbs,mva-eager,18,0,0,1940,0,913,2,7,UNSAT
14,0.6,dgibbs,mva-eager,14,0,0,1982,0,913,1,4,UNSAT
15,0.6,dgibbs,mva-eager,14,0,0,1714,0,914,1,4,UNSAT
16,0.6,dgibbs,mva-eager,4,0,0,1566,0,914,1,4,UNSAT
17,0.6,dgibbs,mva-eager,22,0,0,2572,0,914,1,4,132
18,0.6,dgibbs,mva-eager,11,0,0,1584,0,914,1,4,UNSAT
19,0.6,dgibbs,mva-eager,10,0,0,2158,0,913,1,3,UNSAT
20,0.6,dgibbs,mva-eager,12,0,0,1661,0,914,1,5,UNSAT
21,0.6,dgibbs,mva-eager,11,0,0,1725,0,913,1,3,UNSAT
22,0.6,dgibbs,mva-eager,10,0,0,2394,0,913,2,4,UNSAT
23,0.6,dgibbs,mva-eager,12,0,0,3329,0,913,1,3,UNSAT
24,0.6,dgibbs,mva-eager,13,0,0,1991,0,914,1,6,UNSAT
25,0.6,dgibbs,mva-eager,15,0,0,1299,0,914,1,3,UNSAT
26,0.6,dgibbs,mva-eager,14,0,0,1866,0,914,1,4,UNSAT
27,0.6,dgibbs,mva-eager,16,0,0,2011,0,913,1,3,UNSAT
28,0.6,dgibbs,mva-eager,16,0,0,1257,0,914,1,3,UNSAT
29,0.6,dgibbs,mva-eager,7,0,0,2387,0,913,1,3,UNSAT
