instance.no,param,algorithm,decomposition,PD.NCCCs,PD.smt,PD.wct,PS.NCCCs,PS.nbInMsg,PS.nbOutMsg,PS.smt,PS.wct,cost
0,1.0,dgibbs,mva-eager,15,0,0,1894,0,914,1,14,UNSAT
1,1.0,dgibbs,mva-eager,12,0,0,1563,0,915,1,14,UNSAT
2,1.0,dgibbs,mva-eager,14,0,0,4417,0,913,1,16,UNSAT
3,1.0,dgibbs,mva-eager,24,0,0,1576,0,914,1,15,UNSAT
4,1.0,dgibbs,mva-eager,7,0,0,1264,0,913,1,16,UNSAT
5,1.0,dgibbs,mva-eager,8,0,0,1993,0,914,1,14,UNSAT
6,1.0,dgibbs,mva-eager,18,0,0,2916,0,914,1,14,UNSAT
7,1.0,dgibbs,mva-eager,4,0,0,1664,0,913,1,13,UNSAT
8,1.0,dgibbs,mva-eager,7,0,0,790,0,914,1,12,UNSAT
9,1.0,dgibbs,mva-eager,8,0,0,1958,0,913,1,15,UNSAT
10,1.0,dgibbs,mva-eager,9,0,0,1917,0,914,1,19,UNSAT
11,1.0,dgibbs,mva-eager,7,0,0,2068,0,914,1,12,UNSAT
12,1.0,dgibbs,mva-eager,12,0,0,1085,0,914,1,13,UNSAT
13,1.0,dgibbs,mva-eager,10,0,0,1765,0,913,1,12,UNSAT
14,1.0,dgibbs,mva-eager,14,0,0,1811,0,914,1,12,UNSAT
15,1.0,dgibbs,mva-eager,14,0,0,1230,0,914,1,17,UNSAT
16,1.0,dgibbs,mva-eager,18,0,0,2940,0,914,1,16,168
17,1.0,dgibbs,mva-eager,17,0,0,1695,0,914,1,17,UNSAT
18,1.0,dgibbs,mva-eager,13,0,0,3328,0,914,1,15,48
19,1.0,dgibbs,mva-eager,9,0,0,1475,0,913,1,15,UNSAT
20,1.0,dgibbs,mva-eager,16,0,0,2322,0,914,1,12,UNSAT
21,1.0,dgibbs,mva-eager,5,0,0,818,0,915,1,12,UNSAT
22,1.0,dgibbs,mva-eager,4,0,0,1106,0,914,1,14,UNSAT
23,1.0,dgibbs,mva-eager,11,0,0,2408,0,914,1,13,UNSAT
24,1.0,dgibbs,mva-eager,7,0,0,1267,0,913,1,12,UNSAT
25,1.0,dgibbs,mva-eager,15,0,0,703,0,915,1,13,UNSAT
26,1.0,dgibbs,mva-eager,10,0,0,3580,0,913,1,13,UNSAT
27,1.0,dgibbs,mva-eager,9,0,0,1146,0,915,0,12,UNSAT
28,1.0,dgibbs,mva-eager,21,0,0,3517,0,913,1,17,UNSAT
29,1.0,dgibbs,mva-eager,12,0,0,1032,0,913,1,16,UNSAT
