instance.no,param,algorithm,decomposition,PD.NCCCs,PD.smt,PD.wct,PS.NCCCs,PS.nbInMsg,PS.nbOutMsg,PS.smt,PS.wct,cost
0,0.7,dgibbs,mva-eager,20,0,0,2777,0,913,1,4,UNSAT
1,0.7,dgibbs,mva-eager,10,0,0,1970,0,914,1,5,UNSAT
2,0.7,dgibbs,mva-eager,18,0,0,2878,0,913,1,4,UNSAT
3,0.7,dgibbs,mva-eager,8,0,0,1323,0,914,1,3,UNSAT
4,0.7,dgibbs,mva-eager,16,0,0,2898,0,913,4,8,99
5,0.7,dgibbs,mva-eager,21,0,0,1841,0,915,1,7,UNSAT
6,0.7,dgibbs,mva-eager,13,0,0,1812,0,914,1,3,UNSAT
7,0.7,dgibbs,mva-eager,13,0,0,3258,0,913,1,3,UNSAT
8,0.7,dgibbs,mva-eager,8,0,0,1571,0,915,1,7,UNSAT
9,0.7,dgibbs,mva-eager,11,0,0,3022,0,914,2,7,UNSAT
10,0.7,dgibbs,mva-eager,19,0,0,2708,0,913,2,5,UNSAT
11,0.7,dgibbs,mva-eager,21,0,0,3033,0,914,1,5,UNSAT
12,0.7,dgibbs,mva-eager,12,0,0,3092,0,913,3,8,137
13,0.7,dgibbs,mva-eager,15,0,0,2610,0,914,1,7,UNSAT
14,0.7,dgibbs,mva-eager,16,0,0,2517,0,913,1,5,UNSAT
15,0.7,dgibbs,mva-eager,15,0,0,2225,0,914,1,3,UNSAT
16,0.7,dgibbs,mva-eager,8,0,0,1734,0,913,1,7,UNSAT
17,0.7,dgibbs,mva-eager,20,0,0,2594,0,914,1,5,UNSAT
18,0.7,dgibbs,mva-eager,12,0,0,1984,0,915,1,5,UNSAT
19,0.7,dgibbs,mva-eager,13,0,0,2383,0,914,1,5,UNSAT
20,0.7,dgibbs,mva-eager,14,0,0,1433,0,914,1,6,UNSAT
21,0.7,dgibbs,mva-eager,2,0,0,1790,0,913,2,5,UNSAT
22,0.7,dgibbs,mva-eager,15,0,0,2246,0,914,1,4,UNSAT
23,0.7,dgibbs,mva-eager,14,0,0,1661,0,914,2,9,UNSAT
24,0.7,dgibbs,mva-eager,17,0,0,2389,0,913,2,7,UNSAT
25,0.7,dgibbs,mva-eager,7,0,0,2143,0,914,1,3,UNSAT
26,0.7,dgibbs,mva-eager,9,0,0,2270,0,914,1,4,UNSAT
27,0.7,dgibbs,mva-eager,18,0,0,1763,0,914,1,4,UNSAT
28,0.7,dgibbs,mva-eager,17,0,0,1470,0,914,1,4,UNSAT
29,0.7,dgibbs,mva-eager,12,0,0,1566,0,914,1,4,UNSAT
