instance.no,param,algorithm,decomposition,PD.NCCCs,PD.smt,PD.wct,PS.NCCCs,PS.nbInMsg,PS.nbOutMsg,PS.smt,PS.wct,cost
0,0.6,dgibbs,mva-lazy,4,0,0,2228,0,914,1,3,UNSAT
1,0.6,dgibbs,mva-lazy,2,0,0,1266,0,914,1,3,UNSAT
2,0.6,dgibbs,mva-lazy,4,0,0,2369,0,913,1,3,UNSAT
3,0.6,dgibbs,mva-lazy,10,0,0,3340,0,913,1,3,UNSAT
4,0.6,dgibbs,mva-lazy,15,0,0,2450,0,914,1,3,UNSAT
5,0.6,dgibbs,mva-lazy,5,0,0,1251,0,914,1,3,UNSAT
6,0.6,dgibbs,mva-lazy,11,0,0,1722,0,913,1,3,UNSAT
7,0.6,dgibbs,mva-lazy,11,0,0,2057,0,913,1,3,UNSAT
8,0.6,dgibbs,mva-lazy,16,0,0,3105,0,913,1,3,139
9,0.6,dgibbs,mva-lazy,12,0,0,2975,0,914,1,3,30
10,0.6,dgibbs,mva-lazy,6,0,0,2039,0,914,1,3,UNSAT
11,0.6,dgibbs,mva-lazy,6,0,0,1424,0,914,1,3,UNSAT
12,0.6,dgibbs,mva-lazy,8,0,0,1366,0,914,1,3,UNSAT
13,0.6,dgibbs,mva-lazy,12,0,0,1813,0,913,1,3,UNSAT
14,0.6,dgibbs,mva-lazy,4,0,0,1227,0,913,1,3,UNSAT
15,0.6,dgibbs,mva-lazy,12,0,0,1802,0,914,1,3,UNSAT
16,0.6,dgibbs,mva-lazy,6,0,0,1559,0,914,1,3,UNSAT
17,0.6,dgibbs,mva-lazy,12,0,0,2607,0,914,1,3,115
18,0.6,dgibbs,mva-lazy,10,0,0,1631,0,914,1,3,UNSAT
19,0.6,dgibbs,mva-lazy,6,0,0,2378,0,913,1,3,UNSAT
20,0.6,dgibbs,mva-lazy,12,0,0,2034,0,914,1,3,UNSAT
21,0.6,dgibbs,mva-lazy,12,0,0,1794,0,913,1,3,UNSAT
22,0.6,dgibbs,mva-lazy,11,0,0,2402,0,913,1,3,UNSAT
23,0.6,dgibbs,mva-lazy,11,0,0,3422,0,913,1,3,UNSAT
24,0.6,dgibbs,mva-lazy,17,0,0,1957,0,914,1,3,UNSAT
25,0.6,dgibbs,mva-lazy,8,0,0,1242,0,914,1,3,UNSAT
26,0.6,dgibbs,mva-lazy,4,0,0,1169,0,914,1,3,UNSAT
27,0.6,dgibbs,mva-lazy,24,0,0,2007,0,913,1,3,UNSAT
28,0.6,dgibbs,mva-lazy,10,0,0,1130,0,914,1,3,UNSAT
29,0.6,dgibbs,mva-lazy,17,0,0,2263,0,913,1,3,UNSAT
