instance.no,param,algorithm,decomposition,PD.NCCCs,PD.smt,PD.wct,PS.NCCCs,PS.nbInMsg,PS.nbOutMsg,PS.smt,PS.wct,cost
0,0.5,dgibbs,mva-eager,14,0,0,1530,0,914,1,3,UNSAT
1,0.5,dgibbs,mva-eager,14,0,0,2340,0,914,1,3,UNSAT
2,0.5,dgibbs,mva-eager,18,0,0,2264,0,914,1,3,UNSAT
3,0.5,dgibbs,mva-eager,14,0,0,1767,0,913,1,3,UNSAT
4,0.5,dgibbs,mva-eager,12,0,0,1121,0,914,1,3,UNSAT
5,0.5,dgibbs,mva-eager,21,0,0,1454,0,913,1,3,UNSAT
6,0.5,dgibbs,mva-eager,15,0,0,2918,0,913,3,5,45
7,0.5,dgibbs,mva-eager,5,0,0,2089,0,913,4,7,UNSAT
8,0.5,dgibbs,mva-eager,9,0,0,3558,0,913,1,3,128
9,0.5,dgibbs,mva-eager,7,0,0,2442,0,913,3,5,UNSAT
10,0.5,dgibbs,mva-eager,15,0,0,1647,0,914,2,4,UNSAT
11,0.5,dgibbs,mva-eager,7,0,0,1873,0,913,3,6,UNSAT
12,0.5,dgibbs,mva-eager,4,0,0,2606,0,913,3,6,UNSAT
13,0.5,dgibbs,mva-eager,19,0,0,1620,0,914,1,6,UNSAT
14,0.5,dgibbs,mva-eager,6,0,0,1552,0,914,1,3,UNSAT
15,0.5,dgibbs,mva-eager,14,0,0,3116,0,913,1,3,19
16,0.5,dgibbs,mva-eager,7,0,0,2011,0,913,1,6,UNSAT
17,0.5,dgibbs,mva-eager,3,0,0,1431,0,915,0,3,UNSAT
18,0.5,dgibbs,mva-eager,7,0,0,1567,0,914,1,3,UNSAT
19,0.5,dgibbs,mva-eager,15,0,0,2379,0,914,1,3,117
20,0.5,dgibbs,mva-eager,15,0,0,2622,0,913,1,3,UNSAT
21,0.5,dgibbs,mva-eager,13,0,0,1301,0,915,0,3,UNSAT
22,0.5,dgibbs,mva-eager,11,0,0,1361,0,914,1,3,UNSAT
23,0.5,dgibbs,mva-eager,22,0,0,3291,0,913,1,3,UNSAT
24,0.5,dgibbs,mva-eager,8,0,0,1334,0,914,0,3,UNSAT
25,0.5,dgibbs,mva-eager,7,0,0,1022,0,914,0,3,UNSAT
26,0.5,dgibbs,mva-eager,16,0,0,2456,0,914,1,3,UNSAT
27,0.5,dgibbs,mva-eager,29,0,0,2971,0,913,1,3,UNSAT
28,0.5,dgibbs,mva-eager,10,0,0,2319,0,914,1,3,UNSAT
29,0.5,dgibbs,mva-eager,21,0,0,2988,0,914,1,3,UNSAT
