instance.no,param,algorithm,decomposition,PD.NCCCs,PD.smt,PD.wct,PS.NCCCs,PS.nbInMsg,PS.nbOutMsg,PS.smt,PS.wct,cost
0,0.4,dgibbs,mva-eager,11,0,0,1717,0,914,1,2,UNSAT
1,0.4,dgibbs,mva-eager,20,0,0,3775,0,913,1,2,UNSAT
2,0.4,dgibbs,mva-eager,11,0,0,1677,0,914,1,3,UNSAT
3,0.4,dgibbs,mva-eager,8,0,0,2996,0,914,1,3,UNSAT
4,0.4,dgibbs,mva-eager,25,0,0,3468,0,913,1,2,UNSAT
5,0.4,dgibbs,mva-eager,18,0,0,4711,0,913,1,3,UNSAT
6,0.4,dgibbs,mva-eager,27,0,0,3727,0,913,1,3,UNSAT
7,0.4,dgibbs,mva-eager,19,0,0,4202,0,914,1,3,UNSAT
8,0.4,dgibbs,mva-eager,7,0,0,1301,0,914,0,2,UNSAT
9,0.4,dgibbs,mva-eager,9,0,0,2651,0,913,1,3,UNSAT
10,0.4,dgibbs,mva-eager,11,0,0,2058,0,915,0,3,UNSAT
11,0.4,dgibbs,mva-eager,13,0,0,3438,0,913,1,4,UNSAT
12,0.4,dgibbs,mva-eager,12,0,0,2725,0,913,3,7,UNSAT
13,0.4,dgibbs,mva-eager,9,0,0,4033,0,914,2,4,90
14,0.4,dgibbs,mva-eager,17,0,0,2628,0,914,1,4,UNSAT
15,0.4,dgibbs,mva-eager,20,0,0,3557,0,913,1,3,UNSAT
16,0.4,dgibbs,mva-eager,11,0,0,3226,0,913,1,3,UNSAT
17,0.4,dgibbs,mva-eager,8,0,0,2631,0,913,2,4,UNSAT
18,0.4,dgibbs,mva-eager,13,0,0,3284,0,914,2,4,UNSAT
19,0.4,dgibbs,mva-eager,15,0,0,2536,0,915,1,3,UNSAT
20,0.4,dgibbs,mva-eager,1,0,0,1814,0,914,1,3,UNSAT
21,0.4,dgibbs,mva-eager,9,0,0,2574,0,913,1,3,UNSAT
22,0.4,dgibbs,mva-eager,14,0,0,1751,0,913,1,3,UNSAT
23,0.4,dgibbs,mva-eager,3,0,0,2625,0,913,1,2,UNSAT
24,0.4,dgibbs,mva-eager,10,0,0,2053,0,914,1,3,UNSAT
25,0.4,dgibbs,mva-eager,19,0,0,1661,0,914,1,2,UNSAT
26,0.4,dgibbs,mva-eager,20,0,0,3431,0,914,1,3,134
27,0.4,dgibbs,mva-eager,14,0,0,2939,0,913,1,2,UNSAT
28,0.4,dgibbs,mva-eager,12,0,0,1790,0,914,2,6,199
29,0.4,dgibbs,mva-eager,14,0,0,3347,0,914,1,3,UNSAT
