instance.no,param,algorithm,decomposition,PD.NCCCs,PD.smt,PD.wct,PS.NCCCs,PS.nbInMsg,PS.nbOutMsg,PS.smt,PS.wct,cost
0,0.8,dgibbs,mva-eager,4,0,0,1544,0,914,2,6,UNSAT
1,0.8,dgibbs,mva-eager,21,0,0,2915,0,913,1,4,UNSAT
2,0.8,dgibbs,mva-eager,11,0,0,2320,0,914,1,7,UNSAT
3,0.8,dgibbs,mva-eager,12,0,0,2491,0,914,1,4,UNSAT
4,0.8,dgibbs,mva-eager,12,0,0,1338,0,914,1,6,UNSAT
5,0.8,dgibbs,mva-eager,24,0,0,975,0,914,1,5,UNSAT
6,0.8,dgibbs,mva-eager,16,0,0,3131,0,913,1,7,UNSAT
7,0.8,dgibbs,mva-eager,10,0,0,1701,0,913,1,4,UNSAT
8,0.8,dgibbs,mva-eager,12,0,0,1973,0,914,1,5,UNSAT
9,0.8,dgibbs,mva-eager,6,0,0,1313,0,914,2,8,UNSAT
10,0.8,dgibbs,mva-eager,6,0,0,1575,0,914,1,3,UNSAT
11,0.8,dgibbs,mva-eager,14,0,0,2343,0,914,1,7,UNSAT
12,0.8,dgibbs,mva-eager,5,0,0,1832,0,913,1,4,UNSAT
13,0.8,dgibbs,mva-eager,23,0,0,1776,0,914,1,6,UNSAT
14,0.8,dgibbs,mva-eager,4,0,0,2166,0,913,3,8,UNSAT
15,0.8,dgibbs,mva-eager,22,0,0,1837,0,914,1,7,UNSAT
16,0.8,dgibbs,mva-eager,4,0,0,2170,0,913,2,5,UNSAT
17,0.8,dgibbs,mva-eager,12,0,0,1852,0,914,1,7,UNSAT
18,0.8,dgibbs,mva-eager,16,0,0,2404,0,913,3,7,UNSAT
19,0.8,dgibbs,mva-eager,5,0,0,1560,0,914,2,8,UNSAT
20,0.8,dgibbs,mva-eager,12,0,0,3686,0,913,2,5,UNSAT
21,0.8,dgibbs,mva-eager,15,0,0,2314,0,915,2,7,UNSAT
22,0.8,dgibbs,mva-eager,15,0,0,2210,0,914,1,4,UNSAT
23,0.8,dgibbs,mva-eager,11,0,0,2550,0,913,2,5,UNSAT
24,0.8,dgibbs,mva-eager,10,0,0,1776,0,913,2,7,UNSAT
25,0.8,dgibbs,mva-eager,13,0,0,1336,0,914,1,3,UNSAT
26,0.8,dgibbs,mva-eager,11,0,0,1610,0,914,1,7,UNSAT
27,0.8,dgibbs,mva-eager,8,0,0,2128,0,914,1,4,UNSAT
28,0.8,dgibbs,mva-eager,12,0,0,1815,0,913,1,4,UNSAT
29,0.8,dgibbs,mva-eager,9,0,0,2213,0,913,1,4,UNSAT
