instance.no,param,algorithm,decomposition,PD.NCCCs,PD.smt,PD.wct,PS.NCCCs,PS.nbInMsg,PS.nbOutMsg,PS.smt,PS.wct,cost
0,1.0,dgibbs,mva-lazy,13,0,0,1946,0,914,2,15,UNSAT
1,1.0,dgibbs,mva-lazy,13,0,0,1419,0,915,0,13,UNSAT
2,1.0,dgibbs,mva-lazy,21,0,0,4399,0,913,1,12,UNSAT
3,1.0,dgibbs,mva-lazy,16,0,0,1699,0,914,1,12,UNSAT
4,1.0,dgibbs,mva-lazy,4,0,0,1754,0,913,1,13,UNSAT
5,1.0,dgibbs,mva-lazy,18,0,0,1813,0,914,1,12,UNSAT
6,1.0,dgibbs,mva-lazy,18,0,0,2794,0,914,1,13,UNSAT
7,1.0,dgibbs,mva-lazy,9,0,0,1574,0,913,1,12,UNSAT
8,1.0,dgibbs,mva-lazy,4,0,0,836,0,914,1,12,UNSAT
9,1.0,dgibbs,mva-lazy,12,0,0,2340,0,913,1,12,140
10,1.0,dgibbs,mva-lazy,7,0,0,1860,0,914,1,12,UNSAT
11,1.0,dgibbs,mva-lazy,15,0,0,2005,0,914,1,12,UNSAT
12,1.0,dgibbs,mva-lazy,13,0,0,648,0,914,1,12,UNSAT
13,1.0,dgibbs,mva-lazy,7,0,0,1658,0,913,1,12,UNSAT
14,1.0,dgibbs,mva-lazy,12,0,0,1911,0,914,1,12,UNSAT
15,1.0,dgibbs,mva-lazy,2,0,0,1291,0,914,1,13,UNSAT
16,1.0,dgibbs,mva-lazy,18,0,0,2848,0,914,1,12,UNSAT
17,1.0,dgibbs,mva-lazy,12,0,0,1432,0,914,1,12,UNSAT
18,1.0,dgibbs,mva-lazy,8,0,0,3207,0,914,1,12,79
19,1.0,dgibbs,mva-lazy,15,0,0,1339,0,913,1,12,UNSAT
20,1.0,dgibbs,mva-lazy,14,0,0,2552,0,914,1,12,UNSAT
21,1.0,dgibbs,mva-lazy,14,0,0,801,0,915,0,12,UNSAT
22,1.0,dgibbs,mva-lazy,4,0,0,1189,0,914,1,12,UNSAT
23,1.0,dgibbs,mva-lazy,10,0,0,2323,0,914,1,13,UNSAT
24,1.0,dgibbs,mva-lazy,7,0,0,1193,0,913,1,12,UNSAT
25,1.0,dgibbs,mva-lazy,15,0,0,729,0,915,0,11,UNSAT
26,1.0,dgibbs,mva-lazy,12,0,0,3859,0,913,1,13,UNSAT
27,1.0,dgibbs,mva-lazy,13,0,0,1149,0,915,0,12,UNSAT
28,1.0,dgibbs,mva-lazy,10,0,0,2471,0,913,1,12,UNSAT
29,1.0,dgibbs,mva-lazy,4,0,0,1104,0,913,1,16,UNSAT
