instance.no,param,algorithm,decomposition,PD.NCCCs,PD.smt,PD.wct,PS.NCCCs,PS.nbInMsg,PS.nbOutMsg,PS.smt,PS.wct,cost
0,0.9,dgibbs,mva-lazy,4,0,0,1933,0,913,1,12,55
1,0.9,dgibbs,mva-lazy,6,0,0,1690,0,913,2,7,UNSAT
2,0.9,dgibbs,mva-lazy,12,0,0,1752,0,913,2,10,UNSAT
3,0.9,dgibbs,mva-lazy,8,0,0,1168,0,915,1,7,UNSAT
4,0.9,dgibbs,mva-lazy,8,0,0,1285,0,914,1,7,UNSAT
5,0.9,dgibbs,mva-lazy,6,0,0,1750,0,913,1,10,UNSAT
6,0.9,dgibbs,mva-lazy,7,0,0,1885,0,913,1,6,UNSAT
7,0.9,dgibbs,mva-lazy,10,0,0,1346,0,914,1,6,UNSAT
8,0.9,dgibbs,mva-lazy,6,0,0,1743,0,913,1,10,UNSAT
9,0.9,dgibbs,mva-lazy,9,0,0,1195,0,914,1,6,UNSAT
10,0.9,dgibbs,mva-lazy,9,0,0,1843,0,913,2,10,UNSAT
11,0.9,dgibbs,mva-lazy,9,0,0,1824,0,913,1,10,81
12,0.9,dgibbs,mva-lazy,7,0,0,1453,0,914,1,9,UNSAT
13,0.9,dgibbs,mva-lazy,6,0,0,1296,0,914,1,8,UNSAT
14,0.9,dgibbs,mva-lazy,8,0,0,1697,0,913,1,9,UNSAT
15,0.9,dgibbs,mva-lazy,6,0,0,1470,0,914,1,6,UNSAT
16,0.9,dgibbs,mva-lazy,9,0,0,1892,0,913,1,6,UNSAT
17,0.9,dgibbs,mva-lazy,9,0,0,1454,0,914,1,6,UNSAT
18,0.9,dgibbs,mva-lazy,8,0,0,1493,0,914,1,6,UNSAT
19,0.9,dgibbs,mva-lazy,4,0,0,1850,0,913,1,6,UNSAT
20,0.9,dgibbs,mva-lazy,12,0,0,1549,0,914,1,6,UNSAT
21,0.9,dgibbs,mva-lazy,8,0,0,1312,0,914,1,6,UNSAT
22,0.9,dgibbs,mva-lazy,5,0,0,1305,0,914,1,6,UNSAT
23,0.9,dgibbs,mva-lazy,6,0,0,1608,0,913,1,6,UNSAT
24,0.9,dgibbs,mva-lazy,7,0,0,1226,0,914,1,5,UNSAT
25,0.9,dgibbs,mva-lazy,12,0,0,1890,0,913,1,6,23
26,0.9,dgibbs,mva-lazy,10,0,0,1198,0,914,1,6,UNSAT
27,0.9,dgibbs,mva-lazy,8,0,0,1280,0,914,1,6,UNSAT
28,0.9,dgibbs,mva-lazy,6,0,0,1922,0,913,1,6,UNSAT
29,0.9,dgibbs,mva-lazy,8,0,0,1827,0,913,1,6,UNSAT
