instance.no,param,algorithm,decomposition,PD.NCCCs,PD.smt,PD.wct,PS.NCCCs,PS.nbInMsg,PS.nbOutMsg,PS.smt,PS.wct,cost
0,0.4,dgibbs,mva-lazy,21,0,0,2465,0,914,1,3,UNSAT
1,0.4,dgibbs,mva-lazy,21,0,0,3841,0,913,1,3,UNSAT
2,0.4,dgibbs,mva-lazy,3,0,0,1166,0,914,1,3,UNSAT
3,0.4,dgibbs,mva-lazy,4,0,0,3037,0,914,1,3,UNSAT
4,0.4,dgibbs,mva-lazy,11,0,0,3378,0,913,1,3,UNSAT
5,0.4,dgibbs,mva-lazy,20,0,0,4572,0,913,3,6,163
6,0.4,dgibbs,mva-lazy,15,0,0,3674,0,913,3,6,UNSAT
7,0.4,dgibbs,mva-lazy,19,0,0,4109,0,914,3,7,UNSAT
8,0.4,dgibbs,mva-lazy,5,0,0,1246,0,914,1,3,UNSAT
9,0.4,dgibbs,mva-lazy,13,0,0,2711,0,913,1,3,UNSAT
10,0.4,dgibbs,mva-lazy,19,0,0,1963,0,915,1,5,UNSAT
11,0.4,dgibbs,mva-lazy,13,0,0,3436,0,913,1,3,UNSAT
12,0.4,dgibbs,mva-lazy,9,0,0,2733,0,913,1,3,UNSAT
13,0.4,dgibbs,mva-lazy,22,0,0,3873,0,914,2,5,82
14,0.4,dgibbs,mva-lazy,15,0,0,2466,0,914,1,3,UNSAT
15,0.4,dgibbs,mva-lazy,23,0,0,3694,0,913,3,6,UNSAT
16,0.4,dgibbs,mva-lazy,14,0,0,3982,0,913,4,7,UNSAT
17,0.4,dgibbs,mva-lazy,4,0,0,2693,0,913,2,4,UNSAT
18,0.4,dgibbs,mva-lazy,19,0,0,3247,0,914,1,3,UNSAT
19,0.4,dgibbs,mva-lazy,20,0,0,2665,0,915,2,6,UNSAT
20,0.4,dgibbs,mva-lazy,11,0,0,1860,0,914,4,7,UNSAT
21,0.4,dgibbs,mva-lazy,12,0,0,2198,0,913,6,10,UNSAT
22,0.4,dgibbs,mva-lazy,18,0,0,1825,0,913,3,7,UNSAT
23,0.4,dgibbs,mva-lazy,22,0,0,2425,0,913,1,3,UNSAT
24,0.4,dgibbs,mva-lazy,1,0,0,2303,0,914,1,3,UNSAT
25,0.4,dgibbs,mva-lazy,10,0,0,2672,0,914,1,3,UNSAT
26,0.4,dgibbs,mva-lazy,17,0,0,3530,0,914,1,3,134
27,0.4,dgibbs,mva-lazy,8,0,0,2762,0,913,1,3,UNSAT
28,0.4,dgibbs,mva-lazy,2,0,0,1788,0,914,1,3,UNSAT
29,0.4,dgibbs,mva-lazy,30,0,0,3468,0,914,1,3,UNSAT
