instance.no,param,algorithm,decomposition,PD.NCCCs,PD.smt,PD.wct,PS.NCCCs,PS.nbInMsg,PS.nbOutMsg,PS.smt,PS.wct,cost
0,0.8,dpop,mva-eager,1752,1,2,24,0,15,0,4,22
1,0.8,dpop,mva-eager,5394,3,6,144,0,15,0,8,11
2,0.8,dpop,mva-eager,2182,0,2,56,0,15,0,4,19
3,0.8,dpop,mva-eager,3020,1,2,88,0,15,0,7,25
4,0.8,dpop,mva-eager,5328,2,3,64,0,15,0,7,13
5,0.8,dpop,mva-eager,1883,1,3,132,0,15,0,6,11
6,0.8,dpop,mva-eager,5754,1,4,100,0,15,0,6,45
7,0.8,dpop,mva-eager,2390,0,2,128,0,15,0,4,10
8,0.8,dpop,mva-eager,1484,0,2,48,0,15,0,6,53
9,0.8,dpop,mva-eager,1590,0,1,48,0,15,0,3,39
10,0.8,dpop,mva-eager,1123,0,1,32,0,15,0,2,32
11,0.8,dpop,mva-eager,1554,0,1,140,0,15,0,3,33
12,0.8,dpop,mva-eager,6446,2,3,100,0,15,0,5,14
13,0.8,dpop,mva-eager,846,0,1,80,0,15,0,2,42
14,0.8,dpop,mva-eager,1714,0,2,128,0,15,0,4,29
15,0.8,dpop,mva-eager,1924,0,1,80,0,15,0,6,6
16,0.8,dpop,mva-eager,6054,3,4,88,0,15,0,7,22
17,0.8,dpop,mva-eager,2240,0,2,72,0,15,0,7,15
18,0.8,dpop,mva-eager,5176,2,4,144,0,15,0,8,28
19,0.8,dpop,mva-eager,1759,0,1,80,0,15,0,3,79
20,0.8,dpop,mva-eager,1639,0,1,92,0,15,0,3,52
21,0.8,dpop,mva-eager,2034,0,1,12,0,15,0,3,68
22,0.8,dpop,mva-eager,1993,0,2,88,0,15,0,4,35
23,0.8,dpop,mva-eager,1580,0,1,104,0,15,0,3,20
24,0.8,dpop,mva-eager,2726,1,3,136,0,15,0,5,37
25,0.8,dpop,mva-eager,2784,1,2,80,0,15,0,3,30
26,0.8,dpop,mva-eager,2802,1,2,80,0,15,0,4,26
27,0.8,dpop,mva-eager,6431,3,7,64,0,15,0,9,17
28,0.8,dpop,mva-eager,2091,0,1,68,0,15,0,3,26
29,0.8,dpop,mva-eager,5745,2,6,132,0,15,0,8,15
