instance.no,param,algorithm,decomposition,PD.NCCCs,PD.smt,PD.wct,PS.NCCCs,PS.nbInMsg,PS.nbOutMsg,PS.smt,PS.wct,cost
0,0.9,dpop,mva-eager,2941,1,3,112,0,15,0,7,3
1,0.9,dpop,mva-eager,5245,1,5,128,0,15,0,8,7
2,0.9,dpop,mva-eager,5044,1,5,112,0,15,0,8,2
3,0.9,dpop,mva-eager,2046,0,1,16,0,15,0,5,13
4,0.9,dpop,mva-eager,3885,1,2,80,0,15,0,6,0
5,0.9,dpop,mva-eager,3535,1,2,144,0,15,0,6,5
6,0.9,dpop,mva-eager,4214,1,3,128,0,15,0,6,6
7,0.9,dpop,mva-eager,2849,1,2,80,0,15,0,8,0
8,0.9,dpop,mva-eager,4858,1,2,128,0,15,0,9,3
9,0.9,dpop,mva-eager,4017,1,3,64,0,15,0,9,0
10,0.9,dpop,mva-eager,4035,1,3,144,0,15,0,7,0
11,0.9,dpop,mva-eager,1728,0,1,112,0,15,0,5,5
12,0.9,dpop,mva-eager,2649,1,2,160,0,15,0,6,7
13,0.9,dpop,mva-eager,4469,1,3,64,0,15,0,11,4
14,0.9,dpop,mva-eager,4847,2,5,144,0,15,0,12,1
15,0.9,dpop,mva-eager,2409,0,2,64,0,15,0,6,0
16,0.9,dpop,mva-eager,830,0,1,144,0,15,0,8,0
17,0.9,dpop,mva-eager,3602,1,2,64,0,15,0,10,16
18,0.9,dpop,mva-eager,4773,2,3,272,0,15,0,8,0
19,0.9,dpop,mva-eager,5083,1,2,144,0,15,0,9,3
20,0.9,dpop,mva-eager,5359,3,5,160,0,15,0,10,1
21,0.9,dpop,mva-eager,4436,2,5,80,0,15,0,11,1
22,0.9,dpop,mva-eager,4446,2,5,64,0,15,0,9,0
23,0.9,dpop,mva-eager,5007,1,4,112,0,15,0,7,10
24,0.9,dpop,mva-eager,4852,1,3,272,0,15,0,7,0
25,0.9,dpop,mva-eager,4874,1,4,144,0,15,0,8,2
26,0.9,dpop,mva-eager,4449,2,6,80,0,15,0,9,3
27,0.9,dpop,mva-eager,1382,0,1,80,0,15,0,6,3
28,0.9,dpop,mva-eager,4873,2,5,128,0,15,0,11,1
29,0.9,dpop,mva-eager,2127,0,2,144,0,15,0,9,3
