instance.no,param,algorithm,decomposition,PD.NCCCs,PD.smt,PD.wct,PS.NCCCs,PS.nbInMsg,PS.nbOutMsg,PS.smt,PS.wct,cost
0,0.6,dpop,mva-eager,1390,0,1,52,0,15,0,2,47
1,0.6,dpop,mva-eager,5848,2,4,52,0,15,0,5,35
2,0.6,dpop,mva-eager,1558,0,1,116,0,15,0,2,61
3,0.6,dpop,mva-eager,3363,1,3,100,0,15,0,6,22
4,0.6,dpop,mva-eager,2046,1,2,192,0,15,0,3,33
5,0.6,dpop,mva-eager,1085,0,1,44,0,15,0,2,57
6,0.6,dpop,mva-eager,1912,0,1,112,0,15,0,3,21
7,0.6,dpop,mva-eager,1932,2,5,108,0,15,0,6,30
8,0.6,dpop,mva-eager,2486,1,2,104,0,15,0,2,63
9,0.6,dpop,mva-eager,2028,2,4,92,0,15,0,5,22
10,0.6,dpop,mva-eager,875,1,3,68,0,15,0,4,30
11,0.6,dpop,mva-eager,1919,0,1,68,0,15,0,2,60
12,0.6,dpop,mva-eager,2757,1,3,72,0,15,0,4,43
13,0.6,dpop,mva-eager,2678,1,2,88,0,15,0,3,56
14,0.6,dpop,mva-eager,1473,0,1,80,0,15,0,2,63
15,0.6,dpop,mva-eager,2145,0,2,76,0,15,0,3,38
16,0.6,dpop,mva-eager,1124,0,1,52,0,15,0,2,20
17,0.6,dpop,mva-eager,2940,1,2,60,0,15,0,3,52
18,0.6,dpop,mva-eager,3008,2,4,112,0,15,0,6,42
19,0.6,dpop,mva-eager,1100,1,3,124,0,15,0,5,7
20,0.6,dpop,mva-eager,2640,3,5,80,0,15,0,7,26
21,0.6,dpop,mva-eager,938,0,1,120,0,15,0,2,50
22,0.6,dpop,mva-eager,2797,2,4,96,0,15,0,6,67
23,0.6,dpop,mva-eager,7110,5,7,104,0,15,0,9,50
24,0.6,dpop,mva-eager,965,0,1,48,0,15,0,2,30
25,0.6,dpop,mva-eager,1666,0,2,144,0,15,0,2,20
26,0.6,dpop,mva-eager,4185,2,7,52,0,15,0,8,42
27,0.6,dpop,mva-eager,3014,1,2,52,0,15,0,4,104
28,0.6,dpop,mva-eager,1296,0,1,60,0,15,0,2,44
29,0.6,dpop,mva-eager,2312,1,3,132,0,15,0,5,7
