instance.no,param,algorithm,decomposition,PD.NCCCs,PD.smt,PD.wct,PS.NCCCs,PS.nbInMsg,PS.nbOutMsg,PS.smt,PS.wct,cost
0,0.4,dpop,mva-eager,1036,0,1,132,0,15,0,1,42
1,0.4,dpop,mva-eager,670,0,1,72,0,15,0,2,70
2,0.4,dpop,mva-eager,825,1,3,80,0,15,0,4,22
3,0.4,dpop,mva-eager,1100,0,1,28,0,15,0,1,13
4,0.4,dpop,mva-eager,1261,2,3,116,0,15,0,5,90
5,0.4,dpop,mva-eager,554,0,0,44,0,15,0,1,67
6,0.4,dpop,mva-eager,697,0,1,76,0,15,0,2,89
7,0.4,dpop,mva-eager,2167,0,1,168,0,15,0,2,26
8,0.4,dpop,mva-eager,926,0,1,76,0,15,0,3,28
9,0.4,dpop,mva-eager,2077,0,1,60,0,15,0,1,53
10,0.4,dpop,mva-eager,650,0,1,16,0,15,0,1,29
11,0.4,dpop,mva-eager,2074,1,3,104,0,15,0,4,48
12,0.4,dpop,mva-eager,1974,0,1,56,0,15,0,2,42
13,0.4,dpop,mva-eager,1136,0,2,44,0,15,0,3,24
14,0.4,dpop,mva-eager,770,0,2,112,0,15,0,4,124
15,0.4,dpop,mva-eager,1609,0,2,80,0,15,0,4,90
16,0.4,dpop,mva-eager,600,0,0,52,0,15,0,1,95
17,0.4,dpop,mva-eager,1992,0,1,64,0,15,0,2,127
18,0.4,dpop,mva-eager,928,1,3,36,0,15,0,4,103
19,0.4,dpop,mva-eager,1279,2,3,12,0,15,0,5,42
20,0.4,dpop,mva-eager,1328,0,1,76,0,15,0,2,45
21,0.4,dpop,mva-eager,1237,0,1,88,0,15,0,2,61
22,0.4,dpop,mva-eager,1492,0,1,72,0,15,0,3,45
23,0.4,dpop,mva-eager,712,0,0,80,0,15,0,1,108
24,0.4,dpop,mva-eager,2810,0,1,108,0,15,0,2,69
25,0.4,dpop,mva-eager,1297,2,4,72,0,15,0,4,120
26,0.4,dpop,mva-eager,772,0,0,36,0,15,0,1,18
27,0.4,dpop,mva-eager,4620,5,7,100,0,15,0,8,15
28,0.4,dpop,mva-eager,882,0,1,48,0,15,0,1,120
29,0.4,dpop,mva-eager,2431,1,3,40,0,15,0,3,43
