instance.no,param,algorithm,decomposition,PD.NCCCs,PD.smt,PD.wct,PS.NCCCs,PS.nbInMsg,PS.nbOutMsg,PS.smt,PS.wct,cost
0,0.5,dpop,mva-eager,782,0,1,40,0,15,0,1,31
1,0.5,dpop,mva-eager,2055,1,2,64,0,15,0,3,31
2,0.5,dpop,mva-eager,2312,1,2,20,0,15,0,3,94
3,0.5,dpop,mva-eager,2499,0,1,132,0,15,0,2,48
4,0.5,dpop,mva-eager,1040,0,1,36,0,15,0,2,32
5,0.5,dpop,mva-eager,1870,1,2,100,0,15,0,2,47
6,0.5,dpop,mva-eager,930,0,1,120,0,15,0,2,30
7,0.5,dpop,mva-eager,2966,2,4,80,0,15,0,5,108
8,0.5,dpop,mva-eager,6410,4,8,72,0,15,0,9,43
9,0.5,dpop,mva-eager,1313,0,1,80,0,15,0,2,71
10,0.5,dpop,mva-eager,1266,0,1,52,0,15,0,1,64
11,0.5,dpop,mva-eager,6330,2,3,44,0,15,0,4,45
12,0.5,dpop,mva-eager,1148,1,4,76,0,15,0,6,69
13,0.5,dpop,mva-eager,858,0,0,64,0,15,0,1,73
14,0.5,dpop,mva-eager,3420,4,4,92,0,15,0,5,31
15,0.5,dpop,mva-eager,1076,1,3,84,0,15,0,5,0
16,0.5,dpop,mva-eager,1670,0,1,140,0,15,0,2,6
17,0.5,dpop,mva-eager,3177,1,2,16,0,15,0,3,49
18,0.5,dpop,mva-eager,1441,2,3,36,0,15,0,4,72
19,0.5,dpop,mva-eager,966,0,1,52,0,15,0,1,62
20,0.5,dpop,mva-eager,6742,3,4,100,0,15,0,5,47
21,0.5,dpop,mva-eager,2990,1,3,16,0,15,0,3,31
22,0.5,dpop,mva-eager,2206,1,2,48,0,15,0,3,14
23,0.5,dpop,mva-eager,2681,0,1,80,0,15,0,2,60
24,0.5,dpop,mva-eager,2062,1,2,76,0,15,0,5,32
25,0.5,dpop,mva-eager,977,1,4,52,0,15,0,7,28
26,0.5,dpop,mva-eager,1498,0,1,40,0,15,0,2,31
27,0.5,dpop,mva-eager,1862,0,1,120,0,15,0,2,16
28,0.5,dpop,mva-eager,618,0,1,52,0,15,0,2,25
29,0.5,dpop,mva-eager,1730,1,2,44,0,15,0,4,13
