instance.no,param,algorithm,decomposition,PD.NCCCs,PD.smt,PD.wct,PS.NCCCs,PS.nbInMsg,PS.nbOutMsg,PS.smt,PS.wct,cost
0,0.7,dpop,mva-eager,1927,1,4,112,0,15,0,5,46
1,0.7,dpop,mva-eager,1635,0,1,112,0,15,0,2,29
2,0.7,dpop,mva-eager,4837,2,3,64,0,15,0,5,40
3,0.7,dpop,mva-eager,3071,1,2,60,0,15,0,4,29
4,0.7,dpop,mva-eager,1070,0,1,104,0,15,0,3,33
5,0.7,dpop,mva-eager,1320,0,1,16,0,15,0,2,18
6,0.7,dpop,mva-eager,1767,0,2,64,0,15,0,4,11
7,0.7,dpop,mva-eager,1712,0,2,108,0,15,0,3,15
8,0.7,dpop,mva-eager,1703,0,2,16,0,15,0,3,31
9,0.7,dpop,mva-eager,3342,1,1,76,0,15,0,3,21
10,0.7,dpop,mva-eager,3988,2,4,100,0,15,0,5,30
11,0.7,dpop,mva-eager,2220,1,2,52,0,15,0,5,51
12,0.7,dpop,mva-eager,2450,0,1,84,0,15,0,3,20
13,0.7,dpop,mva-eager,3382,1,4,48,0,15,0,7,107
14,0.7,dpop,mva-eager,1240,0,1,144,0,15,0,3,44
15,0.7,dpop,mva-eager,2240,0,2,40,0,15,0,3,48
16,0.7,dpop,mva-eager,3439,1,2,128,0,15,0,3,34
17,0.7,dpop,mva-eager,778,0,1,56,0,15,0,2,32
18,0.7,dpop,mva-eager,1601,0,1,16,0,15,0,2,63
19,0.7,dpop,mva-eager,2070,1,2,208,0,15,0,3,64
20,0.7,dpop,mva-eager,2275,0,2,60,0,15,0,4,50
21,0.7,dpop,mva-eager,2406,0,2,68,0,15,0,3,43
22,0.7,dpop,mva-eager,1796,0,2,80,0,15,0,3,12
23,0.7,dpop,mva-eager,1298,0,1,76,0,15,0,3,52
24,0.7,dpop,mva-eager,1227,0,1,132,0,15,0,2,46
25,0.7,dpop,mva-eager,1223,0,1,64,0,15,0,2,49
26,0.7,dpop,mva-eager,2648,1,2,160,0,15,0,4,17
27,0.7,dpop,mva-eager,3027,1,1,44,0,15,0,2,31
28,0.7,dpop,mva-eager,1804,1,3,160,0,15,0,6,60
29,0.7,dpop,mva-eager,3321,2,5,76,0,15,0,6,51
