<?xml version="1.0" encoding="UTF-8"?>
<instance xmlns:xsi="http://www.w3.org/2001/XMLSchema-instance" xsi:noNamespaceSchemaLocation="src/ch/epfl/lia/frodo/algorithms/XCSPschema.xsd">
<presentation name="RandomGraphs" maxConstraintArity="0" maximize="false" format="XCSP 2.1_FRODO"/>
<agents nbAgents="5">
	<agent name="a_0"/>
	<agent name="a_1"/>
	<agent name="a_2"/>
	<agent name="a_3"/>
	<agent name="a_4"/>
</agents>
<domains nbDomains="1">
	<domain name="d" nbValues="5">0..4</domain>
</domains>
<variables nbVariables="25">
	<variable name="v_0" domain="d" agent="a_0"/>
	<variable name="v_1" domain="d" agent="a_1"/>
	<variable name="v_2" domain="d" agent="a_2"/>
	<variable name="v_3" domain="d" agent="a_3"/>
	<variable name="v_4" domain="d" agent="a_4"/>
	<variable name="v_5" domain="d" agent="a_0"/>
	<variable name="v_6" domain="d" agent="a_0"/>
	<variable name="v_7" domain="d" agent="a_0"/>
	<variable name="v_8" domain="d" agent="a_0"/>
	<variable name="v_9" domain="d" agent="a_1"/>
	<variable name="v_10" domain="d" agent="a_1"/>
	<variable name="v_11" domain="d" agent="a_1"/>
	<variable name="v_12" domain="d" agent="a_1"/>
	<variable name="v_13" domain="d" agent="a_2"/>
	<variable name="v_14" domain="d" agent="a_2"/>
	<variable name="v_15" domain="d" agent="a_2"/>
	<variable name="v_16" domain="d" agent="a_2"/>
	<variable name="v_17" domain="d" agent="a_3"/>
	<variable name="v_18" domain="d" agent="a_3"/>
	<variable name="v_19" domain="d" agent="a_3"/>
	<variable name="v_20" domain="d" agent="a_3"/>
	<variable name="v_21" domain="d" agent="a_4"/>
	<variable name="v_22" domain="d" agent="a_4"/>
	<variable name="v_23" domain="d" agent="a_4"/>
	<variable name="v_24" domain="d" agent="a_4"/>
</variables>
<relations nbRelations="1">
	<relation name="r_2" arity="2" nbTuples="12" semantics="soft" defaultCost="infinity">3:0 2 |1:1 0 |10:1 2 |4:1 3 |10:2 0 |5:2 3 |0:2 4 |0:3 0 |0:3 1 |1:3 4 |3:4 0 |10:4 1 </relation>
</relations>
<constraints nbConstraints="30">
	<constraint name="c_0" arity="2" scope="v_2 v_1" reference="r_2"/>
	<constraint name="c_1" arity="2" scope="v_3 v_0" reference="r_2"/>
	<constraint name="c_2" arity="2" scope="v_5 v_4" reference="r_2"/>
	<constraint name="c_3" arity="2" scope="v_6 v_5" reference="r_2"/>
	<constraint name="c_4" arity="2" scope="v_7 v_0" reference="r_2"/>
	<constraint name="c_5" arity="2" scope="v_7 v_5" reference="r_2"/>
	<constraint name="c_6" arity="2" scope="v_8 v_0" reference="r_2"/>
	<constraint name="c_7" arity="2" scope="v_8 v_7" reference="r_2"/>
	<constraint name="c_8" arity="2" scope="v_9 v_1" reference="r_2"/>
	<constraint name="c_9" arity="2" scope="v_10 v_1" reference="r_2"/>
	<constraint name="c_10" arity="2" scope="v_11 v_1" reference="r_2"/>
	<constraint name="c_11" arity="2" scope="v_12 v_1" reference="r_2"/>
	<constraint name="c_12" arity="2" scope="v_12 v_11" reference="r_2"/>
	<constraint name="c_13" arity="2" scope="v_15 v_2" reference="r_2"/>
	<constraint name="c_14" arity="2" scope="v_15 v_14" reference="r_2"/>
	<constraint name="c_15" arity="2" scope="v_16 v_13" reference="r_2"/>
	<constraint name="c_16" arity="2" scope="v_16 v_14" reference="r_2"/>
	<constraint name="c_17" arity="2" scope="v_16 v_15" reference="r_2"/>
	<constraint name="c_18" arity="2" scope="v_17 v_3" reference="r_2"/>
	<constraint name="c_19" arity="2" scope="v_18 v_3" reference="r_2"/>
	<constraint name="c_20" arity="2" scope="v_18 v_13" reference="r_2"/>
	<constraint name="c_21" arity="2" scope="v_19 v_3" reference="r_2"/>
	<constraint name="c_22" arity="2" scope="v_20 v_3" reference="r_2"/>
	<constraint name="c_23" arity="2" scope="v_20 v_17" reference="r_2"/>
	<constraint name="c_24" arity="2" scope="v_21 v_4" reference="r_2"/>
	<constraint name="c_25" arity="2" scope="v_21 v_17" reference="r_2"/>
	<constraint name="c_26" arity="2" scope="v_22 v_21" reference="r_2"/>
	<constraint name="c_27" arity="2" scope="v_23 v_4" reference="r_2"/>
	<constraint name="c_28" arity="2" scope="v_23 v_21" reference="r_2"/>
	<constraint name="c_29" arity="2" scope="v_24 v_22" reference="r_2"/>
</constraints>
</instance>
