instance.no,param,algorithm,decomposition,PD.NCCCs,PD.smt,PD.wct,PS.NCCCs,PS.nbInMsg,PS.nbOutMsg,PS.smt,PS.wct,cost
0,1.0,afb,psv,1,1.0,afb,psv,69760,24515,28934,NA,NA,NA,NA,NA,OOM
2,1.0,afb,psv,66220,23382,20610,NA,NA,NA,NA,NA,OOM
3,1.0,afb,psv,66000,21469,22228,NA,NA,NA,NA,NA,OOM
4,1.0,afb,psv,63210,22521,24920,NA,NA,NA,NA,NA,OOM
5,1.0,afb,psv,66920,19827,25712,NA,NA,NA,NA,NA,OOM
6,1.0,afb,psv,66580,21100,27794,NA,NA,NA,NA,NA,OOM
7,1.0,afb,psv,8,1.0,afb,psv,57280,21960,21863,NA,NA,NA,NA,NA,OOM
9,1.0,afb,psv,65520,23015,26093,NA,NA,NA,NA,NA,OOM
10,1.0,afb,psv,63200,21457,22396,NA,NA,NA,NA,NA,OOM
11,1.0,afb,psv,66000,21449,28074,NA,NA,NA,NA,NA,OOM
12,1.0,afb,psv,68680,25406,28174,NA,NA,NA,NA,NA,OOM
13,1.0,afb,psv,65610,18250,24813,NA,NA,NA,NA,NA,OOM
14,1.0,afb,psv,65230,20979,21988,NA,NA,NA,NA,NA,OOM
15,1.0,afb,psv,16,1.0,afb,psv,67190,21985,25133,NA,NA,NA,NA,NA,OOM
17,1.0,afb,psv,65720,20064,28140,NA,NA,NA,NA,NA,OOM
18,1.0,afb,psv,68148,27213,34851,NA,NA,NA,NA,NA,OOM
19,1.0,afb,psv,61380,24112,19114,NA,NA,NA,NA,NA,OOM
20,1.0,afb,psv,65480,22701,18353,NA,NA,NA,NA,NA,OOM
21,1.0,afb,psv,67060,21511,24901,NA,NA,NA,NA,NA,OOM
22,1.0,afb,psv,67160,22051,23039,NA,NA,NA,NA,NA,OOM
23,1.0,afb,psv,65640,21074,22901,NA,NA,NA,NA,NA,OOM
24,1.0,afb,psv,67930,21567,32176,NA,NA,NA,NA,NA,OOM
25,1.0,afb,psv,66080,24198,18831,NA,NA,NA,NA,NA,OOM
26,1.0,afb,psv,27,1.0,afb,psv,70440,23780,26610,NA,NA,NA,NA,NA,OOM
28,1.0,afb,psv,70170,22157,18335,NA,NA,NA,NA,NA,OOM
29,1.0,afb,psv,