instance.no,param,algorithm,decomposition,PD.NCCCs,PD.smt,PD.wct,PS.NCCCs,PS.nbInMsg,PS.nbOutMsg,PS.smt,PS.wct,cost
0,0.6,dgibbs,psv,37755686,11927,19278,0,0,1525,93,19374,UNSAT
1,0.6,dgibbs,psv,44046883,14974,23411,606,0,1525,126,23540,UNSAT
2,0.6,dgibbs,psv,38542189,14198,20834,1611,0,1321,206,21043,UNSAT
3,0.6,dgibbs,psv,4,0.6,dgibbs,psv,5,0.6,dgibbs,psv,6,0.6,dgibbs,psv,7,0.6,dgibbs,psv,8,0.6,dgibbs,psv,38804360,13672,17237,1605,0,1322,149,17415,UNSAT
9,0.6,dgibbs,psv,44833571,15832,20248,2210,0,1321,234,20486,UNSAT
10,0.6,dgibbs,psv,11,0.6,dgibbs,psv,44047466,13142,20351,2620,0,1525,307,20662,235
12,0.6,dgibbs,psv,13,0.6,dgibbs,psv,44833683,15775,17807,1992,0,1321,267,18078,UNSAT
14,0.6,dgibbs,psv,38542253,16104,23745,0,0,1525,158,23908,UNSAT
15,0.6,dgibbs,psv,16,0.6,dgibbs,psv,17,0.6,dgibbs,psv,18,0.6,dgibbs,psv,38280100,21021,32955,2394,0,1525,225,33183,UNSAT
19,0.6,dgibbs,psv,32250286,11817,18147,2014,0,1117,183,18333,UNSAT
20,0.6,dgibbs,psv,51124762,17411,22601,2615,0,1525,295,22901,UNSAT
21,0.6,dgibbs,psv,50338252,15043,21919,0,0,1321,115,22038,UNSAT
22,0.6,dgibbs,psv,38279446,12671,19777,2394,0,1525,283,20063,UNSAT
23,0.6,dgibbs,psv,24,0.6,dgibbs,psv,25,0.6,dgibbs,psv,37755407,12834,21191,404,0,1525,198,21392,UNSAT
26,0.6,dgibbs,psv,44047147,16191,25487,2593,0,1525,254,25743,UNSAT
27,0.6,dgibbs,psv,57154668,22890,25192,1004,0,1321,192,25389,UNSAT
28,0.6,dgibbs,psv,68720,20304,21432,NA,NA,NA,NA,NA,OOM
29,0.6,dgibbs,psv,44046886,14118,23163,0,0,1525,113,23279,UNSAT
