instance.no,param,algorithm,decomposition,PD.NCCCs,PD.smt,PD.wct,PS.NCCCs,PS.nbInMsg,PS.nbOutMsg,PS.smt,PS.wct,cost
0,0.6,dgibbs,mva-lazy,8,0,0,1122,0,1525,2,5,UNSAT
1,0.6,dgibbs,mva-lazy,6,0,0,3112,0,1525,2,5,UNSAT
2,0.6,dgibbs,mva-lazy,20,0,0,3231,0,1321,2,4,UNSAT
3,0.6,dgibbs,mva-lazy,13,0,0,659,0,1322,1,3,UNSAT
4,0.6,dgibbs,mva-lazy,12,0,0,2892,0,1322,5,10,UNSAT
5,0.6,dgibbs,mva-lazy,5,0,0,3448,0,1525,2,5,163
6,0.6,dgibbs,mva-lazy,4,0,0,1232,0,1525,2,4,UNSAT
7,0.6,dgibbs,mva-lazy,5,0,0,222,0,1525,1,4,UNSAT
8,0.6,dgibbs,mva-lazy,15,0,0,1614,0,1322,1,4,UNSAT
9,0.6,dgibbs,mva-lazy,10,0,0,1214,0,1321,1,4,UNSAT
10,0.6,dgibbs,mva-lazy,12,0,0,805,0,1525,3,6,UNSAT
11,0.6,dgibbs,mva-lazy,7,0,0,3933,0,1525,1,4,UNSAT
12,0.6,dgibbs,mva-lazy,20,0,0,989,0,1525,2,5,UNSAT
13,0.6,dgibbs,mva-lazy,12,0,0,2717,0,1321,2,4,UNSAT
14,0.6,dgibbs,mva-lazy,9,0,0,2473,0,1525,2,5,UNSAT
15,0.6,dgibbs,mva-lazy,13,0,0,713,0,1525,2,5,UNSAT
16,0.6,dgibbs,mva-lazy,16,0,0,3204,0,1525,6,10,UNSAT
17,0.6,dgibbs,mva-lazy,20,0,0,1474,0,1525,1,3,UNSAT
18,0.6,dgibbs,mva-lazy,19,0,0,2867,0,1525,2,4,UNSAT
19,0.6,dgibbs,mva-lazy,14,0,0,2574,0,1117,1,4,149
20,0.6,dgibbs,mva-lazy,9,0,0,409,0,1525,2,5,UNSAT
21,0.6,dgibbs,mva-lazy,7,0,0,3602,0,1321,2,5,UNSAT
22,0.6,dgibbs,mva-lazy,20,0,0,1661,0,1525,2,5,UNSAT
23,0.6,dgibbs,mva-lazy,16,0,0,2901,0,1525,5,9,UNSAT
24,0.6,dgibbs,mva-lazy,4,0,0,764,0,1525,3,6,UNSAT
25,0.6,dgibbs,mva-lazy,12,0,0,1856,0,1525,2,5,UNSAT
26,0.6,dgibbs,mva-lazy,7,0,0,2123,0,1525,2,5,UNSAT
27,0.6,dgibbs,mva-lazy,24,0,0,1169,0,1321,2,4,UNSAT
28,0.6,dgibbs,mva-lazy,5,0,0,1283,0,1321,3,6,UNSAT
29,0.6,dgibbs,mva-lazy,9,0,0,126,0,1525,2,5,UNSAT
