instance.no,param,algorithm,decomposition,PD.NCCCs,PD.smt,PD.wct,PS.NCCCs,PS.nbInMsg,PS.nbOutMsg,PS.smt,PS.wct,cost
0,0.8,dgibbs,mva-eager,6,0,0,608,0,1525,5,9,UNSAT
1,0.8,dgibbs,mva-eager,6,0,0,506,0,1321,1,4,UNSAT
2,0.8,dgibbs,mva-eager,5,0,0,926,0,1525,2,5,UNSAT
3,0.8,dgibbs,mva-eager,6,0,0,2066,0,1525,5,10,UNSAT
4,0.8,dgibbs,mva-eager,4,0,0,1807,0,1321,2,5,UNSAT
5,0.8,dgibbs,mva-eager,1,0,0,176,0,1525,1,4,UNSAT
6,0.8,dgibbs,mva-eager,4,0,0,401,0,1321,2,5,UNSAT
7,0.8,dgibbs,mva-eager,12,0,0,650,0,1321,1,4,UNSAT
8,0.8,dgibbs,mva-eager,3,0,0,1191,0,1321,1,4,UNSAT
9,0.8,dgibbs,mva-eager,21,0,0,1837,0,1525,3,6,UNSAT
10,0.8,dgibbs,mva-eager,19,0,0,625,0,1525,5,11,UNSAT
11,0.8,dgibbs,mva-eager,4,0,0,2572,0,1525,2,6,UNSAT
12,0.8,dgibbs,mva-eager,26,0,0,1124,0,1525,2,5,UNSAT
13,0.8,dgibbs,mva-eager,5,0,0,876,0,1321,3,6,UNSAT
14,0.8,dgibbs,mva-eager,4,0,0,1148,0,1525,2,5,UNSAT
15,0.8,dgibbs,mva-eager,4,0,0,2841,0,1525,2,5,UNSAT
16,0.8,dgibbs,mva-eager,6,0,0,1057,0,1525,1,4,UNSAT
17,0.8,dgibbs,mva-eager,0,0,0,0,0,1525,2,5,UNSAT
18,0.8,dgibbs,mva-eager,0,0,0,0,0,1525,2,5,UNSAT
19,0.8,dgibbs,mva-eager,2,0,0,1319,0,1525,2,5,UNSAT
20,0.8,dgibbs,mva-eager,2,0,0,644,0,1525,1,4,UNSAT
21,0.8,dgibbs,mva-eager,3,0,0,377,0,1525,1,4,UNSAT
22,0.8,dgibbs,mva-eager,3,0,0,395,0,1525,1,4,UNSAT
23,0.8,dgibbs,mva-eager,5,0,0,3780,0,1525,2,5,UNSAT
24,0.8,dgibbs,mva-eager,0,0,0,868,0,1525,2,5,UNSAT
25,0.8,dgibbs,mva-eager,9,0,0,614,0,1321,2,5,UNSAT
26,0.8,dgibbs,mva-eager,5,0,0,1126,0,1525,2,5,UNSAT
27,0.8,dgibbs,mva-eager,23,0,0,2264,0,1321,2,5,UNSAT
28,0.8,dgibbs,mva-eager,18,0,0,791,0,1525,2,5,UNSAT
29,0.8,dgibbs,mva-eager,17,0,0,690,0,1525,1,4,UNSAT
