instance.no,param,algorithm,decomposition,PD.NCCCs,PD.smt,PD.wct,PS.NCCCs,PS.nbInMsg,PS.nbOutMsg,PS.smt,PS.wct,cost
0,0.2,dgibbs,psv,12590148,4810,7230,805,0,914,172,7454,UNSAT
1,0.2,dgibbs,psv,2,0.2,dgibbs,psv,3,0.2,dgibbs,psv,12589696,3544,5286,407,0,913,117,5405,UNSAT
4,0.2,dgibbs,psv,5,0.2,dgibbs,psv,6,0.2,dgibbs,psv,12589991,4878,7324,805,0,914,96,7473,UNSAT
7,0.2,dgibbs,psv,12589867,4298,6473,802,0,914,107,6608,UNSAT
8,0.2,dgibbs,psv,6298478,1932,3869,404,0,305,71,3942,UNSAT
9,0.2,dgibbs,psv,12590148,4866,7311,1007,0,913,206,7519,UNSAT
10,0.2,dgibbs,psv,12589655,4156,6241,1010,0,913,158,6401,UNSAT
11,0.2,dgibbs,psv,12,0.2,dgibbs,psv,18881314,5127,5140,804,0,914,194,5369,UNSAT
13,0.2,dgibbs,psv,12589753,3950,5939,1007,0,913,194,6137,UNSAT
14,0.2,dgibbs,psv,15,0.2,dgibbs,psv,12590140,3914,5875,1007,0,913,202,6079,UNSAT
16,0.2,dgibbs,psv,12590216,3820,5724,202,0,914,121,5871,UNSAT
17,0.2,dgibbs,psv,12590054,3727,5594,1007,0,913,161,5759,UNSAT
18,0.2,dgibbs,psv,12590366,3309,4962,407,0,913,120,5084,UNSAT
19,0.2,dgibbs,psv,18881072,5014,5024,808,0,914,122,5182,UNSAT
20,0.2,dgibbs,psv,12590059,4429,6656,1010,0,913,167,6826,UNSAT
21,0.2,dgibbs,psv,22,0.2,dgibbs,psv,12590263,3420,5104,808,0,914,173,5311,UNSAT
23,0.2,dgibbs,psv,24,0.2,dgibbs,psv,12590390,3912,5867,205,0,914,90,5990,UNSAT
25,0.2,dgibbs,psv,12589638,3567,7141,603,0,1117,148,7291,UNSAT
26,0.2,dgibbs,psv,27,0.2,dgibbs,psv,18881126,6380,6393,804,0,914,144,6581,UNSAT
28,0.2,dgibbs,psv,29,0.2,dgibbs,psv,18881114,6207,6220,794,0,914,151,6422,UNSAT
