instance.no,param,algorithm,decomposition,PD.NCCCs,PD.smt,PD.wct,PS.NCCCs,PS.nbInMsg,PS.nbOutMsg,PS.smt,PS.wct,cost
0,0.6,dgibbs,mva-eager,15,0,0,1532,0,1525,4,7,UNSAT
1,0.6,dgibbs,mva-eager,5,0,0,1837,0,1525,2,6,UNSAT
2,0.6,dgibbs,mva-eager,7,0,0,3048,0,1321,2,5,UNSAT
3,0.6,dgibbs,mva-eager,4,0,0,833,0,1322,2,6,UNSAT
4,0.6,dgibbs,mva-eager,4,0,0,254,0,1322,1,4,UNSAT
5,0.6,dgibbs,mva-eager,11,0,0,1460,0,1525,2,5,UNSAT
6,0.6,dgibbs,mva-eager,11,0,0,383,0,1525,2,5,UNSAT
7,0.6,dgibbs,mva-eager,0,0,0,3335,0,1525,2,6,UNSAT
8,0.6,dgibbs,mva-eager,8,0,0,1103,0,1322,1,4,UNSAT
9,0.6,dgibbs,mva-eager,9,0,0,2914,0,1321,2,4,UNSAT
10,0.6,dgibbs,mva-eager,5,0,0,298,0,1525,2,4,UNSAT
11,0.6,dgibbs,mva-eager,21,0,0,1790,0,1525,1,4,UNSAT
12,0.6,dgibbs,mva-eager,7,0,0,830,0,1525,1,4,UNSAT
13,0.6,dgibbs,mva-eager,12,0,0,2935,0,1321,2,4,UNSAT
14,0.6,dgibbs,mva-eager,2,0,0,2357,0,1525,2,4,UNSAT
15,0.6,dgibbs,mva-eager,19,0,0,1900,0,1525,2,5,UNSAT
16,0.6,dgibbs,mva-eager,4,0,0,4079,0,1525,3,6,UNSAT
17,0.6,dgibbs,mva-eager,9,0,0,1986,0,1525,2,5,UNSAT
18,0.6,dgibbs,mva-eager,6,0,0,3051,0,1525,5,9,UNSAT
19,0.6,dgibbs,mva-eager,15,0,0,2593,0,1117,2,4,156
20,0.6,dgibbs,mva-eager,12,0,0,3824,0,1525,5,9,UNSAT
21,0.6,dgibbs,mva-eager,6,0,0,1742,0,1321,2,4,UNSAT
22,0.6,dgibbs,mva-eager,16,0,0,1431,0,1525,2,5,UNSAT
23,0.6,dgibbs,mva-eager,14,0,0,2890,0,1525,3,7,UNSAT
24,0.6,dgibbs,mva-eager,7,0,0,2488,0,1525,2,4,186
25,0.6,dgibbs,mva-eager,4,0,0,1201,0,1525,3,6,UNSAT
26,0.6,dgibbs,mva-eager,18,0,0,1560,0,1525,4,9,UNSAT
27,0.6,dgibbs,mva-eager,13,0,0,3866,0,1321,2,5,UNSAT
28,0.6,dgibbs,mva-eager,8,0,0,1188,0,1321,1,4,UNSAT
29,0.6,dgibbs,mva-eager,0,0,0,1162,0,1525,1,4,UNSAT
