instance.no,param,algorithm,decomposition,PD.NCCCs,PD.smt,PD.wct,PS.NCCCs,PS.nbInMsg,PS.nbOutMsg,PS.smt,PS.wct,cost
0,0.2,dgibbs,mva-lazy,16,0,0,1953,0,914,1,4,UNSAT
1,0.2,dgibbs,mva-lazy,11,0,0,1192,0,1117,1,3,UNSAT
2,0.2,dgibbs,mva-lazy,15,0,0,2245,0,1118,1,4,UNSAT
3,0.2,dgibbs,mva-lazy,14,0,0,2783,0,913,2,4,UNSAT
4,0.2,dgibbs,mva-lazy,9,0,0,1625,0,1118,1,3,UNSAT
5,0.2,dgibbs,mva-lazy,7,0,0,2629,0,1118,1,4,UNSAT
6,0.2,dgibbs,mva-lazy,5,0,0,1940,0,914,1,4,UNSAT
7,0.2,dgibbs,mva-lazy,16,0,0,1042,0,914,1,3,UNSAT
8,0.2,dgibbs,mva-lazy,16,0,0,1015,0,305,0,2,UNSAT
9,0.2,dgibbs,mva-lazy,5,0,0,1435,0,913,1,3,UNSAT
10,0.2,dgibbs,mva-lazy,9,0,0,3285,0,913,3,5,UNSAT
11,0.2,dgibbs,mva-lazy,14,0,0,2403,0,1117,2,4,UNSAT
12,0.2,dgibbs,mva-lazy,15,0,0,2254,0,914,1,4,UNSAT
13,0.2,dgibbs,mva-lazy,13,0,0,2913,0,913,2,4,UNSAT
14,0.2,dgibbs,mva-lazy,16,0,0,1732,0,1118,1,3,UNSAT
15,0.2,dgibbs,mva-lazy,9,0,0,3160,0,913,1,3,UNSAT
16,0.2,dgibbs,mva-lazy,13,0,0,2381,0,914,1,3,UNSAT
17,0.2,dgibbs,mva-lazy,13,0,0,2721,0,913,2,4,UNSAT
18,0.2,dgibbs,mva-lazy,17,0,0,3212,0,913,2,4,UNSAT
19,0.2,dgibbs,mva-lazy,21,0,0,2093,0,914,1,3,UNSAT
20,0.2,dgibbs,mva-lazy,13,0,0,3367,0,913,3,5,UNSAT
21,0.2,dgibbs,mva-lazy,2,0,0,1511,0,1118,1,4,UNSAT
22,0.2,dgibbs,mva-lazy,1,0,0,1832,0,914,1,4,UNSAT
23,0.2,dgibbs,mva-lazy,1,0,0,1430,0,1117,1,4,UNSAT
24,0.2,dgibbs,mva-lazy,22,0,0,3484,0,914,3,6,UNSAT
25,0.2,dgibbs,mva-lazy,16,0,0,2716,0,1117,3,5,UNSAT
26,0.2,dgibbs,mva-lazy,6,0,0,2339,0,1118,4,9,UNSAT
27,0.2,dgibbs,mva-lazy,23,0,0,2509,0,914,1,4,UNSAT
28,0.2,dgibbs,mva-lazy,11,0,0,1911,0,1118,4,11,38
29,0.2,dgibbs,mva-lazy,15,0,0,1891,0,914,1,4,UNSAT
