instance.no,param,algorithm,decomposition,PD.NCCCs,PD.smt,PD.wct,PS.NCCCs,PS.nbInMsg,PS.nbOutMsg,PS.smt,PS.wct,cost
0,0.4,dgibbs,mva-eager,13,0,0,1822,0,1322,1,4,UNSAT
1,0.4,dgibbs,mva-eager,4,0,0,2562,0,1321,2,5,UNSAT
2,0.4,dgibbs,mva-eager,10,0,0,2774,0,1117,1,4,UNSAT
3,0.4,dgibbs,mva-eager,4,0,0,1061,0,1117,2,5,UNSAT
4,0.4,dgibbs,mva-eager,5,0,0,2703,0,1118,5,10,UNSAT
5,0.4,dgibbs,mva-eager,11,0,0,1133,0,1321,2,5,UNSAT
6,0.4,dgibbs,mva-eager,13,0,0,2771,0,1321,2,4,UNSAT
7,0.4,dgibbs,mva-eager,11,0,0,1121,0,1118,3,9,UNSAT
8,0.4,dgibbs,mva-eager,17,0,0,3326,0,1321,1,3,UNSAT
9,0.4,dgibbs,mva-eager,12,0,0,2846,0,1117,1,3,UNSAT
10,0.4,dgibbs,mva-eager,7,0,0,1645,0,1118,1,4,UNSAT
11,0.4,dgibbs,mva-eager,7,0,0,1737,0,1525,2,5,UNSAT
12,0.4,dgibbs,mva-eager,8,0,0,2905,0,1321,4,8,UNSAT
13,0.4,dgibbs,mva-eager,10,0,0,1627,0,1118,1,4,UNSAT
14,0.4,dgibbs,mva-eager,14,0,0,3041,0,1118,1,5,UNSAT
15,0.4,dgibbs,mva-eager,4,0,0,1748,0,1321,2,5,UNSAT
16,0.4,dgibbs,mva-eager,8,0,0,2717,0,1321,2,5,UNSAT
17,0.4,dgibbs,mva-eager,8,0,0,1125,0,1525,5,10,UNSAT
18,0.4,dgibbs,mva-eager,16,0,0,2530,0,1321,5,8,UNSAT
19,0.4,dgibbs,mva-eager,17,0,0,2751,0,1321,1,3,UNSAT
20,0.4,dgibbs,mva-eager,13,0,0,1517,0,1117,2,4,84
21,0.4,dgibbs,mva-eager,10,0,0,3287,0,1321,1,4,137
22,0.4,dgibbs,mva-eager,4,0,0,2878,0,1321,2,4,UNSAT
23,0.4,dgibbs,mva-eager,13,0,0,742,0,1321,2,4,UNSAT
24,0.4,dgibbs,mva-eager,15,0,0,1967,0,1322,1,4,UNSAT
25,0.4,dgibbs,mva-eager,7,0,0,2561,0,1525,3,6,UNSAT
26,0.4,dgibbs,mva-eager,10,0,0,3043,0,1321,2,4,UNSAT
27,0.4,dgibbs,mva-eager,11,0,0,2138,0,1118,1,4,UNSAT
28,0.4,dgibbs,mva-eager,13,0,0,3386,0,1118,1,4,UNSAT
29,0.4,dgibbs,mva-eager,13,0,0,2761,0,1117,2,5,UNSAT
