instance.no,param,algorithm,decomposition,PD.NCCCs,PD.smt,PD.wct,PS.NCCCs,PS.nbInMsg,PS.nbOutMsg,PS.smt,PS.wct,cost
0,0.2,dgibbs,mva-eager,8,0,0,1842,0,914,2,5,UNSAT
1,0.2,dgibbs,mva-eager,9,0,0,1457,0,1117,1,3,UNSAT
2,0.2,dgibbs,mva-eager,5,0,0,2338,0,1118,1,4,UNSAT
3,0.2,dgibbs,mva-eager,25,0,0,3313,0,913,6,8,UNSAT
4,0.2,dgibbs,mva-eager,2,0,0,1666,0,1118,1,5,UNSAT
5,0.2,dgibbs,mva-eager,10,0,0,2410,0,1118,1,4,UNSAT
6,0.2,dgibbs,mva-eager,11,0,0,2057,0,914,1,3,UNSAT
7,0.2,dgibbs,mva-eager,18,0,0,893,0,914,1,3,UNSAT
8,0.2,dgibbs,mva-eager,5,0,0,1270,0,305,1,2,UNSAT
9,0.2,dgibbs,mva-eager,7,0,0,2591,0,913,2,4,UNSAT
10,0.2,dgibbs,mva-eager,16,0,0,3416,0,913,2,4,UNSAT
11,0.2,dgibbs,mva-eager,14,0,0,2527,0,1117,2,5,UNSAT
12,0.2,dgibbs,mva-eager,15,0,0,2535,0,914,2,4,UNSAT
13,0.2,dgibbs,mva-eager,15,0,0,3041,0,913,1,3,UNSAT
14,0.2,dgibbs,mva-eager,20,0,0,1499,0,1118,1,4,UNSAT
15,0.2,dgibbs,mva-eager,11,0,0,3255,0,913,2,5,UNSAT
16,0.2,dgibbs,mva-eager,13,0,0,2896,0,914,1,4,UNSAT
17,0.2,dgibbs,mva-eager,2,0,0,1153,0,913,5,9,UNSAT
18,0.2,dgibbs,mva-eager,15,0,0,3211,0,913,6,9,UNSAT
19,0.2,dgibbs,mva-eager,11,0,0,2056,0,914,1,3,UNSAT
20,0.2,dgibbs,mva-eager,23,0,0,3423,0,913,2,4,UNSAT
21,0.2,dgibbs,mva-eager,19,0,0,1454,0,1118,1,4,UNSAT
22,0.2,dgibbs,mva-eager,12,0,0,1737,0,914,1,4,UNSAT
23,0.2,dgibbs,mva-eager,18,0,0,986,0,1117,1,3,UNSAT
24,0.2,dgibbs,mva-eager,15,0,0,3260,0,914,2,5,UNSAT
25,0.2,dgibbs,mva-eager,13,0,0,2224,0,1117,2,5,UNSAT
26,0.2,dgibbs,mva-eager,9,0,0,2458,0,1118,1,3,UNSAT
27,0.2,dgibbs,mva-eager,9,0,0,2755,0,914,1,4,UNSAT
28,0.2,dgibbs,mva-eager,14,0,0,1638,0,1118,1,4,UNSAT
29,0.2,dgibbs,mva-eager,1,0,0,1872,0,914,1,4,UNSAT
