instance.no,param,algorithm,decomposition,PD.NCCCs,PD.smt,PD.wct,PS.NCCCs,PS.nbInMsg,PS.nbOutMsg,PS.smt,PS.wct,cost
0,1.0,dgibbs,psv,1,1.0,dgibbs,psv,69760,24683,29088,NA,NA,NA,NA,NA,OOM
2,1.0,dgibbs,psv,66220,23262,20580,NA,NA,NA,NA,NA,OOM
3,1.0,dgibbs,psv,66000,21577,22313,NA,NA,NA,NA,NA,OOM
4,1.0,dgibbs,psv,63210,22568,25026,NA,NA,NA,NA,NA,OOM
5,1.0,dgibbs,psv,66920,19883,25770,NA,NA,NA,NA,NA,OOM
6,1.0,dgibbs,psv,66580,21172,27879,NA,NA,NA,NA,NA,OOM
7,1.0,dgibbs,psv,8,1.0,dgibbs,psv,57280,22130,21977,NA,NA,NA,NA,NA,OOM
9,1.0,dgibbs,psv,65520,22957,26076,NA,NA,NA,NA,NA,OOM
10,1.0,dgibbs,psv,63200,21564,22493,NA,NA,NA,NA,NA,OOM
11,1.0,dgibbs,psv,66000,21398,27997,NA,NA,NA,NA,NA,OOM
12,1.0,dgibbs,psv,68680,25441,28195,NA,NA,NA,NA,NA,OOM
13,1.0,dgibbs,psv,65610,18401,25016,NA,NA,NA,NA,NA,OOM
14,1.0,dgibbs,psv,65230,21070,22082,NA,NA,NA,NA,NA,OOM
15,1.0,dgibbs,psv,16,1.0,dgibbs,psv,67190,21970,25158,NA,NA,NA,NA,NA,OOM
17,1.0,dgibbs,psv,65720,20060,28137,NA,NA,NA,NA,NA,OOM
18,1.0,dgibbs,psv,68148,27183,34829,NA,NA,NA,NA,NA,OOM
19,1.0,dgibbs,psv,61380,24231,19153,NA,NA,NA,NA,NA,OOM
20,1.0,dgibbs,psv,65480,22702,18360,NA,NA,NA,NA,NA,OOM
21,1.0,dgibbs,psv,67060,21569,24990,NA,NA,NA,NA,NA,OOM
22,1.0,dgibbs,psv,67160,22043,23022,NA,NA,NA,NA,NA,OOM
23,1.0,dgibbs,psv,65640,21221,23057,NA,NA,NA,NA,NA,OOM
24,1.0,dgibbs,psv,67930,21688,32296,NA,NA,NA,NA,NA,OOM
25,1.0,dgibbs,psv,66080,24288,18850,NA,NA,NA,NA,NA,OOM
26,1.0,dgibbs,psv,27,1.0,dgibbs,psv,70440,23937,26776,NA,NA,NA,NA,NA,OOM
28,1.0,dgibbs,psv,70170,22249,18440,NA,NA,NA,NA,NA,OOM
29,1.0,dgibbs,psv,