instance.no,param,algorithm,decomposition,PD.NCCCs,PD.smt,PD.wct,PS.NCCCs,PS.nbInMsg,PS.nbOutMsg,PS.smt,PS.wct,cost
0,1.0,dgibbs,mva-eager,0,0,0,0,0,1525,2,5,UNSAT
1,1.0,dgibbs,mva-eager,0,0,0,0,0,1525,2,5,UNSAT
2,1.0,dgibbs,mva-eager,0,0,0,0,0,1525,3,6,UNSAT
3,1.0,dgibbs,mva-eager,0,0,0,0,0,1525,1,4,UNSAT
4,1.0,dgibbs,mva-eager,0,0,0,0,0,1525,2,5,UNSAT
5,1.0,dgibbs,mva-eager,0,0,0,0,0,1525,2,5,UNSAT
6,1.0,dgibbs,mva-eager,0,0,0,0,0,1525,3,6,UNSAT
7,1.0,dgibbs,mva-eager,0,0,0,0,0,1525,2,4,UNSAT
8,1.0,dgibbs,mva-eager,0,0,0,0,0,1525,2,4,UNSAT
9,1.0,dgibbs,mva-eager,0,0,0,0,0,1525,2,6,UNSAT
10,1.0,dgibbs,mva-eager,0,0,0,0,0,1525,2,5,UNSAT
11,1.0,dgibbs,mva-eager,0,0,0,0,0,1525,4,7,UNSAT
12,1.0,dgibbs,mva-eager,0,0,0,1347,0,1525,4,8,UNSAT
13,1.0,dgibbs,mva-eager,0,0,0,0,0,1525,2,4,UNSAT
14,1.0,dgibbs,mva-eager,0,0,0,0,0,1525,2,5,UNSAT
15,1.0,dgibbs,mva-eager,0,0,0,0,0,1525,2,6,UNSAT
16,1.0,dgibbs,mva-eager,0,0,0,0,0,1525,1,4,UNSAT
17,1.0,dgibbs,mva-eager,0,0,0,1336,0,1525,3,6,UNSAT
18,1.0,dgibbs,mva-eager,48,0,0,2891,0,1525,2,5,UNSAT
19,1.0,dgibbs,mva-eager,30,0,0,4957,0,1525,3,6,UNSAT
20,1.0,dgibbs,mva-eager,0,0,0,0,0,1525,3,7,UNSAT
21,1.0,dgibbs,mva-eager,0,0,0,0,0,1525,3,7,UNSAT
22,1.0,dgibbs,mva-eager,0,0,0,0,0,1525,2,5,UNSAT
23,1.0,dgibbs,mva-eager,0,0,0,0,0,1525,5,12,UNSAT
24,1.0,dgibbs,mva-eager,0,0,0,0,0,1525,3,6,UNSAT
25,1.0,dgibbs,mva-eager,0,0,0,0,0,1525,2,5,UNSAT
26,1.0,dgibbs,mva-eager,0,0,0,0,0,1525,2,5,UNSAT
27,1.0,dgibbs,mva-eager,0,0,0,0,0,1525,2,5,UNSAT
28,1.0,dgibbs,mva-eager,0,0,0,0,0,1525,2,5,UNSAT
29,1.0,dgibbs,mva-eager,0,0,0,0,0,1525,3,6,UNSAT
