instance.no,param,algorithm,decomposition,PD.NCCCs,PD.smt,PD.wct,PS.NCCCs,PS.nbInMsg,PS.nbOutMsg,PS.smt,PS.wct,cost
0,0.8,dgibbs,mva-lazy,0,0,0,0,0,1525,3,7,UNSAT
1,0.8,dgibbs,mva-lazy,4,0,0,770,0,1321,1,4,UNSAT
2,0.8,dgibbs,mva-lazy,7,0,0,624,0,1525,2,5,UNSAT
3,0.8,dgibbs,mva-lazy,14,0,0,1640,0,1525,2,5,UNSAT
4,0.8,dgibbs,mva-lazy,6,0,0,3011,0,1321,3,7,UNSAT
5,0.8,dgibbs,mva-lazy,11,0,0,943,0,1525,2,6,UNSAT
6,0.8,dgibbs,mva-lazy,4,0,0,1460,0,1321,2,5,UNSAT
7,0.8,dgibbs,mva-lazy,11,0,0,0,0,1321,1,4,UNSAT
8,0.8,dgibbs,mva-lazy,10,0,0,1051,0,1321,1,4,UNSAT
9,0.8,dgibbs,mva-lazy,6,0,0,831,0,1525,2,5,UNSAT
10,0.8,dgibbs,mva-lazy,14,0,0,2965,0,1525,2,6,UNSAT
11,0.8,dgibbs,mva-lazy,3,0,0,252,0,1525,4,9,UNSAT
12,0.8,dgibbs,mva-lazy,2,0,0,404,0,1525,2,5,UNSAT
13,0.8,dgibbs,mva-lazy,16,0,0,503,0,1321,1,4,UNSAT
14,0.8,dgibbs,mva-lazy,11,0,0,969,0,1525,2,6,UNSAT
15,0.8,dgibbs,mva-lazy,12,0,0,1315,0,1525,1,4,UNSAT
16,0.8,dgibbs,mva-lazy,3,0,0,543,0,1525,1,3,UNSAT
17,0.8,dgibbs,mva-lazy,15,0,0,721,0,1525,1,4,UNSAT
18,0.8,dgibbs,mva-lazy,3,0,0,682,0,1525,1,4,UNSAT
19,0.8,dgibbs,mva-lazy,3,0,0,357,0,1525,1,4,UNSAT
20,0.8,dgibbs,mva-lazy,4,0,0,794,0,1525,5,9,UNSAT
21,0.8,dgibbs,mva-lazy,7,0,0,1511,0,1525,2,5,UNSAT
22,0.8,dgibbs,mva-lazy,3,0,0,385,0,1525,3,6,UNSAT
23,0.8,dgibbs,mva-lazy,0,0,0,486,0,1525,1,4,UNSAT
24,0.8,dgibbs,mva-lazy,12,0,0,8,0,1525,1,4,UNSAT
25,0.8,dgibbs,mva-lazy,3,0,0,1243,0,1321,1,4,UNSAT
26,0.8,dgibbs,mva-lazy,6,0,0,554,0,1525,2,5,UNSAT
27,0.8,dgibbs,mva-lazy,6,0,0,1545,0,1321,2,5,UNSAT
28,0.8,dgibbs,mva-lazy,7,0,0,720,0,1525,2,5,UNSAT
29,0.8,dgibbs,mva-lazy,1,0,0,101,0,1525,2,5,UNSAT
