instance.no,param,algorithm,decomposition,PD.NCCCs,PD.smt,PD.wct,PS.NCCCs,PS.nbInMsg,PS.nbOutMsg,PS.smt,PS.wct,cost
0,0.8,dgibbs,psv,57416235,22520,35953,3225,0,1525,286,36243,UNSAT
1,0.8,dgibbs,psv,50862872,17910,29422,800,0,1321,174,29600,UNSAT
2,0.8,dgibbs,psv,57416380,20077,29588,3009,0,1525,218,29811,UNSAT
3,0.8,dgibbs,psv,50600456,17462,27579,1300,0,1525,162,27744,UNSAT
4,0.8,dgibbs,psv,68750,21333,12909,NA,NA,NA,NA,NA,OOM
5,0.8,dgibbs,psv,63480,19589,28024,NA,NA,NA,NA,NA,OOM
6,0.8,dgibbs,psv,57941049,23300,31015,7,0,1321,127,31147,UNSAT
7,0.8,dgibbs,psv,56629908,19747,31688,505,0,1321,109,31801,UNSAT
8,0.8,dgibbs,psv,9,0.8,dgibbs,psv,50993734,18379,27063,2813,0,1525,322,27390,UNSAT
10,0.8,dgibbs,psv,69030,19767,20452,NA,NA,NA,NA,NA,OOM
11,0.8,dgibbs,psv,12,0.8,dgibbs,psv,13,0.8,dgibbs,psv,66600,20938,17929,NA,NA,NA,NA,NA,OOM
14,0.8,dgibbs,psv,51124509,16992,27372,0,0,1525,122,27497,UNSAT
15,0.8,dgibbs,psv,50862874,17474,23564,1919,0,1525,156,23724,UNSAT
16,0.8,dgibbs,psv,72150,17482,31818,NA,NA,NA,NA,NA,OOM
17,0.8,dgibbs,psv,51386975,17887,29587,7,0,1525,156,29746,UNSAT
18,0.8,dgibbs,psv,57941175,21925,31521,0,0,1525,112,31636,UNSAT
19,0.8,dgibbs,psv,66860,20230,24439,NA,NA,NA,NA,NA,OOM
20,0.8,dgibbs,psv,57280,18331,24033,NA,NA,NA,NA,NA,OOM
21,0.8,dgibbs,psv,57153804,20087,28792,0,0,1525,126,28924,UNSAT
22,0.8,dgibbs,psv,69560,21563,26009,NA,NA,NA,NA,NA,OOM
23,0.8,dgibbs,psv,56629814,21202,34838,3425,0,1525,349,35190,UNSAT
24,0.8,dgibbs,psv,51125000,18496,26919,8,0,1525,109,27032,UNSAT
25,0.8,dgibbs,psv,52304393,18175,25828,6,0,1321,133,25963,UNSAT
26,0.8,dgibbs,psv,27,0.8,dgibbs,psv,28,0.8,dgibbs,psv,51911675,18665,27698,700,0,1525,143,27844,UNSAT
29,0.8,dgibbs,psv,51386720,18529,25549,612,0,1525,124,25677,UNSAT
