instance.no,param,algorithm,decomposition,PD.NCCCs,PD.smt,PD.wct,PS.NCCCs,PS.nbInMsg,PS.nbOutMsg,PS.smt,PS.wct,cost
0,1.0,dgibbs,mva-lazy,0,0,0,0,0,1525,3,6,UNSAT
1,1.0,dgibbs,mva-lazy,0,0,0,0,0,1525,2,5,UNSAT
2,1.0,dgibbs,mva-lazy,0,0,0,0,0,1525,2,5,UNSAT
3,1.0,dgibbs,mva-lazy,0,0,0,0,0,1525,1,5,UNSAT
4,1.0,dgibbs,mva-lazy,0,0,0,0,0,1525,2,5,UNSAT
5,1.0,dgibbs,mva-lazy,0,0,0,0,0,1525,2,5,UNSAT
6,1.0,dgibbs,mva-lazy,0,0,0,0,0,1525,2,5,UNSAT
7,1.0,dgibbs,mva-lazy,0,0,0,0,0,1525,3,7,UNSAT
8,1.0,dgibbs,mva-lazy,0,0,0,0,0,1525,1,4,UNSAT
9,1.0,dgibbs,mva-lazy,0,0,0,0,0,1525,2,5,UNSAT
10,1.0,dgibbs,mva-lazy,0,0,0,0,0,1525,2,5,UNSAT
11,1.0,dgibbs,mva-lazy,0,0,0,0,0,1525,2,5,UNSAT
12,1.0,dgibbs,mva-lazy,0,0,0,0,0,1525,3,5,UNSAT
13,1.0,dgibbs,mva-lazy,0,0,0,0,0,1525,3,6,UNSAT
14,1.0,dgibbs,mva-lazy,0,0,0,0,0,1525,2,5,UNSAT
15,1.0,dgibbs,mva-lazy,0,0,0,0,0,1525,3,6,UNSAT
16,1.0,dgibbs,mva-lazy,0,0,0,0,0,1525,4,7,UNSAT
17,1.0,dgibbs,mva-lazy,0,0,0,0,0,1525,3,6,UNSAT
18,1.0,dgibbs,mva-lazy,0,0,0,0,0,1525,2,5,UNSAT
19,1.0,dgibbs,mva-lazy,0,0,0,1028,0,1525,3,6,UNSAT
20,1.0,dgibbs,mva-lazy,0,0,0,0,0,1525,2,4,UNSAT
21,1.0,dgibbs,mva-lazy,0,0,0,0,0,1525,2,5,UNSAT
22,1.0,dgibbs,mva-lazy,0,0,0,0,0,1525,4,8,UNSAT
23,1.0,dgibbs,mva-lazy,0,0,0,0,0,1525,3,6,UNSAT
24,1.0,dgibbs,mva-lazy,0,0,0,0,0,1525,2,5,UNSAT
25,1.0,dgibbs,mva-lazy,0,0,0,0,0,1525,1,4,UNSAT
26,1.0,dgibbs,mva-lazy,34,0,0,13,0,1525,2,6,UNSAT
27,1.0,dgibbs,mva-lazy,0,0,0,0,0,1525,2,5,UNSAT
28,1.0,dgibbs,mva-lazy,0,0,0,0,0,1525,2,5,UNSAT
29,1.0,dgibbs,mva-lazy,0,0,0,0,0,1525,3,7,UNSAT
