instance.no,param,algorithm,decomposition,PD.NCCCs,PD.smt,PD.wct,PS.NCCCs,PS.nbInMsg,PS.nbOutMsg,PS.smt,PS.wct,cost
0,0.4,dgibbs,mva-lazy,4,0,0,1995,0,1322,2,6,UNSAT
1,0.4,dgibbs,mva-lazy,4,0,0,2042,0,1321,1,3,UNSAT
2,0.4,dgibbs,mva-lazy,7,0,0,2950,0,1117,2,4,UNSAT
3,0.4,dgibbs,mva-lazy,10,0,0,2536,0,1117,1,3,UNSAT
4,0.4,dgibbs,mva-lazy,18,0,0,2684,0,1118,1,3,UNSAT
5,0.4,dgibbs,mva-lazy,7,0,0,1687,0,1321,2,5,UNSAT
6,0.4,dgibbs,mva-lazy,16,0,0,2443,0,1321,1,4,UNSAT
7,0.4,dgibbs,mva-lazy,11,0,0,1197,0,1118,2,5,UNSAT
8,0.4,dgibbs,mva-lazy,18,0,0,4056,0,1321,1,4,UNSAT
9,0.4,dgibbs,mva-lazy,13,0,0,2928,0,1117,1,3,UNSAT
10,0.4,dgibbs,mva-lazy,6,0,0,1640,0,1118,1,3,UNSAT
11,0.4,dgibbs,mva-lazy,4,0,0,1777,0,1525,1,4,UNSAT
12,0.4,dgibbs,mva-lazy,12,0,0,2820,0,1321,1,3,UNSAT
13,0.4,dgibbs,mva-lazy,4,0,0,1929,0,1118,1,3,UNSAT
14,0.4,dgibbs,mva-lazy,11,0,0,2771,0,1118,1,3,UNSAT
15,0.4,dgibbs,mva-lazy,7,0,0,3342,0,1321,1,3,UNSAT
16,0.4,dgibbs,mva-lazy,10,0,0,2088,0,1321,2,4,UNSAT
17,0.4,dgibbs,mva-lazy,11,0,0,2139,0,1525,2,5,UNSAT
18,0.4,dgibbs,mva-lazy,17,0,0,2522,0,1321,2,5,UNSAT
19,0.4,dgibbs,mva-lazy,11,0,0,3129,0,1321,1,3,UNSAT
20,0.4,dgibbs,mva-lazy,4,0,0,2202,0,1117,5,9,84
21,0.4,dgibbs,mva-lazy,23,0,0,3071,0,1321,4,10,UNSAT
22,0.4,dgibbs,mva-lazy,19,0,0,2483,0,1321,2,4,UNSAT
23,0.4,dgibbs,mva-lazy,13,0,0,1852,0,1321,2,5,UNSAT
24,0.4,dgibbs,mva-lazy,14,0,0,1911,0,1322,1,4,UNSAT
25,0.4,dgibbs,mva-lazy,16,0,0,999,0,1525,2,6,UNSAT
26,0.4,dgibbs,mva-lazy,7,0,0,3024,0,1321,1,4,UNSAT
27,0.4,dgibbs,mva-lazy,18,0,0,2590,0,1118,1,3,UNSAT
28,0.4,dgibbs,mva-lazy,18,0,0,2001,0,1118,1,5,UNSAT
29,0.4,dgibbs,mva-lazy,9,0,0,3122,0,1117,2,4,121
