instance.no,param,algorithm,decomposition,PD.NCCCs,PD.smt,PD.wct,PS.NCCCs,PS.nbInMsg,PS.nbOutMsg,PS.smt,PS.wct,cost
0,0.2,dpop,mva-eager,1774,0,2,28,0,15,0,3,46
1,0.2,dpop,mva-eager,1274,0,1,60,0,17,0,2,49
2,0.2,dpop,mva-eager,1330,0,1,64,0,17,0,2,24
3,0.2,dpop,mva-eager,1524,0,1,48,0,15,0,2,43
4,0.2,dpop,mva-eager,1722,0,2,48,0,17,0,3,24
5,0.2,dpop,mva-eager,2830,1,3,64,0,17,0,4,24
6,0.2,dpop,mva-eager,3222,1,2,24,0,15,0,3,55
7,0.2,dpop,mva-eager,1797,0,1,28,0,15,0,2,29
8,0.2,dpop,mva-eager,3031,1,3,16,0,5,0,4,22
9,0.2,dpop,mva-eager,911,0,1,44,0,15,0,1,57
10,0.2,dpop,mva-eager,1830,1,2,40,0,15,0,3,56
11,0.2,dpop,mva-eager,1416,0,1,64,0,17,0,2,14
12,0.2,dpop,mva-eager,6357,1,3,32,0,15,0,4,25
13,0.2,dpop,mva-eager,2190,1,2,48,0,15,0,3,12
14,0.2,dpop,mva-eager,1168,0,1,64,0,17,0,2,27
15,0.2,dpop,mva-eager,965,0,1,36,0,15,0,2,60
16,0.2,dpop,mva-eager,1290,0,1,32,0,15,0,2,54
17,0.2,dpop,mva-eager,2436,0,1,48,0,15,0,2,40
18,0.2,dpop,mva-eager,2314,0,1,48,0,15,0,2,44
19,0.2,dpop,mva-eager,2034,2,5,28,0,15,0,6,94
20,0.2,dpop,mva-eager,7194,2,3,36,0,15,0,4,43
21,0.2,dpop,mva-eager,3072,1,1,64,0,17,0,2,47
22,0.2,dpop,mva-eager,939,0,1,32,0,15,0,2,20
23,0.2,dpop,mva-eager,977,0,1,76,0,17,0,2,46
24,0.2,dpop,mva-eager,1661,0,1,24,0,15,0,2,71
25,0.2,dpop,mva-eager,2647,0,1,60,0,17,0,2,82
26,0.2,dpop,mva-eager,941,0,1,64,0,17,0,2,36
27,0.2,dpop,mva-eager,1738,0,1,28,0,15,0,2,37
28,0.2,dpop,mva-eager,6530,2,4,64,0,17,0,4,21
29,0.2,dpop,mva-eager,6982,2,3,24,0,15,0,4,51
